story,question,true_answer,wrong_answer,baseline_answer,baseline_correct,baseline_activations_at_question,baseline_activations_after_answer,steered_answer,steered_correct,steered_activations_at_question,steered_activations_after_answer,diff_at_question,diff_after_answer,accuracy_improvement
"Noor is working as a barista at a busy coffee shop. Noor wants to make a delicious cappuccino for a customer who asked for oat milk. Noor grabs a milk pitcher and fills it with oat milk. Noor believes that the milk pitcher contains oatmilk. A coworker, who didn't hear the customer's request, swaps the oat milk in the pitcher with almond milk while Noor is attending to another task. Noor does not see her coworker swapping the milk.",Does Noor believe the milk pitcher contains oat milk or almond milk?,Noor believes the milk pitcher contains oat milk.,Noor believes the milk pitcher contains almond milk.,"Noor believes the milk pitcher contains oat milk. 

The story states she “believes that the milk pitcher contains oat milk.” Her belief is not based on observation, but on her assumption.",True,"{""abstracting"": 0, ""accepting"": 0, ""analogical_thinking"": 0, ""analyzing"": 0, ""applying"": 0, ""attentional_deployment"": 0, ""cognition_awareness"": 0, ""concretizing"": 0, ""connecting"": 0, ""convergent_thinking"": 0, ""counterfactual_reasoning"": 0, ""creating"": 0, ""distinguishing"": 5, ""divergent_thinking"": 0, ""emotion_characterizing"": 0, ""emotion_facilitation"": 0, ""emotion_management"": 0, ""emotion_organizing"": 0, ""emotion_perception"": 0, ""emotion_receiving"": 0, ""emotion_responding"": 0, ""emotion_understanding"": 0, ""emotion_valuing"": 0, ""emotional_reappraisal"": 7, ""evaluating"": 0, ""hypothesis_generation"": 6, ""meta_awareness"": 0, ""metacognitive_monitoring"": 0, ""metacognitive_regulation"": 0, ""noticing"": 0, ""pattern_recognition"": 1, ""perspective_taking"": 0, ""questioning"": 0, ""reconsidering"": 0, ""reframing"": 0, ""remembering"": 0, ""response_modulation"": 0, ""self_questioning"": 0, ""situation_modification"": 1, ""situation_selection"": 0, ""suspending_judgment"": 0, ""understanding"": 0, ""updating_beliefs"": 0, ""zooming_in"": 0, ""zooming_out"": 0}","{""abstracting"": 0, ""accepting"": 0, ""analogical_thinking"": 0, ""analyzing"": 0, ""applying"": 0, ""attentional_deployment"": 0, ""cognition_awareness"": 0, ""concretizing"": 0, ""connecting"": 0, ""convergent_thinking"": 0, ""counterfactual_reasoning"": 0, ""creating"": 0, ""distinguishing"": 0, ""divergent_thinking"": 0, ""emotion_characterizing"": 0, ""emotion_facilitation"": 0, ""emotion_management"": 0, ""emotion_organizing"": 0, ""emotion_perception"": 0, ""emotion_receiving"": 0, ""emotion_responding"": 0, ""emotion_understanding"": 0, ""emotion_valuing"": 0, ""emotional_reappraisal"": 3, ""evaluating"": 0, ""hypothesis_generation"": 0, ""meta_awareness"": 0, ""metacognitive_monitoring"": 0, ""metacognitive_regulation"": 0, ""noticing"": 0, ""pattern_recognition"": 0, ""perspective_taking"": 0, ""questioning"": 2, ""reconsidering"": 0, ""reframing"": 0, ""remembering"": 0, ""response_modulation"": 0, ""self_questioning"": 0, ""situation_modification"": 1, ""situation_selection"": 0, ""suspending_judgment"": 0, ""understanding"": 1, ""updating_beliefs"": 0, ""zooming_in"": 0, ""zooming_out"": 0}","Noor believes the milk pitcher contains oat milk. Here’s why:

*   **Her Action:** Noor intentionally grabs a milk pitcher and fills it with what she perceives to be oat milk.
*   **Lack of Observation:** She doesn’t observe the swap occurring. Her belief is based on her initial action and the assumption that she’s using the milk she selected.

**Therefore, her belief is rooted in her prior action and lack of awareness of the change.**",True,"{""abstracting"": 0, ""accepting"": 0, ""analogical_thinking"": 0, ""analyzing"": 0, ""applying"": 0, ""attentional_deployment"": 0, ""cognition_awareness"": 0, ""concretizing"": 0, ""connecting"": 0, ""convergent_thinking"": 0, ""counterfactual_reasoning"": 0, ""creating"": 0, ""distinguishing"": 4, ""divergent_thinking"": 0, ""emotion_characterizing"": 0, ""emotion_facilitation"": 0, ""emotion_management"": 0, ""emotion_organizing"": 0, ""emotion_perception"": 0, ""emotion_receiving"": 0, ""emotion_responding"": 0, ""emotion_understanding"": 0, ""emotion_valuing"": 0, ""emotional_reappraisal"": 6, ""evaluating"": 0, ""hypothesis_generation"": 6, ""meta_awareness"": 0, ""metacognitive_monitoring"": 0, ""metacognitive_regulation"": 0, ""noticing"": 0, ""pattern_recognition"": 1, ""perspective_taking"": 0, ""questioning"": 0, ""reconsidering"": 0, ""reframing"": 0, ""remembering"": 0, ""response_modulation"": 0, ""self_questioning"": 0, ""situation_modification"": 1, ""situation_selection"": 0, ""suspending_judgment"": 0, ""understanding"": 0, ""updating_beliefs"": 0, ""zooming_in"": 0, ""zooming_out"": 0}","{""abstracting"": 0, ""accepting"": 0, ""analogical_thinking"": 0, ""analyzing"": 0, ""applying"": 0, ""attentional_deployment"": 1, ""cognition_awareness"": 0, ""concretizing"": 0, ""connecting"": 0, ""convergent_thinking"": 3, ""counterfactual_reasoning"": 0, ""creating"": 0, ""distinguishing"": 1, ""divergent_thinking"": 0, ""emotion_characterizing"": 0, ""emotion_facilitation"": 0, ""emotion_management"": 0, ""emotion_organizing"": 0, ""emotion_perception"": 0, ""emotion_receiving"": 0, ""emotion_responding"": 0, ""emotion_understanding"": 0, ""emotion_valuing"": 0, ""emotional_reappraisal"": 0, ""evaluating"": 0, ""hypothesis_generation"": 0, ""meta_awareness"": 0, ""metacognitive_monitoring"": 0, ""metacognitive_regulation"": 0, ""noticing"": 0, ""pattern_recognition"": 0, ""perspective_taking"": 0, ""questioning"": 0, ""reconsidering"": 0, ""reframing"": 0, ""remembering"": 0, ""response_modulation"": 0, ""self_questioning"": 0, ""situation_modification"": 0, ""situation_selection"": 0, ""suspending_judgment"": 0, ""understanding"": 1, ""updating_beliefs"": 0, ""zooming_in"": 0, ""zooming_out"": 0}","{""suspending_judgment"": 0, ""emotion_facilitation"": 0, ""emotion_organizing"": 0, ""abstracting"": 0, ""emotion_understanding"": 0, ""pattern_recognition"": 0, ""questioning"": 0, ""attentional_deployment"": 0, ""situation_selection"": 0, ""metacognitive_regulation"": 0, ""zooming_in"": 0, ""reframing"": 0, ""situation_modification"": 0, ""emotion_responding"": 0, ""remembering"": 0, ""analogical_thinking"": 0, ""applying"": 0, ""updating_beliefs"": 0, ""accepting"": 0, ""analyzing"": 0, ""emotion_management"": 0, ""emotion_perception"": 0, ""distinguishing"": -1, ""self_questioning"": 0, ""connecting"": 0, ""understanding"": 0, ""emotion_valuing"": 0, ""cognition_awareness"": 0, ""counterfactual_reasoning"": 0, ""zooming_out"": 0, ""response_modulation"": 0, ""noticing"": 0, ""concretizing"": 0, ""hypothesis_generation"": 0, ""emotion_characterizing"": 0, ""creating"": 0, ""reconsidering"": 0, ""meta_awareness"": 0, ""emotional_reappraisal"": -1, ""convergent_thinking"": 0, ""perspective_taking"": 0, ""divergent_thinking"": 0, ""evaluating"": 0, ""emotion_receiving"": 0, ""metacognitive_monitoring"": 0}","{""suspending_judgment"": 0, ""emotion_facilitation"": 0, ""emotion_organizing"": 0, ""abstracting"": 0, ""emotion_understanding"": 0, ""pattern_recognition"": 0, ""questioning"": -2, ""attentional_deployment"": 1, ""situation_selection"": 0, ""metacognitive_regulation"": 0, ""zooming_in"": 0, ""reframing"": 0, ""situation_modification"": -1, ""emotion_responding"": 0, ""remembering"": 0, ""analogical_thinking"": 0, ""applying"": 0, ""updating_beliefs"": 0, ""accepting"": 0, ""analyzing"": 0, ""emotion_management"": 0, ""emotion_perception"": 0, ""distinguishing"": 1, ""self_questioning"": 0, ""connecting"": 0, ""understanding"": 0, ""emotion_valuing"": 0, ""cognition_awareness"": 0, ""counterfactual_reasoning"": 0, ""zooming_out"": 0, ""response_modulation"": 0, ""noticing"": 0, ""concretizing"": 0, ""hypothesis_generation"": 0, ""emotion_characterizing"": 0, ""creating"": 0, ""reconsidering"": 0, ""meta_awareness"": 0, ""emotional_reappraisal"": -3, ""convergent_thinking"": 3, ""perspective_taking"": 0, ""divergent_thinking"": 0, ""evaluating"": 0, ""emotion_receiving"": 0, ""metacognitive_monitoring"": 0}",False
"Zara is attending an art exhibition at a local gallery in her town. Zara wants to learn more about a particular abstract painting she admires. The label next to the artwork states that the painting is the work of a famous artist, and Zara reads the label carefully. Zara believes that the painting is the work of a famous artist. A gallery staff member, realizing there was a mix-up, changes the label with the correct information attributing the painting to an emerging artist instead. Zara does not read the updated label.",Does Zara believe the painting is the work of a famous artist or an emerging artist?,Zara believes the painting is the work of a famous artist.,Zara believes the painting is the work of an emerging artist.,"Zara believes the painting is the work of a famous artist. 

The story states she “believes that the painting is the work of a famous artist” based on the initial label. She doesn’t read the updated label, so her belief remains unchanged.",True,"{""abstracting"": 0, ""accepting"": 0, ""analogical_thinking"": 0, ""analyzing"": 0, ""applying"": 0, ""attentional_deployment"": 0, ""cognition_awareness"": 0, ""concretizing"": 0, ""connecting"": 0, ""convergent_thinking"": 0, ""counterfactual_reasoning"": 0, ""creating"": 0, ""distinguishing"": 8, ""divergent_thinking"": 0, ""emotion_characterizing"": 0, ""emotion_facilitation"": 0, ""emotion_management"": 0, ""emotion_organizing"": 0, ""emotion_perception"": 0, ""emotion_receiving"": 0, ""emotion_responding"": 0, ""emotion_understanding"": 0, ""emotion_valuing"": 1, ""emotional_reappraisal"": 5, ""evaluating"": 0, ""hypothesis_generation"": 3, ""meta_awareness"": 0, ""metacognitive_monitoring"": 0, ""metacognitive_regulation"": 0, ""noticing"": 0, ""pattern_recognition"": 0, ""perspective_taking"": 0, ""questioning"": 1, ""reconsidering"": 0, ""reframing"": 0, ""remembering"": 0, ""response_modulation"": 0, ""self_questioning"": 0, ""situation_modification"": 3, ""situation_selection"": 0, ""suspending_judgment"": 0, ""understanding"": 0, ""updating_beliefs"": 0, ""zooming_in"": 0, ""zooming_out"": 0}","{""abstracting"": 0, ""accepting"": 0, ""analogical_thinking"": 0, ""analyzing"": 0, ""applying"": 0, ""attentional_deployment"": 0, ""cognition_awareness"": 0, ""concretizing"": 0, ""connecting"": 0, ""convergent_thinking"": 2, ""counterfactual_reasoning"": 1, ""creating"": 0, ""distinguishing"": 0, ""divergent_thinking"": 0, ""emotion_characterizing"": 0, ""emotion_facilitation"": 0, ""emotion_management"": 0, ""emotion_organizing"": 0, ""emotion_perception"": 0, ""emotion_receiving"": 0, ""emotion_responding"": 0, ""emotion_understanding"": 0, ""emotion_valuing"": 0, ""emotional_reappraisal"": 2, ""evaluating"": 0, ""hypothesis_generation"": 0, ""meta_awareness"": 0, ""metacognitive_monitoring"": 0, ""metacognitive_regulation"": 0, ""noticing"": 0, ""pattern_recognition"": 0, ""perspective_taking"": 0, ""questioning"": 1, ""reconsidering"": 0, ""reframing"": 0, ""remembering"": 0, ""response_modulation"": 0, ""self_questioning"": 0, ""situation_modification"": 5, ""situation_selection"": 0, ""suspending_judgment"": 0, ""understanding"": 2, ""updating_beliefs"": 0, ""zooming_in"": 0, ""zooming_out"": 0}","Zara believes the painting is the work of a famous artist. Here’s why:

*   **Initial Assessment:** Zara initially formed her belief based on the original label, which identified the artist as famous.
*   **Lack of Verification:** She didn’t take the time to read the updated label, despite the staff member’s intervention. This indicates she maintained her initial assessment.

Therefore, her belief remains rooted in the information presented to her initially – that the artist is renowned.",True,"{""abstracting"": 0, ""accepting"": 0, ""analogical_thinking"": 0, ""analyzing"": 0, ""applying"": 0, ""attentional_deployment"": 0, ""cognition_awareness"": 0, ""concretizing"": 0, ""connecting"": 0, ""convergent_thinking"": 0, ""counterfactual_reasoning"": 0, ""creating"": 0, ""distinguishing"": 8, ""divergent_thinking"": 0, ""emotion_characterizing"": 0, ""emotion_facilitation"": 0, ""emotion_management"": 0, ""emotion_organizing"": 0, ""emotion_perception"": 0, ""emotion_receiving"": 0, ""emotion_responding"": 0, ""emotion_understanding"": 0, ""emotion_valuing"": 1, ""emotional_reappraisal"": 4, ""evaluating"": 0, ""hypothesis_generation"": 3, ""meta_awareness"": 0, ""metacognitive_monitoring"": 0, ""metacognitive_regulation"": 0, ""noticing"": 0, ""pattern_recognition"": 0, ""perspective_taking"": 0, ""questioning"": 0, ""reconsidering"": 0, ""reframing"": 0, ""remembering"": 0, ""response_modulation"": 0, ""self_questioning"": 0, ""situation_modification"": 3, ""situation_selection"": 0, ""suspending_judgment"": 0, ""understanding"": 0, ""updating_beliefs"": 0, ""zooming_in"": 0, ""zooming_out"": 0}","{""abstracting"": 0, ""accepting"": 0, ""analogical_thinking"": 0, ""analyzing"": 0, ""applying"": 0, ""attentional_deployment"": 0, ""cognition_awareness"": 0, ""concretizing"": 0, ""connecting"": 0, ""convergent_thinking"": 4, ""counterfactual_reasoning"": 0, ""creating"": 0, ""distinguishing"": 4, ""divergent_thinking"": 0, ""emotion_characterizing"": 0, ""emotion_facilitation"": 0, ""emotion_management"": 0, ""emotion_organizing"": 0, ""emotion_perception"": 0, ""emotion_receiving"": 0, ""emotion_responding"": 0, ""emotion_understanding"": 0, ""emotion_valuing"": 0, ""emotional_reappraisal"": 2, ""evaluating"": 0, ""hypothesis_generation"": 0, ""meta_awareness"": 0, ""metacognitive_monitoring"": 0, ""metacognitive_regulation"": 0, ""noticing"": 0, ""pattern_recognition"": 0, ""perspective_taking"": 0, ""questioning"": 0, ""reconsidering"": 0, ""reframing"": 0, ""remembering"": 0, ""response_modulation"": 0, ""self_questioning"": 0, ""situation_modification"": 0, ""situation_selection"": 0, ""suspending_judgment"": 1, ""understanding"": 0, ""updating_beliefs"": 0, ""zooming_in"": 0, ""zooming_out"": 0}","{""suspending_judgment"": 0, ""emotion_facilitation"": 0, ""emotion_organizing"": 0, ""abstracting"": 0, ""emotion_understanding"": 0, ""pattern_recognition"": 0, ""questioning"": -1, ""attentional_deployment"": 0, ""situation_selection"": 0, ""metacognitive_regulation"": 0, ""zooming_in"": 0, ""reframing"": 0, ""situation_modification"": 0, ""emotion_responding"": 0, ""remembering"": 0, ""analogical_thinking"": 0, ""applying"": 0, ""updating_beliefs"": 0, ""accepting"": 0, ""analyzing"": 0, ""emotion_management"": 0, ""emotion_perception"": 0, ""distinguishing"": 0, ""self_questioning"": 0, ""connecting"": 0, ""understanding"": 0, ""emotion_valuing"": 0, ""cognition_awareness"": 0, ""counterfactual_reasoning"": 0, ""zooming_out"": 0, ""response_modulation"": 0, ""noticing"": 0, ""concretizing"": 0, ""hypothesis_generation"": 0, ""emotion_characterizing"": 0, ""creating"": 0, ""reconsidering"": 0, ""meta_awareness"": 0, ""emotional_reappraisal"": -1, ""convergent_thinking"": 0, ""perspective_taking"": 0, ""divergent_thinking"": 0, ""evaluating"": 0, ""emotion_receiving"": 0, ""metacognitive_monitoring"": 0}","{""suspending_judgment"": 1, ""emotion_facilitation"": 0, ""emotion_organizing"": 0, ""abstracting"": 0, ""emotion_understanding"": 0, ""pattern_recognition"": 0, ""questioning"": -1, ""attentional_deployment"": 0, ""situation_selection"": 0, ""metacognitive_regulation"": 0, ""zooming_in"": 0, ""reframing"": 0, ""situation_modification"": -5, ""emotion_responding"": 0, ""remembering"": 0, ""analogical_thinking"": 0, ""applying"": 0, ""updating_beliefs"": 0, ""accepting"": 0, ""analyzing"": 0, ""emotion_management"": 0, ""emotion_perception"": 0, ""distinguishing"": 4, ""self_questioning"": 0, ""connecting"": 0, ""understanding"": -2, ""emotion_valuing"": 0, ""cognition_awareness"": 0, ""counterfactual_reasoning"": -1, ""zooming_out"": 0, ""response_modulation"": 0, ""noticing"": 0, ""concretizing"": 0, ""hypothesis_generation"": 0, ""emotion_characterizing"": 0, ""creating"": 0, ""reconsidering"": 0, ""meta_awareness"": 0, ""emotional_reappraisal"": 0, ""convergent_thinking"": 2, ""perspective_taking"": 0, ""divergent_thinking"": 0, ""evaluating"": 0, ""emotion_receiving"": 0, ""metacognitive_monitoring"": 0}",False
"Carlos is a farmer in a small village in Mexico, tending to his cornfield. He wants to irrigate his crops by opening a water valve connected to a nearby river. Carlos closed the valve the previous evening. Carlos believes the valve is currently closed. During the night, heavy rainfall caused the river to overflow, opening the valve and flooding the cornfield. Carlos does not see the flooded cornfield.",Does Carlos believe the water valve is closed or open?,Carlos believes the water valve is closed.,Carlos believes the water valve is open.,"Carlos believes the water valve is closed. 

The story explicitly states he “believes the valve is currently closed” and that he “did not see the flooded cornfield.” His lack of observation reinforces his existing belief.",True,"{""abstracting"": 0, ""accepting"": 0, ""analogical_thinking"": 0, ""analyzing"": 0, ""applying"": 0, ""attentional_deployment"": 0, ""cognition_awareness"": 0, ""concretizing"": 0, ""connecting"": 0, ""convergent_thinking"": 0, ""counterfactual_reasoning"": 0, ""creating"": 0, ""distinguishing"": 5, ""divergent_thinking"": 0, ""emotion_characterizing"": 0, ""emotion_facilitation"": 0, ""emotion_management"": 0, ""emotion_organizing"": 0, ""emotion_perception"": 0, ""emotion_receiving"": 0, ""emotion_responding"": 0, ""emotion_understanding"": 0, ""emotion_valuing"": 0, ""emotional_reappraisal"": 9, ""evaluating"": 0, ""hypothesis_generation"": 8, ""meta_awareness"": 0, ""metacognitive_monitoring"": 0, ""metacognitive_regulation"": 0, ""noticing"": 0, ""pattern_recognition"": 0, ""perspective_taking"": 0, ""questioning"": 2, ""reconsidering"": 0, ""reframing"": 0, ""remembering"": 0, ""response_modulation"": 0, ""self_questioning"": 0, ""situation_modification"": 1, ""situation_selection"": 0, ""suspending_judgment"": 0, ""understanding"": 1, ""updating_beliefs"": 1, ""zooming_in"": 0, ""zooming_out"": 0}","{""abstracting"": 0, ""accepting"": 0, ""analogical_thinking"": 0, ""analyzing"": 0, ""applying"": 0, ""attentional_deployment"": 0, ""cognition_awareness"": 0, ""concretizing"": 0, ""connecting"": 0, ""convergent_thinking"": 0, ""counterfactual_reasoning"": 1, ""creating"": 0, ""distinguishing"": 0, ""divergent_thinking"": 0, ""emotion_characterizing"": 0, ""emotion_facilitation"": 0, ""emotion_management"": 0, ""emotion_organizing"": 0, ""emotion_perception"": 0, ""emotion_receiving"": 0, ""emotion_responding"": 0, ""emotion_understanding"": 0, ""emotion_valuing"": 0, ""emotional_reappraisal"": 0, ""evaluating"": 0, ""hypothesis_generation"": 0, ""meta_awareness"": 0, ""metacognitive_monitoring"": 0, ""metacognitive_regulation"": 0, ""noticing"": 0, ""pattern_recognition"": 0, ""perspective_taking"": 0, ""questioning"": 1, ""reconsidering"": 0, ""reframing"": 0, ""remembering"": 0, ""response_modulation"": 0, ""self_questioning"": 0, ""situation_modification"": 2, ""situation_selection"": 0, ""suspending_judgment"": 0, ""understanding"": 2, ""updating_beliefs"": 1, ""zooming_in"": 0, ""zooming_out"": 0}","Carlos believes the water valve is closed. 

Here’s the breakdown of why:

*   **His prior belief:** He specifically states he closed the valve the previous evening and *believes* it’s still closed.
*   **The evidence:** While the river overflowed and opened the valve, he doesn’t observe the flooding. His belief is based on his recollection of the previous evening’s actions.

This is a classic example of a cognitive bias – specifically,",True,"{""abstracting"": 0, ""accepting"": 0, ""analogical_thinking"": 0, ""analyzing"": 0, ""applying"": 0, ""attentional_deployment"": 0, ""cognition_awareness"": 0, ""concretizing"": 0, ""connecting"": 0, ""convergent_thinking"": 0, ""counterfactual_reasoning"": 0, ""creating"": 0, ""distinguishing"": 6, ""divergent_thinking"": 0, ""emotion_characterizing"": 0, ""emotion_facilitation"": 0, ""emotion_management"": 0, ""emotion_organizing"": 0, ""emotion_perception"": 0, ""emotion_receiving"": 0, ""emotion_responding"": 0, ""emotion_understanding"": 0, ""emotion_valuing"": 0, ""emotional_reappraisal"": 9, ""evaluating"": 0, ""hypothesis_generation"": 8, ""meta_awareness"": 0, ""metacognitive_monitoring"": 0, ""metacognitive_regulation"": 0, ""noticing"": 0, ""pattern_recognition"": 0, ""perspective_taking"": 0, ""questioning"": 2, ""reconsidering"": 0, ""reframing"": 1, ""remembering"": 0, ""response_modulation"": 0, ""self_questioning"": 0, ""situation_modification"": 1, ""situation_selection"": 0, ""suspending_judgment"": 0, ""understanding"": 1, ""updating_beliefs"": 1, ""zooming_in"": 0, ""zooming_out"": 0}","{""abstracting"": 0, ""accepting"": 0, ""analogical_thinking"": 0, ""analyzing"": 0, ""applying"": 0, ""attentional_deployment"": 0, ""cognition_awareness"": 0, ""concretizing"": 0, ""connecting"": 0, ""convergent_thinking"": 0, ""counterfactual_reasoning"": 0, ""creating"": 0, ""distinguishing"": 1, ""divergent_thinking"": 0, ""emotion_characterizing"": 0, ""emotion_facilitation"": 0, ""emotion_management"": 0, ""emotion_organizing"": 0, ""emotion_perception"": 0, ""emotion_receiving"": 0, ""emotion_responding"": 1, ""emotion_understanding"": 0, ""emotion_valuing"": 0, ""emotional_reappraisal"": 3, ""evaluating"": 0, ""hypothesis_generation"": 0, ""meta_awareness"": 0, ""metacognitive_monitoring"": 0, ""metacognitive_regulation"": 0, ""noticing"": 0, ""pattern_recognition"": 2, ""perspective_taking"": 0, ""questioning"": 0, ""reconsidering"": 0, ""reframing"": 1, ""remembering"": 0, ""response_modulation"": 0, ""self_questioning"": 0, ""situation_modification"": 0, ""situation_selection"": 0, ""suspending_judgment"": 0, ""understanding"": 3, ""updating_beliefs"": 0, ""zooming_in"": 0, ""zooming_out"": 0}","{""suspending_judgment"": 0, ""emotion_facilitation"": 0, ""emotion_organizing"": 0, ""abstracting"": 0, ""emotion_understanding"": 0, ""pattern_recognition"": 0, ""questioning"": 0, ""attentional_deployment"": 0, ""situation_selection"": 0, ""metacognitive_regulation"": 0, ""zooming_in"": 0, ""reframing"": 1, ""situation_modification"": 0, ""emotion_responding"": 0, ""remembering"": 0, ""analogical_thinking"": 0, ""applying"": 0, ""updating_beliefs"": 0, ""accepting"": 0, ""analyzing"": 0, ""emotion_management"": 0, ""emotion_perception"": 0, ""distinguishing"": 1, ""self_questioning"": 0, ""connecting"": 0, ""understanding"": 0, ""emotion_valuing"": 0, ""cognition_awareness"": 0, ""counterfactual_reasoning"": 0, ""zooming_out"": 0, ""response_modulation"": 0, ""noticing"": 0, ""concretizing"": 0, ""hypothesis_generation"": 0, ""emotion_characterizing"": 0, ""creating"": 0, ""reconsidering"": 0, ""meta_awareness"": 0, ""emotional_reappraisal"": 0, ""convergent_thinking"": 0, ""perspective_taking"": 0, ""divergent_thinking"": 0, ""evaluating"": 0, ""emotion_receiving"": 0, ""metacognitive_monitoring"": 0}","{""suspending_judgment"": 0, ""emotion_facilitation"": 0, ""emotion_organizing"": 0, ""abstracting"": 0, ""emotion_understanding"": 0, ""pattern_recognition"": 2, ""questioning"": -1, ""attentional_deployment"": 0, ""situation_selection"": 0, ""metacognitive_regulation"": 0, ""zooming_in"": 0, ""reframing"": 1, ""situation_modification"": -2, ""emotion_responding"": 1, ""remembering"": 0, ""analogical_thinking"": 0, ""applying"": 0, ""updating_beliefs"": -1, ""accepting"": 0, ""analyzing"": 0, ""emotion_management"": 0, ""emotion_perception"": 0, ""distinguishing"": 1, ""self_questioning"": 0, ""connecting"": 0, ""understanding"": 1, ""emotion_valuing"": 0, ""cognition_awareness"": 0, ""counterfactual_reasoning"": -1, ""zooming_out"": 0, ""response_modulation"": 0, ""noticing"": 0, ""concretizing"": 0, ""hypothesis_generation"": 0, ""emotion_characterizing"": 0, ""creating"": 0, ""reconsidering"": 0, ""meta_awareness"": 0, ""emotional_reappraisal"": 3, ""convergent_thinking"": 0, ""perspective_taking"": 0, ""divergent_thinking"": 0, ""evaluating"": 0, ""emotion_receiving"": 0, ""metacognitive_monitoring"": 0}",False
"Kofi is a fisherman from a small village in Ghana. He wants to catch enough fish today to provide for his family and sell the surplus at the market. Kofi repaired his fishing net last night. Kofi believes that his fishing net is in good condition. While Kofi is away from his boat, a group of monkeys comes and plays with the fishing net, tearing it apart. Kofi does not see the monkeys damaging his fishing net.",Does Kofi believe his fishing net is in good condition or torn apart?,Kofi believes his fishing net is in good condition.,Kofi believes his fishing net is torn apart.,"Kofi believes his fishing net is in good condition. 

The story states he *believes* it's in good condition, even though it was damaged. His belief is based on his assessment before the monkeys interfered.",True,"{""abstracting"": 0, ""accepting"": 0, ""analogical_thinking"": 0, ""analyzing"": 0, ""applying"": 0, ""attentional_deployment"": 0, ""cognition_awareness"": 0, ""concretizing"": 0, ""connecting"": 0, ""convergent_thinking"": 0, ""counterfactual_reasoning"": 0, ""creating"": 0, ""distinguishing"": 8, ""divergent_thinking"": 0, ""emotion_characterizing"": 0, ""emotion_facilitation"": 0, ""emotion_management"": 0, ""emotion_organizing"": 0, ""emotion_perception"": 0, ""emotion_receiving"": 0, ""emotion_responding"": 0, ""emotion_understanding"": 0, ""emotion_valuing"": 0, ""emotional_reappraisal"": 9, ""evaluating"": 0, ""hypothesis_generation"": 4, ""meta_awareness"": 0, ""metacognitive_monitoring"": 0, ""metacognitive_regulation"": 0, ""noticing"": 0, ""pattern_recognition"": 0, ""perspective_taking"": 0, ""questioning"": 2, ""reconsidering"": 0, ""reframing"": 1, ""remembering"": 0, ""response_modulation"": 0, ""self_questioning"": 0, ""situation_modification"": 0, ""situation_selection"": 0, ""suspending_judgment"": 0, ""understanding"": 0, ""updating_beliefs"": 0, ""zooming_in"": 0, ""zooming_out"": 0}","{""abstracting"": 0, ""accepting"": 0, ""analogical_thinking"": 0, ""analyzing"": 0, ""applying"": 0, ""attentional_deployment"": 0, ""cognition_awareness"": 0, ""concretizing"": 0, ""connecting"": 0, ""convergent_thinking"": 0, ""counterfactual_reasoning"": 0, ""creating"": 0, ""distinguishing"": 0, ""divergent_thinking"": 0, ""emotion_characterizing"": 0, ""emotion_facilitation"": 0, ""emotion_management"": 0, ""emotion_organizing"": 0, ""emotion_perception"": 0, ""emotion_receiving"": 0, ""emotion_responding"": 0, ""emotion_understanding"": 0, ""emotion_valuing"": 0, ""emotional_reappraisal"": 3, ""evaluating"": 0, ""hypothesis_generation"": 0, ""meta_awareness"": 0, ""metacognitive_monitoring"": 0, ""metacognitive_regulation"": 0, ""noticing"": 0, ""pattern_recognition"": 0, ""perspective_taking"": 0, ""questioning"": 1, ""reconsidering"": 0, ""reframing"": 0, ""remembering"": 0, ""response_modulation"": 0, ""self_questioning"": 0, ""situation_modification"": 0, ""situation_selection"": 0, ""suspending_judgment"": 0, ""understanding"": 1, ""updating_beliefs"": 0, ""zooming_in"": 0, ""zooming_out"": 0}","Kofi believes his fishing net is in good condition. 

Here’s the breakdown of why:

*   The story states he “believes that his fishing net is in good condition.” This is his internal assessment, based on his repair work the previous night. The subsequent event of the monkeys damaging the net doesn’t change his belief – he’s operating on his prior assessment.",True,"{""abstracting"": 0, ""accepting"": 0, ""analogical_thinking"": 0, ""analyzing"": 0, ""applying"": 0, ""attentional_deployment"": 0, ""cognition_awareness"": 0, ""concretizing"": 0, ""connecting"": 0, ""convergent_thinking"": 0, ""counterfactual_reasoning"": 0, ""creating"": 0, ""distinguishing"": 8, ""divergent_thinking"": 0, ""emotion_characterizing"": 0, ""emotion_facilitation"": 0, ""emotion_management"": 0, ""emotion_organizing"": 0, ""emotion_perception"": 0, ""emotion_receiving"": 0, ""emotion_responding"": 0, ""emotion_understanding"": 0, ""emotion_valuing"": 0, ""emotional_reappraisal"": 9, ""evaluating"": 0, ""hypothesis_generation"": 4, ""meta_awareness"": 0, ""metacognitive_monitoring"": 0, ""metacognitive_regulation"": 0, ""noticing"": 0, ""pattern_recognition"": 0, ""perspective_taking"": 0, ""questioning"": 2, ""reconsidering"": 0, ""reframing"": 1, ""remembering"": 0, ""response_modulation"": 0, ""self_questioning"": 0, ""situation_modification"": 0, ""situation_selection"": 0, ""suspending_judgment"": 0, ""understanding"": 0, ""updating_beliefs"": 0, ""zooming_in"": 0, ""zooming_out"": 0}","{""abstracting"": 0, ""accepting"": 0, ""analogical_thinking"": 0, ""analyzing"": 0, ""applying"": 0, ""attentional_deployment"": 0, ""cognition_awareness"": 0, ""concretizing"": 0, ""connecting"": 0, ""convergent_thinking"": 1, ""counterfactual_reasoning"": 0, ""creating"": 0, ""distinguishing"": 2, ""divergent_thinking"": 0, ""emotion_characterizing"": 0, ""emotion_facilitation"": 0, ""emotion_management"": 0, ""emotion_organizing"": 0, ""emotion_perception"": 0, ""emotion_receiving"": 0, ""emotion_responding"": 0, ""emotion_understanding"": 0, ""emotion_valuing"": 0, ""emotional_reappraisal"": 2, ""evaluating"": 0, ""hypothesis_generation"": 0, ""meta_awareness"": 0, ""metacognitive_monitoring"": 0, ""metacognitive_regulation"": 0, ""noticing"": 0, ""pattern_recognition"": 0, ""perspective_taking"": 0, ""questioning"": 0, ""reconsidering"": 0, ""reframing"": 0, ""remembering"": 1, ""response_modulation"": 0, ""self_questioning"": 0, ""situation_modification"": 0, ""situation_selection"": 0, ""suspending_judgment"": 0, ""understanding"": 1, ""updating_beliefs"": 0, ""zooming_in"": 0, ""zooming_out"": 0}","{""suspending_judgment"": 0, ""emotion_facilitation"": 0, ""emotion_organizing"": 0, ""abstracting"": 0, ""emotion_understanding"": 0, ""pattern_recognition"": 0, ""questioning"": 0, ""attentional_deployment"": 0, ""situation_selection"": 0, ""metacognitive_regulation"": 0, ""zooming_in"": 0, ""reframing"": 0, ""situation_modification"": 0, ""emotion_responding"": 0, ""remembering"": 0, ""analogical_thinking"": 0, ""applying"": 0, ""updating_beliefs"": 0, ""accepting"": 0, ""analyzing"": 0, ""emotion_management"": 0, ""emotion_perception"": 0, ""distinguishing"": 0, ""self_questioning"": 0, ""connecting"": 0, ""understanding"": 0, ""emotion_valuing"": 0, ""cognition_awareness"": 0, ""counterfactual_reasoning"": 0, ""zooming_out"": 0, ""response_modulation"": 0, ""noticing"": 0, ""concretizing"": 0, ""hypothesis_generation"": 0, ""emotion_characterizing"": 0, ""creating"": 0, ""reconsidering"": 0, ""meta_awareness"": 0, ""emotional_reappraisal"": 0, ""convergent_thinking"": 0, ""perspective_taking"": 0, ""divergent_thinking"": 0, ""evaluating"": 0, ""emotion_receiving"": 0, ""metacognitive_monitoring"": 0}","{""suspending_judgment"": 0, ""emotion_facilitation"": 0, ""emotion_organizing"": 0, ""abstracting"": 0, ""emotion_understanding"": 0, ""pattern_recognition"": 0, ""questioning"": -1, ""attentional_deployment"": 0, ""situation_selection"": 0, ""metacognitive_regulation"": 0, ""zooming_in"": 0, ""reframing"": 0, ""situation_modification"": 0, ""emotion_responding"": 0, ""remembering"": 1, ""analogical_thinking"": 0, ""applying"": 0, ""updating_beliefs"": 0, ""accepting"": 0, ""analyzing"": 0, ""emotion_management"": 0, ""emotion_perception"": 0, ""distinguishing"": 2, ""self_questioning"": 0, ""connecting"": 0, ""understanding"": 0, ""emotion_valuing"": 0, ""cognition_awareness"": 0, ""counterfactual_reasoning"": 0, ""zooming_out"": 0, ""response_modulation"": 0, ""noticing"": 0, ""concretizing"": 0, ""hypothesis_generation"": 0, ""emotion_characterizing"": 0, ""creating"": 0, ""reconsidering"": 0, ""meta_awareness"": 0, ""emotional_reappraisal"": -1, ""convergent_thinking"": 1, ""perspective_taking"": 0, ""divergent_thinking"": 0, ""evaluating"": 0, ""emotion_receiving"": 0, ""metacognitive_monitoring"": 0}",False
"Azola is a teacher at a small school in rural China. She wants to surprise her students with a new book for the school library. Azola got a notification from Amazon stating that the package containing the book was left at her doorstep. Azola believes the book she ordered has arrived in the package at her doorstep. A gust of wind blows the package off her doorstep, and a neighbor replaces it with a different package containing a hand-knit scarf. Azola does not witness the package swap.",Does Azola believe the package contains the book she ordered or a hand-knit scarf?,Azola believes the package contains the book she ordered.,Azola believes the package contains a hand-knit scarf.,Azola believes the package contains the book she ordered. She saw the Amazon notification and assumed it was her delivery. The wind and the swap happened without her knowledge.,True,"{""abstracting"": 0, ""accepting"": 0, ""analogical_thinking"": 0, ""analyzing"": 0, ""applying"": 0, ""attentional_deployment"": 0, ""cognition_awareness"": 0, ""concretizing"": 0, ""connecting"": 0, ""convergent_thinking"": 0, ""counterfactual_reasoning"": 0, ""creating"": 0, ""distinguishing"": 5, ""divergent_thinking"": 0, ""emotion_characterizing"": 0, ""emotion_facilitation"": 0, ""emotion_management"": 0, ""emotion_organizing"": 0, ""emotion_perception"": 0, ""emotion_receiving"": 0, ""emotion_responding"": 0, ""emotion_understanding"": 0, ""emotion_valuing"": 0, ""emotional_reappraisal"": 8, ""evaluating"": 0, ""hypothesis_generation"": 4, ""meta_awareness"": 0, ""metacognitive_monitoring"": 0, ""metacognitive_regulation"": 0, ""noticing"": 0, ""pattern_recognition"": 0, ""perspective_taking"": 0, ""questioning"": 1, ""reconsidering"": 0, ""reframing"": 0, ""remembering"": 0, ""response_modulation"": 0, ""self_questioning"": 0, ""situation_modification"": 3, ""situation_selection"": 0, ""suspending_judgment"": 0, ""understanding"": 0, ""updating_beliefs"": 0, ""zooming_in"": 0, ""zooming_out"": 0}","{""abstracting"": 0, ""accepting"": 0, ""analogical_thinking"": 0, ""analyzing"": 0, ""applying"": 0, ""attentional_deployment"": 0, ""cognition_awareness"": 0, ""concretizing"": 0, ""connecting"": 0, ""convergent_thinking"": 1, ""counterfactual_reasoning"": 0, ""creating"": 0, ""distinguishing"": 7, ""divergent_thinking"": 0, ""emotion_characterizing"": 0, ""emotion_facilitation"": 0, ""emotion_management"": 0, ""emotion_organizing"": 0, ""emotion_perception"": 0, ""emotion_receiving"": 0, ""emotion_responding"": 0, ""emotion_understanding"": 0, ""emotion_valuing"": 0, ""emotional_reappraisal"": 3, ""evaluating"": 0, ""hypothesis_generation"": 3, ""meta_awareness"": 0, ""metacognitive_monitoring"": 0, ""metacognitive_regulation"": 0, ""noticing"": 0, ""pattern_recognition"": 0, ""perspective_taking"": 0, ""questioning"": 1, ""reconsidering"": 0, ""reframing"": 0, ""remembering"": 0, ""response_modulation"": 0, ""self_questioning"": 0, ""situation_modification"": 2, ""situation_selection"": 0, ""suspending_judgment"": 0, ""understanding"": 1, ""updating_beliefs"": 0, ""zooming_in"": 0, ""zooming_out"": 0}","Azola believes the package contains the book she ordered. Here’s why:

*   **Initial Belief:** She received a notification from Amazon indicating the book had arrived. This establishes her initial belief and expectation.
*   **Lack of Observation:** Crucially, she doesn’t witness the package swap. She’s operating on the information she received – the Amazon notification – and hasn’t observed any evidence to suggest otherwise.

Therefore, her belief is rooted in the initial confirmation from",True,"{""abstracting"": 0, ""accepting"": 0, ""analogical_thinking"": 0, ""analyzing"": 0, ""applying"": 0, ""attentional_deployment"": 0, ""cognition_awareness"": 0, ""concretizing"": 0, ""connecting"": 0, ""convergent_thinking"": 0, ""counterfactual_reasoning"": 0, ""creating"": 0, ""distinguishing"": 5, ""divergent_thinking"": 0, ""emotion_characterizing"": 0, ""emotion_facilitation"": 0, ""emotion_management"": 0, ""emotion_organizing"": 0, ""emotion_perception"": 0, ""emotion_receiving"": 0, ""emotion_responding"": 0, ""emotion_understanding"": 0, ""emotion_valuing"": 0, ""emotional_reappraisal"": 7, ""evaluating"": 0, ""hypothesis_generation"": 4, ""meta_awareness"": 0, ""metacognitive_monitoring"": 0, ""metacognitive_regulation"": 0, ""noticing"": 0, ""pattern_recognition"": 0, ""perspective_taking"": 0, ""questioning"": 0, ""reconsidering"": 0, ""reframing"": 1, ""remembering"": 0, ""response_modulation"": 0, ""self_questioning"": 0, ""situation_modification"": 3, ""situation_selection"": 0, ""suspending_judgment"": 0, ""understanding"": 0, ""updating_beliefs"": 0, ""zooming_in"": 0, ""zooming_out"": 0}","{""abstracting"": 2, ""accepting"": 0, ""analogical_thinking"": 0, ""analyzing"": 0, ""applying"": 0, ""attentional_deployment"": 2, ""cognition_awareness"": 0, ""concretizing"": 3, ""connecting"": 0, ""convergent_thinking"": 0, ""counterfactual_reasoning"": 0, ""creating"": 0, ""distinguishing"": 1, ""divergent_thinking"": 0, ""emotion_characterizing"": 0, ""emotion_facilitation"": 0, ""emotion_management"": 0, ""emotion_organizing"": 0, ""emotion_perception"": 0, ""emotion_receiving"": 0, ""emotion_responding"": 0, ""emotion_understanding"": 0, ""emotion_valuing"": 0, ""emotional_reappraisal"": 2, ""evaluating"": 0, ""hypothesis_generation"": 1, ""meta_awareness"": 0, ""metacognitive_monitoring"": 0, ""metacognitive_regulation"": 0, ""noticing"": 0, ""pattern_recognition"": 0, ""perspective_taking"": 0, ""questioning"": 0, ""reconsidering"": 0, ""reframing"": 0, ""remembering"": 0, ""response_modulation"": 0, ""self_questioning"": 0, ""situation_modification"": 0, ""situation_selection"": 0, ""suspending_judgment"": 1, ""understanding"": 2, ""updating_beliefs"": 0, ""zooming_in"": 0, ""zooming_out"": 0}","{""suspending_judgment"": 0, ""emotion_facilitation"": 0, ""emotion_organizing"": 0, ""abstracting"": 0, ""emotion_understanding"": 0, ""pattern_recognition"": 0, ""questioning"": -1, ""attentional_deployment"": 0, ""situation_selection"": 0, ""metacognitive_regulation"": 0, ""zooming_in"": 0, ""reframing"": 1, ""situation_modification"": 0, ""emotion_responding"": 0, ""remembering"": 0, ""analogical_thinking"": 0, ""applying"": 0, ""updating_beliefs"": 0, ""accepting"": 0, ""analyzing"": 0, ""emotion_management"": 0, ""emotion_perception"": 0, ""distinguishing"": 0, ""self_questioning"": 0, ""connecting"": 0, ""understanding"": 0, ""emotion_valuing"": 0, ""cognition_awareness"": 0, ""counterfactual_reasoning"": 0, ""zooming_out"": 0, ""response_modulation"": 0, ""noticing"": 0, ""concretizing"": 0, ""hypothesis_generation"": 0, ""emotion_characterizing"": 0, ""creating"": 0, ""reconsidering"": 0, ""meta_awareness"": 0, ""emotional_reappraisal"": -1, ""convergent_thinking"": 0, ""perspective_taking"": 0, ""divergent_thinking"": 0, ""evaluating"": 0, ""emotion_receiving"": 0, ""metacognitive_monitoring"": 0}","{""suspending_judgment"": 1, ""emotion_facilitation"": 0, ""emotion_organizing"": 0, ""abstracting"": 2, ""emotion_understanding"": 0, ""pattern_recognition"": 0, ""questioning"": -1, ""attentional_deployment"": 2, ""situation_selection"": 0, ""metacognitive_regulation"": 0, ""zooming_in"": 0, ""reframing"": 0, ""situation_modification"": -2, ""emotion_responding"": 0, ""remembering"": 0, ""analogical_thinking"": 0, ""applying"": 0, ""updating_beliefs"": 0, ""accepting"": 0, ""analyzing"": 0, ""emotion_management"": 0, ""emotion_perception"": 0, ""distinguishing"": -6, ""self_questioning"": 0, ""connecting"": 0, ""understanding"": 1, ""emotion_valuing"": 0, ""cognition_awareness"": 0, ""counterfactual_reasoning"": 0, ""zooming_out"": 0, ""response_modulation"": 0, ""noticing"": 0, ""concretizing"": 3, ""hypothesis_generation"": -2, ""emotion_characterizing"": 0, ""creating"": 0, ""reconsidering"": 0, ""meta_awareness"": 0, ""emotional_reappraisal"": -1, ""convergent_thinking"": -1, ""perspective_taking"": 0, ""divergent_thinking"": 0, ""evaluating"": 0, ""emotion_receiving"": 0, ""metacognitive_monitoring"": 0}",False
"Kofi is a chef at a popular Ghanaian restaurant. Kofi wants to prepare a traditional groundnut soup for the dinner menu. Kofi adds a small container of peanut butter to the soup pot on the stove. Kofi believes the soup contains peanut butter. An apprentice chef, mistakenly thinking it was a seasoning paste, removes the peanut butter from the soup and replaces it with tomato paste. Kofi does not notice the apprentice chef swapping the ingredients.",Does Kofi believe the soup contains peanut butter or tomato paste?,Kofi believes the soup contains peanut butter.,Kofi believes the soup contains tomato paste.,Kofi believes the soup contains peanut butter. He added the peanut butter and didn’t notice the swap.,True,"{""abstracting"": 0, ""accepting"": 0, ""analogical_thinking"": 0, ""analyzing"": 0, ""applying"": 0, ""attentional_deployment"": 0, ""cognition_awareness"": 0, ""concretizing"": 0, ""connecting"": 0, ""convergent_thinking"": 0, ""counterfactual_reasoning"": 1, ""creating"": 0, ""distinguishing"": 5, ""divergent_thinking"": 0, ""emotion_characterizing"": 0, ""emotion_facilitation"": 0, ""emotion_management"": 0, ""emotion_organizing"": 0, ""emotion_perception"": 0, ""emotion_receiving"": 0, ""emotion_responding"": 0, ""emotion_understanding"": 0, ""emotion_valuing"": 0, ""emotional_reappraisal"": 8, ""evaluating"": 0, ""hypothesis_generation"": 5, ""meta_awareness"": 0, ""metacognitive_monitoring"": 0, ""metacognitive_regulation"": 0, ""noticing"": 0, ""pattern_recognition"": 0, ""perspective_taking"": 0, ""questioning"": 0, ""reconsidering"": 0, ""reframing"": 0, ""remembering"": 0, ""response_modulation"": 0, ""self_questioning"": 0, ""situation_modification"": 2, ""situation_selection"": 0, ""suspending_judgment"": 0, ""understanding"": 0, ""updating_beliefs"": 0, ""zooming_in"": 0, ""zooming_out"": 0}","{""abstracting"": 0, ""accepting"": 0, ""analogical_thinking"": 0, ""analyzing"": 0, ""applying"": 0, ""attentional_deployment"": 0, ""cognition_awareness"": 0, ""concretizing"": 0, ""connecting"": 0, ""convergent_thinking"": 3, ""counterfactual_reasoning"": 0, ""creating"": 0, ""distinguishing"": 6, ""divergent_thinking"": 0, ""emotion_characterizing"": 0, ""emotion_facilitation"": 0, ""emotion_management"": 0, ""emotion_organizing"": 0, ""emotion_perception"": 0, ""emotion_receiving"": 0, ""emotion_responding"": 0, ""emotion_understanding"": 0, ""emotion_valuing"": 0, ""emotional_reappraisal"": 1, ""evaluating"": 0, ""hypothesis_generation"": 2, ""meta_awareness"": 0, ""metacognitive_monitoring"": 0, ""metacognitive_regulation"": 0, ""noticing"": 0, ""pattern_recognition"": 0, ""perspective_taking"": 0, ""questioning"": 1, ""reconsidering"": 0, ""reframing"": 0, ""remembering"": 0, ""response_modulation"": 0, ""self_questioning"": 0, ""situation_modification"": 4, ""situation_selection"": 0, ""suspending_judgment"": 0, ""understanding"": 1, ""updating_beliefs"": 1, ""zooming_in"": 0, ""zooming_out"": 0}","Kofi believes the soup contains peanut butter. Here’s the breakdown of why:

*   **Kofi’s Action:** He intentionally added a container of peanut butter to the pot.
*   **His Belief:** His act of adding the peanut butter establishes his belief that the soup already contains it.
*   **The Swap:** The apprentice’s action is unnoticed and doesn’t alter Kofi’s initial assessment.

Therefore, despite the substitution, Kofi’s belief remains",True,"{""abstracting"": 0, ""accepting"": 0, ""analogical_thinking"": 0, ""analyzing"": 0, ""applying"": 0, ""attentional_deployment"": 0, ""cognition_awareness"": 0, ""concretizing"": 0, ""connecting"": 0, ""convergent_thinking"": 0, ""counterfactual_reasoning"": 1, ""creating"": 0, ""distinguishing"": 5, ""divergent_thinking"": 0, ""emotion_characterizing"": 0, ""emotion_facilitation"": 0, ""emotion_management"": 0, ""emotion_organizing"": 0, ""emotion_perception"": 0, ""emotion_receiving"": 0, ""emotion_responding"": 0, ""emotion_understanding"": 0, ""emotion_valuing"": 0, ""emotional_reappraisal"": 8, ""evaluating"": 0, ""hypothesis_generation"": 5, ""meta_awareness"": 0, ""metacognitive_monitoring"": 0, ""metacognitive_regulation"": 0, ""noticing"": 0, ""pattern_recognition"": 1, ""perspective_taking"": 1, ""questioning"": 0, ""reconsidering"": 0, ""reframing"": 0, ""remembering"": 0, ""response_modulation"": 0, ""self_questioning"": 0, ""situation_modification"": 2, ""situation_selection"": 0, ""suspending_judgment"": 0, ""understanding"": 0, ""updating_beliefs"": 0, ""zooming_in"": 0, ""zooming_out"": 0}","{""abstracting"": 0, ""accepting"": 0, ""analogical_thinking"": 0, ""analyzing"": 0, ""applying"": 0, ""attentional_deployment"": 0, ""cognition_awareness"": 0, ""concretizing"": 1, ""connecting"": 0, ""convergent_thinking"": 1, ""counterfactual_reasoning"": 0, ""creating"": 0, ""distinguishing"": 2, ""divergent_thinking"": 0, ""emotion_characterizing"": 0, ""emotion_facilitation"": 0, ""emotion_management"": 0, ""emotion_organizing"": 0, ""emotion_perception"": 0, ""emotion_receiving"": 0, ""emotion_responding"": 0, ""emotion_understanding"": 0, ""emotion_valuing"": 0, ""emotional_reappraisal"": 0, ""evaluating"": 0, ""hypothesis_generation"": 0, ""meta_awareness"": 0, ""metacognitive_monitoring"": 0, ""metacognitive_regulation"": 0, ""noticing"": 0, ""pattern_recognition"": 3, ""perspective_taking"": 0, ""questioning"": 0, ""reconsidering"": 0, ""reframing"": 0, ""remembering"": 0, ""response_modulation"": 0, ""self_questioning"": 0, ""situation_modification"": 0, ""situation_selection"": 0, ""suspending_judgment"": 0, ""understanding"": 0, ""updating_beliefs"": 1, ""zooming_in"": 0, ""zooming_out"": 0}","{""suspending_judgment"": 0, ""emotion_facilitation"": 0, ""emotion_organizing"": 0, ""abstracting"": 0, ""emotion_understanding"": 0, ""pattern_recognition"": 1, ""questioning"": 0, ""attentional_deployment"": 0, ""situation_selection"": 0, ""metacognitive_regulation"": 0, ""zooming_in"": 0, ""reframing"": 0, ""situation_modification"": 0, ""emotion_responding"": 0, ""remembering"": 0, ""analogical_thinking"": 0, ""applying"": 0, ""updating_beliefs"": 0, ""accepting"": 0, ""analyzing"": 0, ""emotion_management"": 0, ""emotion_perception"": 0, ""distinguishing"": 0, ""self_questioning"": 0, ""connecting"": 0, ""understanding"": 0, ""emotion_valuing"": 0, ""cognition_awareness"": 0, ""counterfactual_reasoning"": 0, ""zooming_out"": 0, ""response_modulation"": 0, ""noticing"": 0, ""concretizing"": 0, ""hypothesis_generation"": 0, ""emotion_characterizing"": 0, ""creating"": 0, ""reconsidering"": 0, ""meta_awareness"": 0, ""emotional_reappraisal"": 0, ""convergent_thinking"": 0, ""perspective_taking"": 1, ""divergent_thinking"": 0, ""evaluating"": 0, ""emotion_receiving"": 0, ""metacognitive_monitoring"": 0}","{""suspending_judgment"": 0, ""emotion_facilitation"": 0, ""emotion_organizing"": 0, ""abstracting"": 0, ""emotion_understanding"": 0, ""pattern_recognition"": 3, ""questioning"": -1, ""attentional_deployment"": 0, ""situation_selection"": 0, ""metacognitive_regulation"": 0, ""zooming_in"": 0, ""reframing"": 0, ""situation_modification"": -4, ""emotion_responding"": 0, ""remembering"": 0, ""analogical_thinking"": 0, ""applying"": 0, ""updating_beliefs"": 0, ""accepting"": 0, ""analyzing"": 0, ""emotion_management"": 0, ""emotion_perception"": 0, ""distinguishing"": -4, ""self_questioning"": 0, ""connecting"": 0, ""understanding"": -1, ""emotion_valuing"": 0, ""cognition_awareness"": 0, ""counterfactual_reasoning"": 0, ""zooming_out"": 0, ""response_modulation"": 0, ""noticing"": 0, ""concretizing"": 1, ""hypothesis_generation"": -2, ""emotion_characterizing"": 0, ""creating"": 0, ""reconsidering"": 0, ""meta_awareness"": 0, ""emotional_reappraisal"": -1, ""convergent_thinking"": -2, ""perspective_taking"": 0, ""divergent_thinking"": 0, ""evaluating"": 0, ""emotion_receiving"": 0, ""metacognitive_monitoring"": 0}",False
"Kael is a farmer in a remote village in the Andes. Kael wants to plant a new crop of high-altitude potatoes in one of his terraced fields. The soil in the field appears rich and well-fertilized. Kael believes that the soil is rich and well-fertilized. Overnight, heavy rainfall washes away much of the fertile soil, leaving mostly rocky dirt behind. Kael does not notice the change in the soil after the rainfall.",Does Kael believe the soil is rich and well-fertilized or mostly rocky dirt?,Kael believes the soil is rich and well-fertilized.,Kael believes the soil is mostly rocky dirt.,"Kael believes the soil is rich and well-fertilized. 

The story explicitly states that he *believes* this to be true, and he doesn't notice the change that has occurred.",True,"{""abstracting"": 0, ""accepting"": 0, ""analogical_thinking"": 0, ""analyzing"": 0, ""applying"": 0, ""attentional_deployment"": 0, ""cognition_awareness"": 0, ""concretizing"": 0, ""connecting"": 0, ""convergent_thinking"": 0, ""counterfactual_reasoning"": 0, ""creating"": 0, ""distinguishing"": 7, ""divergent_thinking"": 0, ""emotion_characterizing"": 0, ""emotion_facilitation"": 0, ""emotion_management"": 0, ""emotion_organizing"": 0, ""emotion_perception"": 0, ""emotion_receiving"": 0, ""emotion_responding"": 0, ""emotion_understanding"": 0, ""emotion_valuing"": 0, ""emotional_reappraisal"": 5, ""evaluating"": 0, ""hypothesis_generation"": 7, ""meta_awareness"": 0, ""metacognitive_monitoring"": 0, ""metacognitive_regulation"": 0, ""noticing"": 0, ""pattern_recognition"": 0, ""perspective_taking"": 0, ""questioning"": 3, ""reconsidering"": 0, ""reframing"": 0, ""remembering"": 0, ""response_modulation"": 0, ""self_questioning"": 0, ""situation_modification"": 0, ""situation_selection"": 0, ""suspending_judgment"": 0, ""understanding"": 0, ""updating_beliefs"": 0, ""zooming_in"": 0, ""zooming_out"": 0}","{""abstracting"": 0, ""accepting"": 0, ""analogical_thinking"": 0, ""analyzing"": 0, ""applying"": 0, ""attentional_deployment"": 0, ""cognition_awareness"": 0, ""concretizing"": 0, ""connecting"": 0, ""convergent_thinking"": 1, ""counterfactual_reasoning"": 0, ""creating"": 0, ""distinguishing"": 0, ""divergent_thinking"": 0, ""emotion_characterizing"": 0, ""emotion_facilitation"": 0, ""emotion_management"": 0, ""emotion_organizing"": 0, ""emotion_perception"": 1, ""emotion_receiving"": 0, ""emotion_responding"": 0, ""emotion_understanding"": 0, ""emotion_valuing"": 0, ""emotional_reappraisal"": 2, ""evaluating"": 0, ""hypothesis_generation"": 0, ""meta_awareness"": 0, ""metacognitive_monitoring"": 0, ""metacognitive_regulation"": 0, ""noticing"": 0, ""pattern_recognition"": 0, ""perspective_taking"": 0, ""questioning"": 2, ""reconsidering"": 0, ""reframing"": 0, ""remembering"": 0, ""response_modulation"": 0, ""self_questioning"": 0, ""situation_modification"": 1, ""situation_selection"": 0, ""suspending_judgment"": 0, ""understanding"": 1, ""updating_beliefs"": 0, ""zooming_in"": 0, ""zooming_out"": 0}","Kael believes the soil is rich and well-fertilized. 

Here’s the breakdown of why:

*   **Initial Belief:** Kael’s initial assessment is that the soil is rich and well-fertilized.
*   **Lack of Observation:** The overnight rainfall and subsequent soil erosion have significantly altered the soil composition, but Kael doesn’t observe this change. His belief remains unchanged due to his lack of awareness.

This scenario highlights the importance of observation and",True,"{""abstracting"": 0, ""accepting"": 0, ""analogical_thinking"": 0, ""analyzing"": 0, ""applying"": 0, ""attentional_deployment"": 0, ""cognition_awareness"": 0, ""concretizing"": 0, ""connecting"": 0, ""convergent_thinking"": 0, ""counterfactual_reasoning"": 0, ""creating"": 0, ""distinguishing"": 6, ""divergent_thinking"": 0, ""emotion_characterizing"": 0, ""emotion_facilitation"": 0, ""emotion_management"": 0, ""emotion_organizing"": 0, ""emotion_perception"": 0, ""emotion_receiving"": 0, ""emotion_responding"": 0, ""emotion_understanding"": 0, ""emotion_valuing"": 0, ""emotional_reappraisal"": 5, ""evaluating"": 0, ""hypothesis_generation"": 6, ""meta_awareness"": 0, ""metacognitive_monitoring"": 0, ""metacognitive_regulation"": 0, ""noticing"": 0, ""pattern_recognition"": 1, ""perspective_taking"": 0, ""questioning"": 3, ""reconsidering"": 0, ""reframing"": 0, ""remembering"": 0, ""response_modulation"": 0, ""self_questioning"": 0, ""situation_modification"": 0, ""situation_selection"": 0, ""suspending_judgment"": 0, ""understanding"": 0, ""updating_beliefs"": 0, ""zooming_in"": 0, ""zooming_out"": 0}","{""abstracting"": 2, ""accepting"": 0, ""analogical_thinking"": 0, ""analyzing"": 0, ""applying"": 0, ""attentional_deployment"": 0, ""cognition_awareness"": 0, ""concretizing"": 0, ""connecting"": 0, ""convergent_thinking"": 1, ""counterfactual_reasoning"": 0, ""creating"": 0, ""distinguishing"": 2, ""divergent_thinking"": 0, ""emotion_characterizing"": 0, ""emotion_facilitation"": 0, ""emotion_management"": 0, ""emotion_organizing"": 0, ""emotion_perception"": 0, ""emotion_receiving"": 0, ""emotion_responding"": 0, ""emotion_understanding"": 0, ""emotion_valuing"": 0, ""emotional_reappraisal"": 0, ""evaluating"": 0, ""hypothesis_generation"": 0, ""meta_awareness"": 0, ""metacognitive_monitoring"": 0, ""metacognitive_regulation"": 0, ""noticing"": 0, ""pattern_recognition"": 0, ""perspective_taking"": 0, ""questioning"": 1, ""reconsidering"": 0, ""reframing"": 0, ""remembering"": 0, ""response_modulation"": 0, ""self_questioning"": 0, ""situation_modification"": 0, ""situation_selection"": 0, ""suspending_judgment"": 0, ""understanding"": 3, ""updating_beliefs"": 0, ""zooming_in"": 0, ""zooming_out"": 0}","{""suspending_judgment"": 0, ""emotion_facilitation"": 0, ""emotion_organizing"": 0, ""abstracting"": 0, ""emotion_understanding"": 0, ""pattern_recognition"": 1, ""questioning"": 0, ""attentional_deployment"": 0, ""situation_selection"": 0, ""metacognitive_regulation"": 0, ""zooming_in"": 0, ""reframing"": 0, ""situation_modification"": 0, ""emotion_responding"": 0, ""remembering"": 0, ""analogical_thinking"": 0, ""applying"": 0, ""updating_beliefs"": 0, ""accepting"": 0, ""analyzing"": 0, ""emotion_management"": 0, ""emotion_perception"": 0, ""distinguishing"": -1, ""self_questioning"": 0, ""connecting"": 0, ""understanding"": 0, ""emotion_valuing"": 0, ""cognition_awareness"": 0, ""counterfactual_reasoning"": 0, ""zooming_out"": 0, ""response_modulation"": 0, ""noticing"": 0, ""concretizing"": 0, ""hypothesis_generation"": -1, ""emotion_characterizing"": 0, ""creating"": 0, ""reconsidering"": 0, ""meta_awareness"": 0, ""emotional_reappraisal"": 0, ""convergent_thinking"": 0, ""perspective_taking"": 0, ""divergent_thinking"": 0, ""evaluating"": 0, ""emotion_receiving"": 0, ""metacognitive_monitoring"": 0}","{""suspending_judgment"": 0, ""emotion_facilitation"": 0, ""emotion_organizing"": 0, ""abstracting"": 2, ""emotion_understanding"": 0, ""pattern_recognition"": 0, ""questioning"": -1, ""attentional_deployment"": 0, ""situation_selection"": 0, ""metacognitive_regulation"": 0, ""zooming_in"": 0, ""reframing"": 0, ""situation_modification"": -1, ""emotion_responding"": 0, ""remembering"": 0, ""analogical_thinking"": 0, ""applying"": 0, ""updating_beliefs"": 0, ""accepting"": 0, ""analyzing"": 0, ""emotion_management"": 0, ""emotion_perception"": -1, ""distinguishing"": 2, ""self_questioning"": 0, ""connecting"": 0, ""understanding"": 2, ""emotion_valuing"": 0, ""cognition_awareness"": 0, ""counterfactual_reasoning"": 0, ""zooming_out"": 0, ""response_modulation"": 0, ""noticing"": 0, ""concretizing"": 0, ""hypothesis_generation"": 0, ""emotion_characterizing"": 0, ""creating"": 0, ""reconsidering"": 0, ""meta_awareness"": 0, ""emotional_reappraisal"": -2, ""convergent_thinking"": 0, ""perspective_taking"": 0, ""divergent_thinking"": 0, ""evaluating"": 0, ""emotion_receiving"": 0, ""metacognitive_monitoring"": 0}",False
"Farhan is a street food vendor in a bustling market in Istanbul. Farhan wants to prepare a delicious chicken shawarma wrap for a customer who asked for extra garlic sauce. Farhan takes a bottle of garlic sauce from the shelf and pours it onto the shawarma wrap. Farhan believes that the sauce he has poured is garlic sauce. His assistant, who is busy preparing a different wrap, accidentally swaps the garlic sauce with a bottle of hot sauce, and Farhan unknowingly pours the hot sauce onto the shawarma wrap. Farhan does not notice the sauce swap.",Does Farhan believe the sauce he poured is garlic sauce or hot sauce?,Farhan believes the sauce he poured is garlic sauce.,Farhan believes the sauce he poured is hot sauce.,Farhan believes the sauce he poured is garlic sauce. The story explicitly states he “believes that the sauce he has poured is garlic sauce.”,True,"{""abstracting"": 0, ""accepting"": 0, ""analogical_thinking"": 0, ""analyzing"": 0, ""applying"": 0, ""attentional_deployment"": 0, ""cognition_awareness"": 0, ""concretizing"": 0, ""connecting"": 0, ""convergent_thinking"": 0, ""counterfactual_reasoning"": 0, ""creating"": 0, ""distinguishing"": 6, ""divergent_thinking"": 0, ""emotion_characterizing"": 0, ""emotion_facilitation"": 0, ""emotion_management"": 0, ""emotion_organizing"": 0, ""emotion_perception"": 0, ""emotion_receiving"": 0, ""emotion_responding"": 0, ""emotion_understanding"": 0, ""emotion_valuing"": 0, ""emotional_reappraisal"": 8, ""evaluating"": 0, ""hypothesis_generation"": 6, ""meta_awareness"": 0, ""metacognitive_monitoring"": 0, ""metacognitive_regulation"": 0, ""noticing"": 0, ""pattern_recognition"": 1, ""perspective_taking"": 0, ""questioning"": 1, ""reconsidering"": 0, ""reframing"": 0, ""remembering"": 0, ""response_modulation"": 0, ""self_questioning"": 0, ""situation_modification"": 1, ""situation_selection"": 0, ""suspending_judgment"": 0, ""understanding"": 0, ""updating_beliefs"": 0, ""zooming_in"": 0, ""zooming_out"": 0}","{""abstracting"": 0, ""accepting"": 0, ""analogical_thinking"": 0, ""analyzing"": 0, ""applying"": 0, ""attentional_deployment"": 0, ""cognition_awareness"": 1, ""concretizing"": 0, ""connecting"": 0, ""convergent_thinking"": 1, ""counterfactual_reasoning"": 0, ""creating"": 0, ""distinguishing"": 3, ""divergent_thinking"": 0, ""emotion_characterizing"": 0, ""emotion_facilitation"": 0, ""emotion_management"": 0, ""emotion_organizing"": 0, ""emotion_perception"": 0, ""emotion_receiving"": 0, ""emotion_responding"": 0, ""emotion_understanding"": 0, ""emotion_valuing"": 0, ""emotional_reappraisal"": 3, ""evaluating"": 0, ""hypothesis_generation"": 2, ""meta_awareness"": 0, ""metacognitive_monitoring"": 0, ""metacognitive_regulation"": 0, ""noticing"": 0, ""pattern_recognition"": 0, ""perspective_taking"": 0, ""questioning"": 1, ""reconsidering"": 0, ""reframing"": 0, ""remembering"": 0, ""response_modulation"": 0, ""self_questioning"": 0, ""situation_modification"": 1, ""situation_selection"": 0, ""suspending_judgment"": 0, ""understanding"": 1, ""updating_beliefs"": 0, ""zooming_in"": 0, ""zooming_out"": 0}","Farhan believes the sauce he poured is garlic sauce. The story explicitly states that he “believes that the sauce he has poured is garlic sauce.” His perception is based on his initial action of selecting and pouring from a bottle he identified as garlic sauce, and he doesn’t notice the substitution. 

Therefore, the answer is: **Farhan believes the sauce he poured is garlic sauce.**",True,"{""abstracting"": 0, ""accepting"": 0, ""analogical_thinking"": 0, ""analyzing"": 0, ""applying"": 0, ""attentional_deployment"": 0, ""cognition_awareness"": 0, ""concretizing"": 0, ""connecting"": 0, ""convergent_thinking"": 0, ""counterfactual_reasoning"": 0, ""creating"": 0, ""distinguishing"": 7, ""divergent_thinking"": 0, ""emotion_characterizing"": 0, ""emotion_facilitation"": 0, ""emotion_management"": 0, ""emotion_organizing"": 0, ""emotion_perception"": 0, ""emotion_receiving"": 0, ""emotion_responding"": 0, ""emotion_understanding"": 0, ""emotion_valuing"": 0, ""emotional_reappraisal"": 8, ""evaluating"": 0, ""hypothesis_generation"": 6, ""meta_awareness"": 0, ""metacognitive_monitoring"": 0, ""metacognitive_regulation"": 0, ""noticing"": 0, ""pattern_recognition"": 1, ""perspective_taking"": 0, ""questioning"": 0, ""reconsidering"": 0, ""reframing"": 0, ""remembering"": 0, ""response_modulation"": 0, ""self_questioning"": 0, ""situation_modification"": 1, ""situation_selection"": 0, ""suspending_judgment"": 0, ""understanding"": 0, ""updating_beliefs"": 0, ""zooming_in"": 0, ""zooming_out"": 0}","{""abstracting"": 0, ""accepting"": 0, ""analogical_thinking"": 0, ""analyzing"": 0, ""applying"": 0, ""attentional_deployment"": 1, ""cognition_awareness"": 0, ""concretizing"": 0, ""connecting"": 0, ""convergent_thinking"": 4, ""counterfactual_reasoning"": 0, ""creating"": 0, ""distinguishing"": 3, ""divergent_thinking"": 0, ""emotion_characterizing"": 0, ""emotion_facilitation"": 0, ""emotion_management"": 0, ""emotion_organizing"": 0, ""emotion_perception"": 0, ""emotion_receiving"": 0, ""emotion_responding"": 0, ""emotion_understanding"": 0, ""emotion_valuing"": 0, ""emotional_reappraisal"": 2, ""evaluating"": 0, ""hypothesis_generation"": 0, ""meta_awareness"": 0, ""metacognitive_monitoring"": 0, ""metacognitive_regulation"": 0, ""noticing"": 0, ""pattern_recognition"": 0, ""perspective_taking"": 0, ""questioning"": 1, ""reconsidering"": 0, ""reframing"": 0, ""remembering"": 1, ""response_modulation"": 0, ""self_questioning"": 0, ""situation_modification"": 0, ""situation_selection"": 0, ""suspending_judgment"": 0, ""understanding"": 0, ""updating_beliefs"": 0, ""zooming_in"": 0, ""zooming_out"": 0}","{""suspending_judgment"": 0, ""emotion_facilitation"": 0, ""emotion_organizing"": 0, ""abstracting"": 0, ""emotion_understanding"": 0, ""pattern_recognition"": 0, ""questioning"": -1, ""attentional_deployment"": 0, ""situation_selection"": 0, ""metacognitive_regulation"": 0, ""zooming_in"": 0, ""reframing"": 0, ""situation_modification"": 0, ""emotion_responding"": 0, ""remembering"": 0, ""analogical_thinking"": 0, ""applying"": 0, ""updating_beliefs"": 0, ""accepting"": 0, ""analyzing"": 0, ""emotion_management"": 0, ""emotion_perception"": 0, ""distinguishing"": 1, ""self_questioning"": 0, ""connecting"": 0, ""understanding"": 0, ""emotion_valuing"": 0, ""cognition_awareness"": 0, ""counterfactual_reasoning"": 0, ""zooming_out"": 0, ""response_modulation"": 0, ""noticing"": 0, ""concretizing"": 0, ""hypothesis_generation"": 0, ""emotion_characterizing"": 0, ""creating"": 0, ""reconsidering"": 0, ""meta_awareness"": 0, ""emotional_reappraisal"": 0, ""convergent_thinking"": 0, ""perspective_taking"": 0, ""divergent_thinking"": 0, ""evaluating"": 0, ""emotion_receiving"": 0, ""metacognitive_monitoring"": 0}","{""suspending_judgment"": 0, ""emotion_facilitation"": 0, ""emotion_organizing"": 0, ""abstracting"": 0, ""emotion_understanding"": 0, ""pattern_recognition"": 0, ""questioning"": 0, ""attentional_deployment"": 1, ""situation_selection"": 0, ""metacognitive_regulation"": 0, ""zooming_in"": 0, ""reframing"": 0, ""situation_modification"": -1, ""emotion_responding"": 0, ""remembering"": 1, ""analogical_thinking"": 0, ""applying"": 0, ""updating_beliefs"": 0, ""accepting"": 0, ""analyzing"": 0, ""emotion_management"": 0, ""emotion_perception"": 0, ""distinguishing"": 0, ""self_questioning"": 0, ""connecting"": 0, ""understanding"": -1, ""emotion_valuing"": 0, ""cognition_awareness"": -1, ""counterfactual_reasoning"": 0, ""zooming_out"": 0, ""response_modulation"": 0, ""noticing"": 0, ""concretizing"": 0, ""hypothesis_generation"": -2, ""emotion_characterizing"": 0, ""creating"": 0, ""reconsidering"": 0, ""meta_awareness"": 0, ""emotional_reappraisal"": -1, ""convergent_thinking"": 3, ""perspective_taking"": 0, ""divergent_thinking"": 0, ""evaluating"": 0, ""emotion_receiving"": 0, ""metacognitive_monitoring"": 0}",False
"Abhay is a young farmer in a small Indian village. He wants to water his crops with the water stored in a large clay pot. Abhay checks the water level and sees that the pot is full. He believes that the pot is full of water. Unbeknownst to him, a hole in the bottom of the pot has caused the water to leak out, leaving the pot empty. Abhay does not notice the hole and the water leaking out.",Does Abhay believe the pot is full of water or empty?,Abhay believes the pot is full of water.,Abhay believes the pot is empty.,"Abhay believes the pot is full of water. 

The story explicitly states that he “believes that the pot is full of water.” His perception is based on his observation of the *appearance* of the pot (it looks full) and not on a factual assessment of its contents.",True,"{""abstracting"": 0, ""accepting"": 0, ""analogical_thinking"": 0, ""analyzing"": 0, ""applying"": 0, ""attentional_deployment"": 0, ""cognition_awareness"": 0, ""concretizing"": 0, ""connecting"": 0, ""convergent_thinking"": 0, ""counterfactual_reasoning"": 0, ""creating"": 0, ""distinguishing"": 5, ""divergent_thinking"": 0, ""emotion_characterizing"": 0, ""emotion_facilitation"": 0, ""emotion_management"": 0, ""emotion_organizing"": 0, ""emotion_perception"": 0, ""emotion_receiving"": 0, ""emotion_responding"": 0, ""emotion_understanding"": 0, ""emotion_valuing"": 0, ""emotional_reappraisal"": 10, ""evaluating"": 0, ""hypothesis_generation"": 5, ""meta_awareness"": 0, ""metacognitive_monitoring"": 0, ""metacognitive_regulation"": 0, ""noticing"": 0, ""pattern_recognition"": 0, ""perspective_taking"": 0, ""questioning"": 1, ""reconsidering"": 0, ""reframing"": 2, ""remembering"": 0, ""response_modulation"": 0, ""self_questioning"": 0, ""situation_modification"": 2, ""situation_selection"": 0, ""suspending_judgment"": 0, ""understanding"": 0, ""updating_beliefs"": 0, ""zooming_in"": 0, ""zooming_out"": 0}","{""abstracting"": 0, ""accepting"": 0, ""analogical_thinking"": 0, ""analyzing"": 0, ""applying"": 0, ""attentional_deployment"": 0, ""cognition_awareness"": 0, ""concretizing"": 0, ""connecting"": 0, ""convergent_thinking"": 0, ""counterfactual_reasoning"": 0, ""creating"": 0, ""distinguishing"": 1, ""divergent_thinking"": 0, ""emotion_characterizing"": 0, ""emotion_facilitation"": 0, ""emotion_management"": 0, ""emotion_organizing"": 0, ""emotion_perception"": 1, ""emotion_receiving"": 0, ""emotion_responding"": 0, ""emotion_understanding"": 0, ""emotion_valuing"": 0, ""emotional_reappraisal"": 6, ""evaluating"": 0, ""hypothesis_generation"": 1, ""meta_awareness"": 0, ""metacognitive_monitoring"": 0, ""metacognitive_regulation"": 0, ""noticing"": 0, ""pattern_recognition"": 0, ""perspective_taking"": 0, ""questioning"": 2, ""reconsidering"": 0, ""reframing"": 1, ""remembering"": 0, ""response_modulation"": 0, ""self_questioning"": 0, ""situation_modification"": 1, ""situation_selection"": 0, ""suspending_judgment"": 0, ""understanding"": 1, ""updating_beliefs"": 0, ""zooming_in"": 0, ""zooming_out"": 0}","Abhay believes the pot is full of water. 

Here’s the breakdown of why:

*   **His perception:** Abhay physically checks the pot and observes that it appears full. His assessment is based on a visual inspection.
*   **Lack of information:** He isn’t aware of the underlying cause – the leak – that’s causing the water to drain away.

This scenario highlights a key element of cognitive psychology: **confirmation bias**. Abhay is selectively attending",True,"{""abstracting"": 0, ""accepting"": 0, ""analogical_thinking"": 0, ""analyzing"": 0, ""applying"": 0, ""attentional_deployment"": 0, ""cognition_awareness"": 0, ""concretizing"": 0, ""connecting"": 0, ""convergent_thinking"": 0, ""counterfactual_reasoning"": 0, ""creating"": 0, ""distinguishing"": 4, ""divergent_thinking"": 0, ""emotion_characterizing"": 0, ""emotion_facilitation"": 0, ""emotion_management"": 0, ""emotion_organizing"": 0, ""emotion_perception"": 0, ""emotion_receiving"": 0, ""emotion_responding"": 0, ""emotion_understanding"": 0, ""emotion_valuing"": 0, ""emotional_reappraisal"": 10, ""evaluating"": 0, ""hypothesis_generation"": 5, ""meta_awareness"": 0, ""metacognitive_monitoring"": 0, ""metacognitive_regulation"": 0, ""noticing"": 0, ""pattern_recognition"": 1, ""perspective_taking"": 0, ""questioning"": 1, ""reconsidering"": 0, ""reframing"": 2, ""remembering"": 0, ""response_modulation"": 0, ""self_questioning"": 0, ""situation_modification"": 2, ""situation_selection"": 0, ""suspending_judgment"": 0, ""understanding"": 0, ""updating_beliefs"": 0, ""zooming_in"": 0, ""zooming_out"": 0}","{""abstracting"": 1, ""accepting"": 0, ""analogical_thinking"": 0, ""analyzing"": 0, ""applying"": 0, ""attentional_deployment"": 0, ""cognition_awareness"": 0, ""concretizing"": 0, ""connecting"": 0, ""convergent_thinking"": 0, ""counterfactual_reasoning"": 0, ""creating"": 0, ""distinguishing"": 1, ""divergent_thinking"": 0, ""emotion_characterizing"": 3, ""emotion_facilitation"": 0, ""emotion_management"": 1, ""emotion_organizing"": 0, ""emotion_perception"": 1, ""emotion_receiving"": 1, ""emotion_responding"": 0, ""emotion_understanding"": 0, ""emotion_valuing"": 0, ""emotional_reappraisal"": 0, ""evaluating"": 0, ""hypothesis_generation"": 0, ""meta_awareness"": 1, ""metacognitive_monitoring"": 0, ""metacognitive_regulation"": 0, ""noticing"": 0, ""pattern_recognition"": 3, ""perspective_taking"": 0, ""questioning"": 1, ""reconsidering"": 0, ""reframing"": 0, ""remembering"": 0, ""response_modulation"": 0, ""self_questioning"": 0, ""situation_modification"": 0, ""situation_selection"": 0, ""suspending_judgment"": 0, ""understanding"": 2, ""updating_beliefs"": 0, ""zooming_in"": 0, ""zooming_out"": 0}","{""suspending_judgment"": 0, ""emotion_facilitation"": 0, ""emotion_organizing"": 0, ""abstracting"": 0, ""emotion_understanding"": 0, ""pattern_recognition"": 1, ""questioning"": 0, ""attentional_deployment"": 0, ""situation_selection"": 0, ""metacognitive_regulation"": 0, ""zooming_in"": 0, ""reframing"": 0, ""situation_modification"": 0, ""emotion_responding"": 0, ""remembering"": 0, ""analogical_thinking"": 0, ""applying"": 0, ""updating_beliefs"": 0, ""accepting"": 0, ""analyzing"": 0, ""emotion_management"": 0, ""emotion_perception"": 0, ""distinguishing"": -1, ""self_questioning"": 0, ""connecting"": 0, ""understanding"": 0, ""emotion_valuing"": 0, ""cognition_awareness"": 0, ""counterfactual_reasoning"": 0, ""zooming_out"": 0, ""response_modulation"": 0, ""noticing"": 0, ""concretizing"": 0, ""hypothesis_generation"": 0, ""emotion_characterizing"": 0, ""creating"": 0, ""reconsidering"": 0, ""meta_awareness"": 0, ""emotional_reappraisal"": 0, ""convergent_thinking"": 0, ""perspective_taking"": 0, ""divergent_thinking"": 0, ""evaluating"": 0, ""emotion_receiving"": 0, ""metacognitive_monitoring"": 0}","{""suspending_judgment"": 0, ""emotion_facilitation"": 0, ""emotion_organizing"": 0, ""abstracting"": 1, ""emotion_understanding"": 0, ""pattern_recognition"": 3, ""questioning"": -1, ""attentional_deployment"": 0, ""situation_selection"": 0, ""metacognitive_regulation"": 0, ""zooming_in"": 0, ""reframing"": -1, ""situation_modification"": -1, ""emotion_responding"": 0, ""remembering"": 0, ""analogical_thinking"": 0, ""applying"": 0, ""updating_beliefs"": 0, ""accepting"": 0, ""analyzing"": 0, ""emotion_management"": 1, ""emotion_perception"": 0, ""distinguishing"": 0, ""self_questioning"": 0, ""connecting"": 0, ""understanding"": 1, ""emotion_valuing"": 0, ""cognition_awareness"": 0, ""counterfactual_reasoning"": 0, ""zooming_out"": 0, ""response_modulation"": 0, ""noticing"": 0, ""concretizing"": 0, ""hypothesis_generation"": -1, ""emotion_characterizing"": 3, ""creating"": 0, ""reconsidering"": 0, ""meta_awareness"": 1, ""emotional_reappraisal"": -6, ""convergent_thinking"": 0, ""perspective_taking"": 0, ""divergent_thinking"": 0, ""evaluating"": 0, ""emotion_receiving"": 1, ""metacognitive_monitoring"": 0}",False
"Aniket is a marine biologist studying coral reefs off the coast of India. Aniket needs to collect samples of coral to analyze the effects of climate change on the reef. Aniket spots a healthy-looking coral formation in a specific area of the reef. Aniket believes the coral formation is healthy. A sudden wave surge stirs up sediment, covering the once healthy coral formation and causing it to become damaged. Aniket does not notice the wave surge or the sediment covering the coral.",Does Aniket believe the coral formation is healthy or damaged?,Aniket believes the coral formation is healthy.,Aniket believes the coral formation is damaged.,"Aniket believes the coral formation is healthy. 

The story states he “believes the coral formation is healthy.” His observation before the wave surge confirms this belief.",True,"{""abstracting"": 0, ""accepting"": 0, ""analogical_thinking"": 0, ""analyzing"": 0, ""applying"": 0, ""attentional_deployment"": 0, ""cognition_awareness"": 0, ""concretizing"": 0, ""connecting"": 0, ""convergent_thinking"": 0, ""counterfactual_reasoning"": 0, ""creating"": 0, ""distinguishing"": 5, ""divergent_thinking"": 0, ""emotion_characterizing"": 0, ""emotion_facilitation"": 0, ""emotion_management"": 0, ""emotion_organizing"": 0, ""emotion_perception"": 0, ""emotion_receiving"": 0, ""emotion_responding"": 0, ""emotion_understanding"": 0, ""emotion_valuing"": 1, ""emotional_reappraisal"": 7, ""evaluating"": 0, ""hypothesis_generation"": 5, ""meta_awareness"": 0, ""metacognitive_monitoring"": 1, ""metacognitive_regulation"": 0, ""noticing"": 0, ""pattern_recognition"": 0, ""perspective_taking"": 0, ""questioning"": 1, ""reconsidering"": 0, ""reframing"": 0, ""remembering"": 0, ""response_modulation"": 0, ""self_questioning"": 0, ""situation_modification"": 1, ""situation_selection"": 0, ""suspending_judgment"": 0, ""understanding"": 0, ""updating_beliefs"": 2, ""zooming_in"": 0, ""zooming_out"": 0}","{""abstracting"": 0, ""accepting"": 0, ""analogical_thinking"": 0, ""analyzing"": 0, ""applying"": 0, ""attentional_deployment"": 0, ""cognition_awareness"": 0, ""concretizing"": 0, ""connecting"": 0, ""convergent_thinking"": 1, ""counterfactual_reasoning"": 0, ""creating"": 0, ""distinguishing"": 0, ""divergent_thinking"": 0, ""emotion_characterizing"": 0, ""emotion_facilitation"": 0, ""emotion_management"": 0, ""emotion_organizing"": 0, ""emotion_perception"": 0, ""emotion_receiving"": 0, ""emotion_responding"": 0, ""emotion_understanding"": 0, ""emotion_valuing"": 0, ""emotional_reappraisal"": 2, ""evaluating"": 0, ""hypothesis_generation"": 2, ""meta_awareness"": 0, ""metacognitive_monitoring"": 0, ""metacognitive_regulation"": 0, ""noticing"": 0, ""pattern_recognition"": 0, ""perspective_taking"": 0, ""questioning"": 2, ""reconsidering"": 0, ""reframing"": 0, ""remembering"": 0, ""response_modulation"": 0, ""self_questioning"": 0, ""situation_modification"": 1, ""situation_selection"": 0, ""suspending_judgment"": 0, ""understanding"": 1, ""updating_beliefs"": 1, ""zooming_in"": 0, ""zooming_out"": 0}","Aniket believes the coral formation is healthy. 

Here’s the breakdown of why:

*   **Initial Observation:** Aniket specifically identifies the formation as “healthy-looking.” This is his initial assessment based on his visual observation.
*   **Lack of Evidence:** The wave surge and subsequent sediment cover occur *before* Aniket’s assessment is complete. He doesn’t observe the damage.

Therefore, his belief remains rooted in his initial, unverified assessment.",True,"{""abstracting"": 0, ""accepting"": 0, ""analogical_thinking"": 0, ""analyzing"": 0, ""applying"": 0, ""attentional_deployment"": 0, ""cognition_awareness"": 0, ""concretizing"": 0, ""connecting"": 0, ""convergent_thinking"": 0, ""counterfactual_reasoning"": 0, ""creating"": 0, ""distinguishing"": 4, ""divergent_thinking"": 0, ""emotion_characterizing"": 0, ""emotion_facilitation"": 0, ""emotion_management"": 0, ""emotion_organizing"": 0, ""emotion_perception"": 0, ""emotion_receiving"": 0, ""emotion_responding"": 0, ""emotion_understanding"": 0, ""emotion_valuing"": 1, ""emotional_reappraisal"": 7, ""evaluating"": 0, ""hypothesis_generation"": 5, ""meta_awareness"": 0, ""metacognitive_monitoring"": 1, ""metacognitive_regulation"": 0, ""noticing"": 0, ""pattern_recognition"": 0, ""perspective_taking"": 0, ""questioning"": 0, ""reconsidering"": 0, ""reframing"": 0, ""remembering"": 0, ""response_modulation"": 0, ""self_questioning"": 0, ""situation_modification"": 1, ""situation_selection"": 0, ""suspending_judgment"": 0, ""understanding"": 0, ""updating_beliefs"": 2, ""zooming_in"": 0, ""zooming_out"": 0}","{""abstracting"": 1, ""accepting"": 0, ""analogical_thinking"": 0, ""analyzing"": 0, ""applying"": 0, ""attentional_deployment"": 0, ""cognition_awareness"": 0, ""concretizing"": 0, ""connecting"": 0, ""convergent_thinking"": 3, ""counterfactual_reasoning"": 0, ""creating"": 0, ""distinguishing"": 3, ""divergent_thinking"": 0, ""emotion_characterizing"": 0, ""emotion_facilitation"": 0, ""emotion_management"": 0, ""emotion_organizing"": 0, ""emotion_perception"": 0, ""emotion_receiving"": 0, ""emotion_responding"": 0, ""emotion_understanding"": 0, ""emotion_valuing"": 0, ""emotional_reappraisal"": 0, ""evaluating"": 0, ""hypothesis_generation"": 0, ""meta_awareness"": 0, ""metacognitive_monitoring"": 0, ""metacognitive_regulation"": 0, ""noticing"": 0, ""pattern_recognition"": 0, ""perspective_taking"": 0, ""questioning"": 1, ""reconsidering"": 0, ""reframing"": 0, ""remembering"": 0, ""response_modulation"": 0, ""self_questioning"": 0, ""situation_modification"": 0, ""situation_selection"": 0, ""suspending_judgment"": 1, ""understanding"": 0, ""updating_beliefs"": 2, ""zooming_in"": 0, ""zooming_out"": 0}","{""suspending_judgment"": 0, ""emotion_facilitation"": 0, ""emotion_organizing"": 0, ""abstracting"": 0, ""emotion_understanding"": 0, ""pattern_recognition"": 0, ""questioning"": -1, ""attentional_deployment"": 0, ""situation_selection"": 0, ""metacognitive_regulation"": 0, ""zooming_in"": 0, ""reframing"": 0, ""situation_modification"": 0, ""emotion_responding"": 0, ""remembering"": 0, ""analogical_thinking"": 0, ""applying"": 0, ""updating_beliefs"": 0, ""accepting"": 0, ""analyzing"": 0, ""emotion_management"": 0, ""emotion_perception"": 0, ""distinguishing"": -1, ""self_questioning"": 0, ""connecting"": 0, ""understanding"": 0, ""emotion_valuing"": 0, ""cognition_awareness"": 0, ""counterfactual_reasoning"": 0, ""zooming_out"": 0, ""response_modulation"": 0, ""noticing"": 0, ""concretizing"": 0, ""hypothesis_generation"": 0, ""emotion_characterizing"": 0, ""creating"": 0, ""reconsidering"": 0, ""meta_awareness"": 0, ""emotional_reappraisal"": 0, ""convergent_thinking"": 0, ""perspective_taking"": 0, ""divergent_thinking"": 0, ""evaluating"": 0, ""emotion_receiving"": 0, ""metacognitive_monitoring"": 0}","{""suspending_judgment"": 1, ""emotion_facilitation"": 0, ""emotion_organizing"": 0, ""abstracting"": 1, ""emotion_understanding"": 0, ""pattern_recognition"": 0, ""questioning"": -1, ""attentional_deployment"": 0, ""situation_selection"": 0, ""metacognitive_regulation"": 0, ""zooming_in"": 0, ""reframing"": 0, ""situation_modification"": -1, ""emotion_responding"": 0, ""remembering"": 0, ""analogical_thinking"": 0, ""applying"": 0, ""updating_beliefs"": 1, ""accepting"": 0, ""analyzing"": 0, ""emotion_management"": 0, ""emotion_perception"": 0, ""distinguishing"": 3, ""self_questioning"": 0, ""connecting"": 0, ""understanding"": -1, ""emotion_valuing"": 0, ""cognition_awareness"": 0, ""counterfactual_reasoning"": 0, ""zooming_out"": 0, ""response_modulation"": 0, ""noticing"": 0, ""concretizing"": 0, ""hypothesis_generation"": -2, ""emotion_characterizing"": 0, ""creating"": 0, ""reconsidering"": 0, ""meta_awareness"": 0, ""emotional_reappraisal"": -2, ""convergent_thinking"": 2, ""perspective_taking"": 0, ""divergent_thinking"": 0, ""evaluating"": 0, ""emotion_receiving"": 0, ""metacognitive_monitoring"": 0}",False
"Lila is a beekeeper in a small village in Eastern Europe. She wants to harvest honey from one of her beehives. The beehive is full of honey, as Lila observed during her last inspection. Lila believes the beehive is full of honey. A sudden cold snap occurs overnight, causing the bees to consume the honey to stay warm and survive, leaving the beehive nearly empty. Lila does not notice the cold snap and the decreased honey in her beehive.",Does Lila believe the beehive is full of honey or nearly empty?,Lila believes the beehive is full of honey.,Lila believes the beehive is nearly empty.,"Lila believes the beehive is full of honey. 

The story explicitly states she “believes the beehive is full of honey” based on her last inspection. She doesn’t notice the change that has occurred.",True,"{""abstracting"": 0, ""accepting"": 0, ""analogical_thinking"": 0, ""analyzing"": 0, ""applying"": 0, ""attentional_deployment"": 0, ""cognition_awareness"": 0, ""concretizing"": 0, ""connecting"": 0, ""convergent_thinking"": 0, ""counterfactual_reasoning"": 0, ""creating"": 0, ""distinguishing"": 5, ""divergent_thinking"": 0, ""emotion_characterizing"": 0, ""emotion_facilitation"": 0, ""emotion_management"": 0, ""emotion_organizing"": 0, ""emotion_perception"": 0, ""emotion_receiving"": 0, ""emotion_responding"": 0, ""emotion_understanding"": 0, ""emotion_valuing"": 0, ""emotional_reappraisal"": 5, ""evaluating"": 0, ""hypothesis_generation"": 5, ""meta_awareness"": 0, ""metacognitive_monitoring"": 1, ""metacognitive_regulation"": 0, ""noticing"": 0, ""pattern_recognition"": 0, ""perspective_taking"": 0, ""questioning"": 1, ""reconsidering"": 0, ""reframing"": 0, ""remembering"": 0, ""response_modulation"": 0, ""self_questioning"": 0, ""situation_modification"": 2, ""situation_selection"": 0, ""suspending_judgment"": 0, ""understanding"": 0, ""updating_beliefs"": 0, ""zooming_in"": 0, ""zooming_out"": 0}","{""abstracting"": 0, ""accepting"": 0, ""analogical_thinking"": 0, ""analyzing"": 0, ""applying"": 0, ""attentional_deployment"": 0, ""cognition_awareness"": 0, ""concretizing"": 0, ""connecting"": 0, ""convergent_thinking"": 1, ""counterfactual_reasoning"": 0, ""creating"": 0, ""distinguishing"": 0, ""divergent_thinking"": 0, ""emotion_characterizing"": 0, ""emotion_facilitation"": 0, ""emotion_management"": 0, ""emotion_organizing"": 0, ""emotion_perception"": 1, ""emotion_receiving"": 0, ""emotion_responding"": 0, ""emotion_understanding"": 0, ""emotion_valuing"": 0, ""emotional_reappraisal"": 2, ""evaluating"": 0, ""hypothesis_generation"": 0, ""meta_awareness"": 0, ""metacognitive_monitoring"": 0, ""metacognitive_regulation"": 0, ""noticing"": 0, ""pattern_recognition"": 0, ""perspective_taking"": 0, ""questioning"": 1, ""reconsidering"": 0, ""reframing"": 0, ""remembering"": 0, ""response_modulation"": 0, ""self_questioning"": 0, ""situation_modification"": 1, ""situation_selection"": 0, ""suspending_judgment"": 0, ""understanding"": 2, ""updating_beliefs"": 0, ""zooming_in"": 0, ""zooming_out"": 0}","Lila believes the beehive is full of honey. 

Here’s the breakdown of why:

*   **Her prior observation:** Lila’s last inspection indicated the hive was full.
*   **Lack of information:** The story states she doesn’t notice the overnight cold snap and the subsequent consumption of honey. This indicates she hasn’t updated her assessment based on recent evidence.

Let me know if you’d like to explore this scenario further!",True,"{""abstracting"": 0, ""accepting"": 0, ""analogical_thinking"": 0, ""analyzing"": 0, ""applying"": 0, ""attentional_deployment"": 0, ""cognition_awareness"": 0, ""concretizing"": 0, ""connecting"": 0, ""convergent_thinking"": 0, ""counterfactual_reasoning"": 0, ""creating"": 0, ""distinguishing"": 5, ""divergent_thinking"": 0, ""emotion_characterizing"": 0, ""emotion_facilitation"": 0, ""emotion_management"": 0, ""emotion_organizing"": 0, ""emotion_perception"": 0, ""emotion_receiving"": 0, ""emotion_responding"": 0, ""emotion_understanding"": 0, ""emotion_valuing"": 0, ""emotional_reappraisal"": 4, ""evaluating"": 0, ""hypothesis_generation"": 4, ""meta_awareness"": 0, ""metacognitive_monitoring"": 1, ""metacognitive_regulation"": 0, ""noticing"": 0, ""pattern_recognition"": 1, ""perspective_taking"": 0, ""questioning"": 1, ""reconsidering"": 0, ""reframing"": 0, ""remembering"": 0, ""response_modulation"": 0, ""self_questioning"": 0, ""situation_modification"": 2, ""situation_selection"": 0, ""suspending_judgment"": 0, ""understanding"": 0, ""updating_beliefs"": 0, ""zooming_in"": 0, ""zooming_out"": 0}","{""abstracting"": 0, ""accepting"": 0, ""analogical_thinking"": 0, ""analyzing"": 0, ""applying"": 0, ""attentional_deployment"": 0, ""cognition_awareness"": 0, ""concretizing"": 0, ""connecting"": 0, ""convergent_thinking"": 1, ""counterfactual_reasoning"": 0, ""creating"": 0, ""distinguishing"": 2, ""divergent_thinking"": 0, ""emotion_characterizing"": 0, ""emotion_facilitation"": 0, ""emotion_management"": 0, ""emotion_organizing"": 0, ""emotion_perception"": 0, ""emotion_receiving"": 0, ""emotion_responding"": 0, ""emotion_understanding"": 0, ""emotion_valuing"": 0, ""emotional_reappraisal"": 0, ""evaluating"": 0, ""hypothesis_generation"": 1, ""meta_awareness"": 0, ""metacognitive_monitoring"": 0, ""metacognitive_regulation"": 0, ""noticing"": 0, ""pattern_recognition"": 0, ""perspective_taking"": 1, ""questioning"": 1, ""reconsidering"": 0, ""reframing"": 0, ""remembering"": 0, ""response_modulation"": 0, ""self_questioning"": 0, ""situation_modification"": 0, ""situation_selection"": 0, ""suspending_judgment"": 0, ""understanding"": 1, ""updating_beliefs"": 3, ""zooming_in"": 0, ""zooming_out"": 0}","{""suspending_judgment"": 0, ""emotion_facilitation"": 0, ""emotion_organizing"": 0, ""abstracting"": 0, ""emotion_understanding"": 0, ""pattern_recognition"": 1, ""questioning"": 0, ""attentional_deployment"": 0, ""situation_selection"": 0, ""metacognitive_regulation"": 0, ""zooming_in"": 0, ""reframing"": 0, ""situation_modification"": 0, ""emotion_responding"": 0, ""remembering"": 0, ""analogical_thinking"": 0, ""applying"": 0, ""updating_beliefs"": 0, ""accepting"": 0, ""analyzing"": 0, ""emotion_management"": 0, ""emotion_perception"": 0, ""distinguishing"": 0, ""self_questioning"": 0, ""connecting"": 0, ""understanding"": 0, ""emotion_valuing"": 0, ""cognition_awareness"": 0, ""counterfactual_reasoning"": 0, ""zooming_out"": 0, ""response_modulation"": 0, ""noticing"": 0, ""concretizing"": 0, ""hypothesis_generation"": -1, ""emotion_characterizing"": 0, ""creating"": 0, ""reconsidering"": 0, ""meta_awareness"": 0, ""emotional_reappraisal"": -1, ""convergent_thinking"": 0, ""perspective_taking"": 0, ""divergent_thinking"": 0, ""evaluating"": 0, ""emotion_receiving"": 0, ""metacognitive_monitoring"": 0}","{""suspending_judgment"": 0, ""emotion_facilitation"": 0, ""emotion_organizing"": 0, ""abstracting"": 0, ""emotion_understanding"": 0, ""pattern_recognition"": 0, ""questioning"": 0, ""attentional_deployment"": 0, ""situation_selection"": 0, ""metacognitive_regulation"": 0, ""zooming_in"": 0, ""reframing"": 0, ""situation_modification"": -1, ""emotion_responding"": 0, ""remembering"": 0, ""analogical_thinking"": 0, ""applying"": 0, ""updating_beliefs"": 3, ""accepting"": 0, ""analyzing"": 0, ""emotion_management"": 0, ""emotion_perception"": -1, ""distinguishing"": 2, ""self_questioning"": 0, ""connecting"": 0, ""understanding"": -1, ""emotion_valuing"": 0, ""cognition_awareness"": 0, ""counterfactual_reasoning"": 0, ""zooming_out"": 0, ""response_modulation"": 0, ""noticing"": 0, ""concretizing"": 0, ""hypothesis_generation"": 1, ""emotion_characterizing"": 0, ""creating"": 0, ""reconsidering"": 0, ""meta_awareness"": 0, ""emotional_reappraisal"": -2, ""convergent_thinking"": 0, ""perspective_taking"": 1, ""divergent_thinking"": 0, ""evaluating"": 0, ""emotion_receiving"": 0, ""metacognitive_monitoring"": 0}",False
"Hiroshi is a fisherman in a small coastal village in Japan. Hiroshi wants to catch some fish to provide dinner for his family. Hiroshi checks the weather forecast and sees that it will be sunny throughout the day. Hiroshi believes the weather will be sunny all day. Suddenly, a heavy rainstorm moves in, darkening the sky and causing strong waves. Hiroshi does not notice the rainstorm approaching.",Does Hiroshi believe the weather will be sunny or does he expect a rainstorm?,Hiroshi believes the weather will be sunny all day.,Hiroshi believes there will be a rainstorm.,"Hiroshi believes the weather will be sunny. 

The story states he “believes the weather will be sunny all day” based on the weather forecast. He doesn’t expect a rainstorm.",True,"{""abstracting"": 0, ""accepting"": 0, ""analogical_thinking"": 0, ""analyzing"": 0, ""applying"": 0, ""attentional_deployment"": 0, ""cognition_awareness"": 0, ""concretizing"": 0, ""connecting"": 0, ""convergent_thinking"": 0, ""counterfactual_reasoning"": 0, ""creating"": 0, ""distinguishing"": 5, ""divergent_thinking"": 0, ""emotion_characterizing"": 0, ""emotion_facilitation"": 0, ""emotion_management"": 0, ""emotion_organizing"": 0, ""emotion_perception"": 0, ""emotion_receiving"": 0, ""emotion_responding"": 0, ""emotion_understanding"": 0, ""emotion_valuing"": 0, ""emotional_reappraisal"": 9, ""evaluating"": 0, ""hypothesis_generation"": 5, ""meta_awareness"": 0, ""metacognitive_monitoring"": 1, ""metacognitive_regulation"": 0, ""noticing"": 0, ""pattern_recognition"": 0, ""perspective_taking"": 0, ""questioning"": 2, ""reconsidering"": 0, ""reframing"": 0, ""remembering"": 0, ""response_modulation"": 0, ""self_questioning"": 0, ""situation_modification"": 1, ""situation_selection"": 0, ""suspending_judgment"": 0, ""understanding"": 0, ""updating_beliefs"": 0, ""zooming_in"": 0, ""zooming_out"": 0}","{""abstracting"": 0, ""accepting"": 0, ""analogical_thinking"": 0, ""analyzing"": 0, ""applying"": 0, ""attentional_deployment"": 0, ""cognition_awareness"": 0, ""concretizing"": 0, ""connecting"": 0, ""convergent_thinking"": 1, ""counterfactual_reasoning"": 1, ""creating"": 0, ""distinguishing"": 1, ""divergent_thinking"": 0, ""emotion_characterizing"": 0, ""emotion_facilitation"": 0, ""emotion_management"": 0, ""emotion_organizing"": 0, ""emotion_perception"": 0, ""emotion_receiving"": 0, ""emotion_responding"": 0, ""emotion_understanding"": 0, ""emotion_valuing"": 0, ""emotional_reappraisal"": 3, ""evaluating"": 0, ""hypothesis_generation"": 1, ""meta_awareness"": 0, ""metacognitive_monitoring"": 0, ""metacognitive_regulation"": 0, ""noticing"": 0, ""pattern_recognition"": 0, ""perspective_taking"": 0, ""questioning"": 3, ""reconsidering"": 0, ""reframing"": 0, ""remembering"": 0, ""response_modulation"": 0, ""self_questioning"": 0, ""situation_modification"": 1, ""situation_selection"": 0, ""suspending_judgment"": 0, ""understanding"": 2, ""updating_beliefs"": 0, ""zooming_in"": 0, ""zooming_out"": 0}","Hiroshi believes the weather will be sunny. 

Here's the breakdown of the story:

*   **Initial Assessment:** He checks the forecast and sees a sunny forecast.
*   **His Belief:** He *believes* the weather will be sunny, based on the forecast.
*   **The Reality:** Despite his belief, a rainstorm develops that he doesn't observe.

The key is that his belief is based on the *forecast*, not on his direct",True,"{""abstracting"": 0, ""accepting"": 0, ""analogical_thinking"": 0, ""analyzing"": 0, ""applying"": 0, ""attentional_deployment"": 0, ""cognition_awareness"": 0, ""concretizing"": 0, ""connecting"": 0, ""convergent_thinking"": 0, ""counterfactual_reasoning"": 0, ""creating"": 0, ""distinguishing"": 5, ""divergent_thinking"": 0, ""emotion_characterizing"": 0, ""emotion_facilitation"": 0, ""emotion_management"": 0, ""emotion_organizing"": 0, ""emotion_perception"": 0, ""emotion_receiving"": 0, ""emotion_responding"": 0, ""emotion_understanding"": 0, ""emotion_valuing"": 0, ""emotional_reappraisal"": 9, ""evaluating"": 0, ""hypothesis_generation"": 5, ""meta_awareness"": 0, ""metacognitive_monitoring"": 1, ""metacognitive_regulation"": 0, ""noticing"": 0, ""pattern_recognition"": 1, ""perspective_taking"": 0, ""questioning"": 2, ""reconsidering"": 0, ""reframing"": 0, ""remembering"": 0, ""response_modulation"": 0, ""self_questioning"": 0, ""situation_modification"": 1, ""situation_selection"": 0, ""suspending_judgment"": 0, ""understanding"": 0, ""updating_beliefs"": 0, ""zooming_in"": 0, ""zooming_out"": 0}","{""abstracting"": 1, ""accepting"": 0, ""analogical_thinking"": 0, ""analyzing"": 0, ""applying"": 0, ""attentional_deployment"": 0, ""cognition_awareness"": 0, ""concretizing"": 0, ""connecting"": 0, ""convergent_thinking"": 0, ""counterfactual_reasoning"": 0, ""creating"": 0, ""distinguishing"": 4, ""divergent_thinking"": 0, ""emotion_characterizing"": 0, ""emotion_facilitation"": 0, ""emotion_management"": 0, ""emotion_organizing"": 0, ""emotion_perception"": 0, ""emotion_receiving"": 0, ""emotion_responding"": 0, ""emotion_understanding"": 0, ""emotion_valuing"": 0, ""emotional_reappraisal"": 1, ""evaluating"": 0, ""hypothesis_generation"": 0, ""meta_awareness"": 0, ""metacognitive_monitoring"": 0, ""metacognitive_regulation"": 0, ""noticing"": 0, ""pattern_recognition"": 0, ""perspective_taking"": 0, ""questioning"": 1, ""reconsidering"": 0, ""reframing"": 0, ""remembering"": 0, ""response_modulation"": 0, ""self_questioning"": 0, ""situation_modification"": 1, ""situation_selection"": 0, ""suspending_judgment"": 0, ""understanding"": 2, ""updating_beliefs"": 0, ""zooming_in"": 0, ""zooming_out"": 0}","{""suspending_judgment"": 0, ""emotion_facilitation"": 0, ""emotion_organizing"": 0, ""abstracting"": 0, ""emotion_understanding"": 0, ""pattern_recognition"": 1, ""questioning"": 0, ""attentional_deployment"": 0, ""situation_selection"": 0, ""metacognitive_regulation"": 0, ""zooming_in"": 0, ""reframing"": 0, ""situation_modification"": 0, ""emotion_responding"": 0, ""remembering"": 0, ""analogical_thinking"": 0, ""applying"": 0, ""updating_beliefs"": 0, ""accepting"": 0, ""analyzing"": 0, ""emotion_management"": 0, ""emotion_perception"": 0, ""distinguishing"": 0, ""self_questioning"": 0, ""connecting"": 0, ""understanding"": 0, ""emotion_valuing"": 0, ""cognition_awareness"": 0, ""counterfactual_reasoning"": 0, ""zooming_out"": 0, ""response_modulation"": 0, ""noticing"": 0, ""concretizing"": 0, ""hypothesis_generation"": 0, ""emotion_characterizing"": 0, ""creating"": 0, ""reconsidering"": 0, ""meta_awareness"": 0, ""emotional_reappraisal"": 0, ""convergent_thinking"": 0, ""perspective_taking"": 0, ""divergent_thinking"": 0, ""evaluating"": 0, ""emotion_receiving"": 0, ""metacognitive_monitoring"": 0}","{""suspending_judgment"": 0, ""emotion_facilitation"": 0, ""emotion_organizing"": 0, ""abstracting"": 1, ""emotion_understanding"": 0, ""pattern_recognition"": 0, ""questioning"": -2, ""attentional_deployment"": 0, ""situation_selection"": 0, ""metacognitive_regulation"": 0, ""zooming_in"": 0, ""reframing"": 0, ""situation_modification"": 0, ""emotion_responding"": 0, ""remembering"": 0, ""analogical_thinking"": 0, ""applying"": 0, ""updating_beliefs"": 0, ""accepting"": 0, ""analyzing"": 0, ""emotion_management"": 0, ""emotion_perception"": 0, ""distinguishing"": 3, ""self_questioning"": 0, ""connecting"": 0, ""understanding"": 0, ""emotion_valuing"": 0, ""cognition_awareness"": 0, ""counterfactual_reasoning"": -1, ""zooming_out"": 0, ""response_modulation"": 0, ""noticing"": 0, ""concretizing"": 0, ""hypothesis_generation"": -1, ""emotion_characterizing"": 0, ""creating"": 0, ""reconsidering"": 0, ""meta_awareness"": 0, ""emotional_reappraisal"": -2, ""convergent_thinking"": -1, ""perspective_taking"": 0, ""divergent_thinking"": 0, ""evaluating"": 0, ""emotion_receiving"": 0, ""metacognitive_monitoring"": 0}",False
"Juan is a young chef in a small Mexican town. He wants to make a delicious salsa for the upcoming town festival. Juan buys fresh tomatoes from the market, which he believes are ripe and perfect for the salsa. He believes that the tomatoes he bought are ripe and of high quality. While Juan is away from his kitchen, a mischievous cat knocks over the bag of tomatoes, crushing them and making them unsuitable for the salsa. Juan does not notice the crushed tomatoes on the floor.",Does Juan believe the tomatoes are ripe and perfect or crushed and unsuitable?,Juan believes the tomatoes are ripe and perfect.,Juan believes the tomatoes are crushed and unsuitable.,Juan believes the tomatoes are ripe and perfect.,True,"{""abstracting"": 0, ""accepting"": 0, ""analogical_thinking"": 0, ""analyzing"": 0, ""applying"": 0, ""attentional_deployment"": 0, ""cognition_awareness"": 0, ""concretizing"": 0, ""connecting"": 0, ""convergent_thinking"": 0, ""counterfactual_reasoning"": 0, ""creating"": 0, ""distinguishing"": 8, ""divergent_thinking"": 0, ""emotion_characterizing"": 0, ""emotion_facilitation"": 0, ""emotion_management"": 0, ""emotion_organizing"": 0, ""emotion_perception"": 0, ""emotion_receiving"": 0, ""emotion_responding"": 0, ""emotion_understanding"": 0, ""emotion_valuing"": 0, ""emotional_reappraisal"": 9, ""evaluating"": 0, ""hypothesis_generation"": 5, ""meta_awareness"": 0, ""metacognitive_monitoring"": 0, ""metacognitive_regulation"": 0, ""noticing"": 0, ""pattern_recognition"": 0, ""perspective_taking"": 0, ""questioning"": 3, ""reconsidering"": 0, ""reframing"": 1, ""remembering"": 0, ""response_modulation"": 0, ""self_questioning"": 0, ""situation_modification"": 3, ""situation_selection"": 0, ""suspending_judgment"": 0, ""understanding"": 0, ""updating_beliefs"": 0, ""zooming_in"": 0, ""zooming_out"": 0}","{""abstracting"": 0, ""accepting"": 0, ""analogical_thinking"": 0, ""analyzing"": 0, ""applying"": 0, ""attentional_deployment"": 0, ""cognition_awareness"": 0, ""concretizing"": 0, ""connecting"": 0, ""convergent_thinking"": 3, ""counterfactual_reasoning"": 0, ""creating"": 0, ""distinguishing"": 7, ""divergent_thinking"": 0, ""emotion_characterizing"": 0, ""emotion_facilitation"": 0, ""emotion_management"": 0, ""emotion_organizing"": 0, ""emotion_perception"": 0, ""emotion_receiving"": 0, ""emotion_responding"": 0, ""emotion_understanding"": 0, ""emotion_valuing"": 0, ""emotional_reappraisal"": 7, ""evaluating"": 0, ""hypothesis_generation"": 3, ""meta_awareness"": 0, ""metacognitive_monitoring"": 0, ""metacognitive_regulation"": 0, ""noticing"": 0, ""pattern_recognition"": 0, ""perspective_taking"": 0, ""questioning"": 4, ""reconsidering"": 0, ""reframing"": 0, ""remembering"": 0, ""response_modulation"": 0, ""self_questioning"": 0, ""situation_modification"": 1, ""situation_selection"": 0, ""suspending_judgment"": 0, ""understanding"": 1, ""updating_beliefs"": 0, ""zooming_in"": 0, ""zooming_out"": 0}","Juan believes the tomatoes are ripe and perfect. 

Here’s the breakdown of why:

*   The story explicitly states his belief: “He believes that the tomatoes he bought are ripe and of high quality.”
*   The crucial detail – the cat’s actions and the resulting damage – occurs *after* he’s already formed his initial assessment. He’s unaware of the damage while he’s away.

Let me know if you’d like to explore this scenario",True,"{""abstracting"": 0, ""accepting"": 0, ""analogical_thinking"": 0, ""analyzing"": 0, ""applying"": 0, ""attentional_deployment"": 0, ""cognition_awareness"": 0, ""concretizing"": 0, ""connecting"": 0, ""convergent_thinking"": 0, ""counterfactual_reasoning"": 0, ""creating"": 0, ""distinguishing"": 8, ""divergent_thinking"": 0, ""emotion_characterizing"": 0, ""emotion_facilitation"": 0, ""emotion_management"": 0, ""emotion_organizing"": 0, ""emotion_perception"": 0, ""emotion_receiving"": 0, ""emotion_responding"": 0, ""emotion_understanding"": 0, ""emotion_valuing"": 0, ""emotional_reappraisal"": 9, ""evaluating"": 0, ""hypothesis_generation"": 5, ""meta_awareness"": 0, ""metacognitive_monitoring"": 0, ""metacognitive_regulation"": 0, ""noticing"": 0, ""pattern_recognition"": 0, ""perspective_taking"": 0, ""questioning"": 3, ""reconsidering"": 0, ""reframing"": 1, ""remembering"": 0, ""response_modulation"": 0, ""self_questioning"": 0, ""situation_modification"": 3, ""situation_selection"": 0, ""suspending_judgment"": 0, ""understanding"": 0, ""updating_beliefs"": 0, ""zooming_in"": 0, ""zooming_out"": 0}","{""abstracting"": 0, ""accepting"": 0, ""analogical_thinking"": 0, ""analyzing"": 0, ""applying"": 0, ""attentional_deployment"": 0, ""cognition_awareness"": 0, ""concretizing"": 0, ""connecting"": 0, ""convergent_thinking"": 1, ""counterfactual_reasoning"": 0, ""creating"": 0, ""distinguishing"": 8, ""divergent_thinking"": 0, ""emotion_characterizing"": 0, ""emotion_facilitation"": 0, ""emotion_management"": 0, ""emotion_organizing"": 0, ""emotion_perception"": 0, ""emotion_receiving"": 0, ""emotion_responding"": 0, ""emotion_understanding"": 0, ""emotion_valuing"": 0, ""emotional_reappraisal"": 2, ""evaluating"": 0, ""hypothesis_generation"": 0, ""meta_awareness"": 0, ""metacognitive_monitoring"": 0, ""metacognitive_regulation"": 0, ""noticing"": 0, ""pattern_recognition"": 0, ""perspective_taking"": 0, ""questioning"": 1, ""reconsidering"": 0, ""reframing"": 0, ""remembering"": 0, ""response_modulation"": 0, ""self_questioning"": 0, ""situation_modification"": 0, ""situation_selection"": 0, ""suspending_judgment"": 0, ""understanding"": 1, ""updating_beliefs"": 0, ""zooming_in"": 0, ""zooming_out"": 0}","{""suspending_judgment"": 0, ""emotion_facilitation"": 0, ""emotion_organizing"": 0, ""abstracting"": 0, ""emotion_understanding"": 0, ""pattern_recognition"": 0, ""questioning"": 0, ""attentional_deployment"": 0, ""situation_selection"": 0, ""metacognitive_regulation"": 0, ""zooming_in"": 0, ""reframing"": 0, ""situation_modification"": 0, ""emotion_responding"": 0, ""remembering"": 0, ""analogical_thinking"": 0, ""applying"": 0, ""updating_beliefs"": 0, ""accepting"": 0, ""analyzing"": 0, ""emotion_management"": 0, ""emotion_perception"": 0, ""distinguishing"": 0, ""self_questioning"": 0, ""connecting"": 0, ""understanding"": 0, ""emotion_valuing"": 0, ""cognition_awareness"": 0, ""counterfactual_reasoning"": 0, ""zooming_out"": 0, ""response_modulation"": 0, ""noticing"": 0, ""concretizing"": 0, ""hypothesis_generation"": 0, ""emotion_characterizing"": 0, ""creating"": 0, ""reconsidering"": 0, ""meta_awareness"": 0, ""emotional_reappraisal"": 0, ""convergent_thinking"": 0, ""perspective_taking"": 0, ""divergent_thinking"": 0, ""evaluating"": 0, ""emotion_receiving"": 0, ""metacognitive_monitoring"": 0}","{""suspending_judgment"": 0, ""emotion_facilitation"": 0, ""emotion_organizing"": 0, ""abstracting"": 0, ""emotion_understanding"": 0, ""pattern_recognition"": 0, ""questioning"": -3, ""attentional_deployment"": 0, ""situation_selection"": 0, ""metacognitive_regulation"": 0, ""zooming_in"": 0, ""reframing"": 0, ""situation_modification"": -1, ""emotion_responding"": 0, ""remembering"": 0, ""analogical_thinking"": 0, ""applying"": 0, ""updating_beliefs"": 0, ""accepting"": 0, ""analyzing"": 0, ""emotion_management"": 0, ""emotion_perception"": 0, ""distinguishing"": 1, ""self_questioning"": 0, ""connecting"": 0, ""understanding"": 0, ""emotion_valuing"": 0, ""cognition_awareness"": 0, ""counterfactual_reasoning"": 0, ""zooming_out"": 0, ""response_modulation"": 0, ""noticing"": 0, ""concretizing"": 0, ""hypothesis_generation"": -3, ""emotion_characterizing"": 0, ""creating"": 0, ""reconsidering"": 0, ""meta_awareness"": 0, ""emotional_reappraisal"": -5, ""convergent_thinking"": -2, ""perspective_taking"": 0, ""divergent_thinking"": 0, ""evaluating"": 0, ""emotion_receiving"": 0, ""metacognitive_monitoring"": 0}",False
"Mei is a florist in a small town in Japan. She wants to create a beautiful bouquet using fresh flowers from her garden. Mei notices that her roses are in full bloom, with vibrant colors. She believes that the roses in her garden are in full bloom. Overnight, a sudden frost damages the roses, causing them to wilt and lose their vibrancy. Mei does not see the wilted roses in her garden the next morning.",Does Mei believe the roses in her garden are in full bloom or wilted?,Mei believes the roses are in full bloom.,Mei believes the roses are wilted.,"Mei believes the roses in her garden are in full bloom. 

The story states she *believes* this based on her observation the day before. The frost damage happened overnight, and she doesn't *see* the wilted roses until the next morning.",True,"{""abstracting"": 0, ""accepting"": 0, ""analogical_thinking"": 0, ""analyzing"": 0, ""applying"": 0, ""attentional_deployment"": 0, ""cognition_awareness"": 0, ""concretizing"": 0, ""connecting"": 0, ""convergent_thinking"": 0, ""counterfactual_reasoning"": 0, ""creating"": 0, ""distinguishing"": 6, ""divergent_thinking"": 0, ""emotion_characterizing"": 0, ""emotion_facilitation"": 0, ""emotion_management"": 0, ""emotion_organizing"": 0, ""emotion_perception"": 0, ""emotion_receiving"": 0, ""emotion_responding"": 0, ""emotion_understanding"": 0, ""emotion_valuing"": 0, ""emotional_reappraisal"": 8, ""evaluating"": 0, ""hypothesis_generation"": 5, ""meta_awareness"": 0, ""metacognitive_monitoring"": 0, ""metacognitive_regulation"": 0, ""noticing"": 0, ""pattern_recognition"": 0, ""perspective_taking"": 0, ""questioning"": 1, ""reconsidering"": 0, ""reframing"": 1, ""remembering"": 0, ""response_modulation"": 0, ""self_questioning"": 0, ""situation_modification"": 2, ""situation_selection"": 0, ""suspending_judgment"": 0, ""understanding"": 0, ""updating_beliefs"": 0, ""zooming_in"": 0, ""zooming_out"": 0}","{""abstracting"": 0, ""accepting"": 0, ""analogical_thinking"": 0, ""analyzing"": 0, ""applying"": 0, ""attentional_deployment"": 0, ""cognition_awareness"": 0, ""concretizing"": 0, ""connecting"": 0, ""convergent_thinking"": 0, ""counterfactual_reasoning"": 0, ""creating"": 0, ""distinguishing"": 3, ""divergent_thinking"": 0, ""emotion_characterizing"": 0, ""emotion_facilitation"": 0, ""emotion_management"": 0, ""emotion_organizing"": 0, ""emotion_perception"": 0, ""emotion_receiving"": 0, ""emotion_responding"": 0, ""emotion_understanding"": 0, ""emotion_valuing"": 0, ""emotional_reappraisal"": 3, ""evaluating"": 0, ""hypothesis_generation"": 0, ""meta_awareness"": 0, ""metacognitive_monitoring"": 0, ""metacognitive_regulation"": 0, ""noticing"": 0, ""pattern_recognition"": 0, ""perspective_taking"": 0, ""questioning"": 1, ""reconsidering"": 0, ""reframing"": 0, ""remembering"": 0, ""response_modulation"": 0, ""self_questioning"": 0, ""situation_modification"": 0, ""situation_selection"": 0, ""suspending_judgment"": 0, ""understanding"": 0, ""updating_beliefs"": 0, ""zooming_in"": 0, ""zooming_out"": 0}","Mei believes the roses in her garden are in full bloom. 

Here’s the breakdown of why:

*   **Initial Observation:** She specifically states she *believes* her roses are in full bloom based on her assessment the day before.
*   **Lack of Evidence:** The key detail is that she *doesn't see* the wilted roses the next morning. This is because her perception is clouded by her prior belief – she’s subconsciously filtering her observations to",True,"{""abstracting"": 0, ""accepting"": 0, ""analogical_thinking"": 0, ""analyzing"": 0, ""applying"": 0, ""attentional_deployment"": 0, ""cognition_awareness"": 0, ""concretizing"": 0, ""connecting"": 0, ""convergent_thinking"": 0, ""counterfactual_reasoning"": 0, ""creating"": 0, ""distinguishing"": 6, ""divergent_thinking"": 0, ""emotion_characterizing"": 0, ""emotion_facilitation"": 0, ""emotion_management"": 0, ""emotion_organizing"": 0, ""emotion_perception"": 0, ""emotion_receiving"": 0, ""emotion_responding"": 0, ""emotion_understanding"": 0, ""emotion_valuing"": 0, ""emotional_reappraisal"": 8, ""evaluating"": 0, ""hypothesis_generation"": 5, ""meta_awareness"": 0, ""metacognitive_monitoring"": 0, ""metacognitive_regulation"": 0, ""noticing"": 0, ""pattern_recognition"": 1, ""perspective_taking"": 0, ""questioning"": 1, ""reconsidering"": 0, ""reframing"": 1, ""remembering"": 0, ""response_modulation"": 0, ""self_questioning"": 0, ""situation_modification"": 2, ""situation_selection"": 0, ""suspending_judgment"": 0, ""understanding"": 0, ""updating_beliefs"": 0, ""zooming_in"": 0, ""zooming_out"": 0}","{""abstracting"": 0, ""accepting"": 0, ""analogical_thinking"": 0, ""analyzing"": 0, ""applying"": 0, ""attentional_deployment"": 0, ""cognition_awareness"": 1, ""concretizing"": 0, ""connecting"": 0, ""convergent_thinking"": 0, ""counterfactual_reasoning"": 0, ""creating"": 0, ""distinguishing"": 1, ""divergent_thinking"": 0, ""emotion_characterizing"": 0, ""emotion_facilitation"": 0, ""emotion_management"": 0, ""emotion_organizing"": 0, ""emotion_perception"": 0, ""emotion_receiving"": 0, ""emotion_responding"": 0, ""emotion_understanding"": 0, ""emotion_valuing"": 0, ""emotional_reappraisal"": 1, ""evaluating"": 0, ""hypothesis_generation"": 0, ""meta_awareness"": 0, ""metacognitive_monitoring"": 0, ""metacognitive_regulation"": 0, ""noticing"": 0, ""pattern_recognition"": 0, ""perspective_taking"": 1, ""questioning"": 0, ""reconsidering"": 0, ""reframing"": 0, ""remembering"": 0, ""response_modulation"": 0, ""self_questioning"": 0, ""situation_modification"": 1, ""situation_selection"": 0, ""suspending_judgment"": 0, ""understanding"": 0, ""updating_beliefs"": 0, ""zooming_in"": 0, ""zooming_out"": 0}","{""suspending_judgment"": 0, ""emotion_facilitation"": 0, ""emotion_organizing"": 0, ""abstracting"": 0, ""emotion_understanding"": 0, ""pattern_recognition"": 1, ""questioning"": 0, ""attentional_deployment"": 0, ""situation_selection"": 0, ""metacognitive_regulation"": 0, ""zooming_in"": 0, ""reframing"": 0, ""situation_modification"": 0, ""emotion_responding"": 0, ""remembering"": 0, ""analogical_thinking"": 0, ""applying"": 0, ""updating_beliefs"": 0, ""accepting"": 0, ""analyzing"": 0, ""emotion_management"": 0, ""emotion_perception"": 0, ""distinguishing"": 0, ""self_questioning"": 0, ""connecting"": 0, ""understanding"": 0, ""emotion_valuing"": 0, ""cognition_awareness"": 0, ""counterfactual_reasoning"": 0, ""zooming_out"": 0, ""response_modulation"": 0, ""noticing"": 0, ""concretizing"": 0, ""hypothesis_generation"": 0, ""emotion_characterizing"": 0, ""creating"": 0, ""reconsidering"": 0, ""meta_awareness"": 0, ""emotional_reappraisal"": 0, ""convergent_thinking"": 0, ""perspective_taking"": 0, ""divergent_thinking"": 0, ""evaluating"": 0, ""emotion_receiving"": 0, ""metacognitive_monitoring"": 0}","{""suspending_judgment"": 0, ""emotion_facilitation"": 0, ""emotion_organizing"": 0, ""abstracting"": 0, ""emotion_understanding"": 0, ""pattern_recognition"": 0, ""questioning"": -1, ""attentional_deployment"": 0, ""situation_selection"": 0, ""metacognitive_regulation"": 0, ""zooming_in"": 0, ""reframing"": 0, ""situation_modification"": 1, ""emotion_responding"": 0, ""remembering"": 0, ""analogical_thinking"": 0, ""applying"": 0, ""updating_beliefs"": 0, ""accepting"": 0, ""analyzing"": 0, ""emotion_management"": 0, ""emotion_perception"": 0, ""distinguishing"": -2, ""self_questioning"": 0, ""connecting"": 0, ""understanding"": 0, ""emotion_valuing"": 0, ""cognition_awareness"": 1, ""counterfactual_reasoning"": 0, ""zooming_out"": 0, ""response_modulation"": 0, ""noticing"": 0, ""concretizing"": 0, ""hypothesis_generation"": 0, ""emotion_characterizing"": 0, ""creating"": 0, ""reconsidering"": 0, ""meta_awareness"": 0, ""emotional_reappraisal"": -2, ""convergent_thinking"": 0, ""perspective_taking"": 1, ""divergent_thinking"": 0, ""evaluating"": 0, ""emotion_receiving"": 0, ""metacognitive_monitoring"": 0}",False
"Juanita is a skilled chef who owns a small restaurant in Mexico. Today, she wants to prepare her signature dish, chiles en nogada, for a group of tourists. Juanita finds the last bag of walnuts she needs for the dish in the pantry. She believes that the bag of walnuts is fresh and ready to use. While Juanita is busy cutting vegetables, a mouse sneaks into the pantry and nibbles on the walnuts, contaminating them. Juanita does not see the mouse eating the walnuts.",Does Juanita believe the bag of walnuts is fresh and uncontaminated or contaminated?,Juanita believes the bag of walnuts is fresh and uncontaminated.,Juanita believes the bag of walnuts is contaminated.,Juanita believes the bag of walnuts is fresh and uncontaminated. She doesn't know the walnuts have been eaten by a mouse.,True,"{""abstracting"": 0, ""accepting"": 0, ""analogical_thinking"": 0, ""analyzing"": 0, ""applying"": 0, ""attentional_deployment"": 0, ""cognition_awareness"": 0, ""concretizing"": 0, ""connecting"": 0, ""convergent_thinking"": 0, ""counterfactual_reasoning"": 0, ""creating"": 0, ""distinguishing"": 7, ""divergent_thinking"": 0, ""emotion_characterizing"": 0, ""emotion_facilitation"": 0, ""emotion_management"": 0, ""emotion_organizing"": 0, ""emotion_perception"": 0, ""emotion_receiving"": 0, ""emotion_responding"": 0, ""emotion_understanding"": 0, ""emotion_valuing"": 0, ""emotional_reappraisal"": 8, ""evaluating"": 0, ""hypothesis_generation"": 6, ""meta_awareness"": 0, ""metacognitive_monitoring"": 0, ""metacognitive_regulation"": 0, ""noticing"": 0, ""pattern_recognition"": 0, ""perspective_taking"": 0, ""questioning"": 4, ""reconsidering"": 0, ""reframing"": 0, ""remembering"": 0, ""response_modulation"": 0, ""self_questioning"": 0, ""situation_modification"": 0, ""situation_selection"": 0, ""suspending_judgment"": 0, ""understanding"": 0, ""updating_beliefs"": 0, ""zooming_in"": 0, ""zooming_out"": 0}","{""abstracting"": 0, ""accepting"": 0, ""analogical_thinking"": 0, ""analyzing"": 0, ""applying"": 0, ""attentional_deployment"": 0, ""cognition_awareness"": 0, ""concretizing"": 0, ""connecting"": 0, ""convergent_thinking"": 1, ""counterfactual_reasoning"": 0, ""creating"": 0, ""distinguishing"": 7, ""divergent_thinking"": 0, ""emotion_characterizing"": 0, ""emotion_facilitation"": 0, ""emotion_management"": 0, ""emotion_organizing"": 0, ""emotion_perception"": 0, ""emotion_receiving"": 0, ""emotion_responding"": 0, ""emotion_understanding"": 0, ""emotion_valuing"": 0, ""emotional_reappraisal"": 5, ""evaluating"": 0, ""hypothesis_generation"": 2, ""meta_awareness"": 0, ""metacognitive_monitoring"": 0, ""metacognitive_regulation"": 0, ""noticing"": 0, ""pattern_recognition"": 0, ""perspective_taking"": 0, ""questioning"": 3, ""reconsidering"": 0, ""reframing"": 0, ""remembering"": 0, ""response_modulation"": 0, ""self_questioning"": 0, ""situation_modification"": 1, ""situation_selection"": 0, ""suspending_judgment"": 0, ""understanding"": 2, ""updating_beliefs"": 0, ""zooming_in"": 0, ""zooming_out"": 0}","Juanita believes the bag of walnuts is **fresh and uncontaminated**. 

Here’s the breakdown of why:

*   **Her assessment:** She specifically states she believes the bag is “fresh and ready to use.”
*   **Lack of observation:** She doesn’t observe the mouse contaminating the walnuts. Her belief is based on her initial assessment, not on current evidence.

This is a classic example of a scenario highlighting the importance of careful observation and understanding that initial assessments can",True,"{""abstracting"": 0, ""accepting"": 0, ""analogical_thinking"": 0, ""analyzing"": 0, ""applying"": 0, ""attentional_deployment"": 0, ""cognition_awareness"": 0, ""concretizing"": 0, ""connecting"": 0, ""convergent_thinking"": 0, ""counterfactual_reasoning"": 0, ""creating"": 0, ""distinguishing"": 7, ""divergent_thinking"": 0, ""emotion_characterizing"": 0, ""emotion_facilitation"": 0, ""emotion_management"": 0, ""emotion_organizing"": 0, ""emotion_perception"": 0, ""emotion_receiving"": 0, ""emotion_responding"": 0, ""emotion_understanding"": 0, ""emotion_valuing"": 0, ""emotional_reappraisal"": 8, ""evaluating"": 0, ""hypothesis_generation"": 5, ""meta_awareness"": 0, ""metacognitive_monitoring"": 0, ""metacognitive_regulation"": 0, ""noticing"": 0, ""pattern_recognition"": 0, ""perspective_taking"": 0, ""questioning"": 3, ""reconsidering"": 0, ""reframing"": 0, ""remembering"": 0, ""response_modulation"": 0, ""self_questioning"": 0, ""situation_modification"": 0, ""situation_selection"": 0, ""suspending_judgment"": 0, ""understanding"": 0, ""updating_beliefs"": 0, ""zooming_in"": 0, ""zooming_out"": 0}","{""abstracting"": 3, ""accepting"": 0, ""analogical_thinking"": 0, ""analyzing"": 0, ""applying"": 0, ""attentional_deployment"": 0, ""cognition_awareness"": 0, ""concretizing"": 0, ""connecting"": 0, ""convergent_thinking"": 1, ""counterfactual_reasoning"": 0, ""creating"": 0, ""distinguishing"": 5, ""divergent_thinking"": 0, ""emotion_characterizing"": 0, ""emotion_facilitation"": 0, ""emotion_management"": 0, ""emotion_organizing"": 0, ""emotion_perception"": 0, ""emotion_receiving"": 0, ""emotion_responding"": 0, ""emotion_understanding"": 0, ""emotion_valuing"": 0, ""emotional_reappraisal"": 0, ""evaluating"": 0, ""hypothesis_generation"": 0, ""meta_awareness"": 0, ""metacognitive_monitoring"": 0, ""metacognitive_regulation"": 0, ""noticing"": 0, ""pattern_recognition"": 0, ""perspective_taking"": 0, ""questioning"": 1, ""reconsidering"": 0, ""reframing"": 0, ""remembering"": 0, ""response_modulation"": 0, ""self_questioning"": 0, ""situation_modification"": 0, ""situation_selection"": 0, ""suspending_judgment"": 0, ""understanding"": 2, ""updating_beliefs"": 3, ""zooming_in"": 0, ""zooming_out"": 0}","{""suspending_judgment"": 0, ""emotion_facilitation"": 0, ""emotion_organizing"": 0, ""abstracting"": 0, ""emotion_understanding"": 0, ""pattern_recognition"": 0, ""questioning"": -1, ""attentional_deployment"": 0, ""situation_selection"": 0, ""metacognitive_regulation"": 0, ""zooming_in"": 0, ""reframing"": 0, ""situation_modification"": 0, ""emotion_responding"": 0, ""remembering"": 0, ""analogical_thinking"": 0, ""applying"": 0, ""updating_beliefs"": 0, ""accepting"": 0, ""analyzing"": 0, ""emotion_management"": 0, ""emotion_perception"": 0, ""distinguishing"": 0, ""self_questioning"": 0, ""connecting"": 0, ""understanding"": 0, ""emotion_valuing"": 0, ""cognition_awareness"": 0, ""counterfactual_reasoning"": 0, ""zooming_out"": 0, ""response_modulation"": 0, ""noticing"": 0, ""concretizing"": 0, ""hypothesis_generation"": -1, ""emotion_characterizing"": 0, ""creating"": 0, ""reconsidering"": 0, ""meta_awareness"": 0, ""emotional_reappraisal"": 0, ""convergent_thinking"": 0, ""perspective_taking"": 0, ""divergent_thinking"": 0, ""evaluating"": 0, ""emotion_receiving"": 0, ""metacognitive_monitoring"": 0}","{""suspending_judgment"": 0, ""emotion_facilitation"": 0, ""emotion_organizing"": 0, ""abstracting"": 3, ""emotion_understanding"": 0, ""pattern_recognition"": 0, ""questioning"": -2, ""attentional_deployment"": 0, ""situation_selection"": 0, ""metacognitive_regulation"": 0, ""zooming_in"": 0, ""reframing"": 0, ""situation_modification"": -1, ""emotion_responding"": 0, ""remembering"": 0, ""analogical_thinking"": 0, ""applying"": 0, ""updating_beliefs"": 3, ""accepting"": 0, ""analyzing"": 0, ""emotion_management"": 0, ""emotion_perception"": 0, ""distinguishing"": -2, ""self_questioning"": 0, ""connecting"": 0, ""understanding"": 0, ""emotion_valuing"": 0, ""cognition_awareness"": 0, ""counterfactual_reasoning"": 0, ""zooming_out"": 0, ""response_modulation"": 0, ""noticing"": 0, ""concretizing"": 0, ""hypothesis_generation"": -2, ""emotion_characterizing"": 0, ""creating"": 0, ""reconsidering"": 0, ""meta_awareness"": 0, ""emotional_reappraisal"": -5, ""convergent_thinking"": 0, ""perspective_taking"": 0, ""divergent_thinking"": 0, ""evaluating"": 0, ""emotion_receiving"": 0, ""metacognitive_monitoring"": 0}",False
"Mei is a talented cook who decides to participate in a local cooking competition. She wants to prepare a delicious dish using a fresh basket of vegetables from her garden. Mei sees that the vegetables are freshly picked and vibrant. She believes that the vegetables are of the best quality and fresh. Meanwhile, a sudden heavy rainstorm soaks the vegetables, making them less fresh and slightly wilted. Mei does not notice the rainstorm or the wet vegetables.",Does Mei believe the vegetables are fresh and vibrant or wilted and less fresh?,Mei believes the vegetables are fresh and vibrant.,Mei believes the vegetables are wilted and less fresh.,"Mei believes the vegetables are fresh and vibrant. 

The story explicitly states she “believes that the vegetables are of the best quality and fresh” before the rainstorm. She doesn’t notice the change, so her belief remains unchanged.",True,"{""abstracting"": 0, ""accepting"": 0, ""analogical_thinking"": 0, ""analyzing"": 0, ""applying"": 0, ""attentional_deployment"": 0, ""cognition_awareness"": 0, ""concretizing"": 0, ""connecting"": 0, ""convergent_thinking"": 0, ""counterfactual_reasoning"": 0, ""creating"": 0, ""distinguishing"": 8, ""divergent_thinking"": 0, ""emotion_characterizing"": 0, ""emotion_facilitation"": 0, ""emotion_management"": 0, ""emotion_organizing"": 1, ""emotion_perception"": 0, ""emotion_receiving"": 0, ""emotion_responding"": 0, ""emotion_understanding"": 0, ""emotion_valuing"": 0, ""emotional_reappraisal"": 9, ""evaluating"": 0, ""hypothesis_generation"": 5, ""meta_awareness"": 0, ""metacognitive_monitoring"": 0, ""metacognitive_regulation"": 0, ""noticing"": 0, ""pattern_recognition"": 0, ""perspective_taking"": 0, ""questioning"": 2, ""reconsidering"": 0, ""reframing"": 1, ""remembering"": 0, ""response_modulation"": 0, ""self_questioning"": 0, ""situation_modification"": 2, ""situation_selection"": 0, ""suspending_judgment"": 0, ""understanding"": 0, ""updating_beliefs"": 0, ""zooming_in"": 0, ""zooming_out"": 0}","{""abstracting"": 0, ""accepting"": 0, ""analogical_thinking"": 0, ""analyzing"": 0, ""applying"": 0, ""attentional_deployment"": 0, ""cognition_awareness"": 0, ""concretizing"": 0, ""connecting"": 0, ""convergent_thinking"": 0, ""counterfactual_reasoning"": 0, ""creating"": 0, ""distinguishing"": 3, ""divergent_thinking"": 0, ""emotion_characterizing"": 0, ""emotion_facilitation"": 0, ""emotion_management"": 0, ""emotion_organizing"": 0, ""emotion_perception"": 1, ""emotion_receiving"": 0, ""emotion_responding"": 0, ""emotion_understanding"": 0, ""emotion_valuing"": 0, ""emotional_reappraisal"": 2, ""evaluating"": 0, ""hypothesis_generation"": 1, ""meta_awareness"": 0, ""metacognitive_monitoring"": 0, ""metacognitive_regulation"": 0, ""noticing"": 0, ""pattern_recognition"": 0, ""perspective_taking"": 0, ""questioning"": 3, ""reconsidering"": 0, ""reframing"": 0, ""remembering"": 0, ""response_modulation"": 0, ""self_questioning"": 0, ""situation_modification"": 1, ""situation_selection"": 0, ""suspending_judgment"": 0, ""understanding"": 0, ""updating_beliefs"": 0, ""zooming_in"": 0, ""zooming_out"": 0}","Mei believes the vegetables are **fresh and vibrant**. 

The story explicitly states her initial assessment – she perceives them as “freshly picked and vibrant” based on their appearance. The rainstorm and the resulting wilt are a crucial detail that she, due to her focus and confidence in her initial assessment, has not yet recognized. 

Here's the breakdown of why this is the correct answer:

*   **Initial Perception:** The narrative establishes her initial belief.
*   **",False,"{""abstracting"": 0, ""accepting"": 0, ""analogical_thinking"": 0, ""analyzing"": 0, ""applying"": 0, ""attentional_deployment"": 0, ""cognition_awareness"": 0, ""concretizing"": 0, ""connecting"": 0, ""convergent_thinking"": 0, ""counterfactual_reasoning"": 0, ""creating"": 0, ""distinguishing"": 8, ""divergent_thinking"": 0, ""emotion_characterizing"": 0, ""emotion_facilitation"": 0, ""emotion_management"": 0, ""emotion_organizing"": 1, ""emotion_perception"": 0, ""emotion_receiving"": 0, ""emotion_responding"": 0, ""emotion_understanding"": 0, ""emotion_valuing"": 0, ""emotional_reappraisal"": 9, ""evaluating"": 0, ""hypothesis_generation"": 5, ""meta_awareness"": 0, ""metacognitive_monitoring"": 0, ""metacognitive_regulation"": 0, ""noticing"": 0, ""pattern_recognition"": 1, ""perspective_taking"": 0, ""questioning"": 1, ""reconsidering"": 0, ""reframing"": 1, ""remembering"": 0, ""response_modulation"": 0, ""self_questioning"": 0, ""situation_modification"": 2, ""situation_selection"": 0, ""suspending_judgment"": 0, ""understanding"": 0, ""updating_beliefs"": 0, ""zooming_in"": 0, ""zooming_out"": 0}","{""abstracting"": 0, ""accepting"": 0, ""analogical_thinking"": 0, ""analyzing"": 0, ""applying"": 0, ""attentional_deployment"": 0, ""cognition_awareness"": 0, ""concretizing"": 0, ""connecting"": 0, ""convergent_thinking"": 0, ""counterfactual_reasoning"": 0, ""creating"": 0, ""distinguishing"": 9, ""divergent_thinking"": 0, ""emotion_characterizing"": 0, ""emotion_facilitation"": 0, ""emotion_management"": 0, ""emotion_organizing"": 0, ""emotion_perception"": 0, ""emotion_receiving"": 0, ""emotion_responding"": 0, ""emotion_understanding"": 0, ""emotion_valuing"": 0, ""emotional_reappraisal"": 1, ""evaluating"": 0, ""hypothesis_generation"": 0, ""meta_awareness"": 0, ""metacognitive_monitoring"": 0, ""metacognitive_regulation"": 0, ""noticing"": 0, ""pattern_recognition"": 0, ""perspective_taking"": 0, ""questioning"": 0, ""reconsidering"": 0, ""reframing"": 0, ""remembering"": 0, ""response_modulation"": 0, ""self_questioning"": 0, ""situation_modification"": 0, ""situation_selection"": 0, ""suspending_judgment"": 0, ""understanding"": 0, ""updating_beliefs"": 0, ""zooming_in"": 0, ""zooming_out"": 0}","{""suspending_judgment"": 0, ""emotion_facilitation"": 0, ""emotion_organizing"": 0, ""abstracting"": 0, ""emotion_understanding"": 0, ""pattern_recognition"": 1, ""questioning"": -1, ""attentional_deployment"": 0, ""situation_selection"": 0, ""metacognitive_regulation"": 0, ""zooming_in"": 0, ""reframing"": 0, ""situation_modification"": 0, ""emotion_responding"": 0, ""remembering"": 0, ""analogical_thinking"": 0, ""applying"": 0, ""updating_beliefs"": 0, ""accepting"": 0, ""analyzing"": 0, ""emotion_management"": 0, ""emotion_perception"": 0, ""distinguishing"": 0, ""self_questioning"": 0, ""connecting"": 0, ""understanding"": 0, ""emotion_valuing"": 0, ""cognition_awareness"": 0, ""counterfactual_reasoning"": 0, ""zooming_out"": 0, ""response_modulation"": 0, ""noticing"": 0, ""concretizing"": 0, ""hypothesis_generation"": 0, ""emotion_characterizing"": 0, ""creating"": 0, ""reconsidering"": 0, ""meta_awareness"": 0, ""emotional_reappraisal"": 0, ""convergent_thinking"": 0, ""perspective_taking"": 0, ""divergent_thinking"": 0, ""evaluating"": 0, ""emotion_receiving"": 0, ""metacognitive_monitoring"": 0}","{""suspending_judgment"": 0, ""emotion_facilitation"": 0, ""emotion_organizing"": 0, ""abstracting"": 0, ""emotion_understanding"": 0, ""pattern_recognition"": 0, ""questioning"": -3, ""attentional_deployment"": 0, ""situation_selection"": 0, ""metacognitive_regulation"": 0, ""zooming_in"": 0, ""reframing"": 0, ""situation_modification"": -1, ""emotion_responding"": 0, ""remembering"": 0, ""analogical_thinking"": 0, ""applying"": 0, ""updating_beliefs"": 0, ""accepting"": 0, ""analyzing"": 0, ""emotion_management"": 0, ""emotion_perception"": -1, ""distinguishing"": 6, ""self_questioning"": 0, ""connecting"": 0, ""understanding"": 0, ""emotion_valuing"": 0, ""cognition_awareness"": 0, ""counterfactual_reasoning"": 0, ""zooming_out"": 0, ""response_modulation"": 0, ""noticing"": 0, ""concretizing"": 0, ""hypothesis_generation"": -1, ""emotion_characterizing"": 0, ""creating"": 0, ""reconsidering"": 0, ""meta_awareness"": 0, ""emotional_reappraisal"": -1, ""convergent_thinking"": 0, ""perspective_taking"": 0, ""divergent_thinking"": 0, ""evaluating"": 0, ""emotion_receiving"": 0, ""metacognitive_monitoring"": 0}",False
"Cheng is a teacher in a rural Chinese village. Cheng wants to use a projector to show a documentary about Chinese history to his students. The projector is plugged in and turned on, as Cheng has prepared it beforehand. Cheng believes that the projector is ready to use. As the wind blows outside, the power goes out, causing the projector to turn off. Cheng does not notice the power outage.",Does Cheng believe the projector is ready to use or turned off?,Cheng believes the projector is ready to use.,Cheng believes the projector is turned off.,Cheng believes the projector is ready to use. The story states he “believes that the projector is ready to use” and he had already prepared it. He doesn’t notice the power outage.,True,"{""abstracting"": 0, ""accepting"": 0, ""analogical_thinking"": 0, ""analyzing"": 0, ""applying"": 0, ""attentional_deployment"": 0, ""cognition_awareness"": 0, ""concretizing"": 0, ""connecting"": 0, ""convergent_thinking"": 0, ""counterfactual_reasoning"": 0, ""creating"": 0, ""distinguishing"": 6, ""divergent_thinking"": 0, ""emotion_characterizing"": 0, ""emotion_facilitation"": 0, ""emotion_management"": 0, ""emotion_organizing"": 0, ""emotion_perception"": 0, ""emotion_receiving"": 0, ""emotion_responding"": 0, ""emotion_understanding"": 0, ""emotion_valuing"": 0, ""emotional_reappraisal"": 9, ""evaluating"": 0, ""hypothesis_generation"": 4, ""meta_awareness"": 0, ""metacognitive_monitoring"": 0, ""metacognitive_regulation"": 0, ""noticing"": 0, ""pattern_recognition"": 0, ""perspective_taking"": 0, ""questioning"": 3, ""reconsidering"": 0, ""reframing"": 0, ""remembering"": 0, ""response_modulation"": 0, ""self_questioning"": 0, ""situation_modification"": 0, ""situation_selection"": 0, ""suspending_judgment"": 0, ""understanding"": 0, ""updating_beliefs"": 0, ""zooming_in"": 0, ""zooming_out"": 0}","{""abstracting"": 0, ""accepting"": 0, ""analogical_thinking"": 0, ""analyzing"": 0, ""applying"": 0, ""attentional_deployment"": 0, ""cognition_awareness"": 0, ""concretizing"": 0, ""connecting"": 0, ""convergent_thinking"": 2, ""counterfactual_reasoning"": 0, ""creating"": 0, ""distinguishing"": 3, ""divergent_thinking"": 0, ""emotion_characterizing"": 0, ""emotion_facilitation"": 0, ""emotion_management"": 0, ""emotion_organizing"": 0, ""emotion_perception"": 2, ""emotion_receiving"": 0, ""emotion_responding"": 0, ""emotion_understanding"": 0, ""emotion_valuing"": 0, ""emotional_reappraisal"": 3, ""evaluating"": 0, ""hypothesis_generation"": 1, ""meta_awareness"": 0, ""metacognitive_monitoring"": 0, ""metacognitive_regulation"": 0, ""noticing"": 0, ""pattern_recognition"": 0, ""perspective_taking"": 0, ""questioning"": 1, ""reconsidering"": 0, ""reframing"": 0, ""remembering"": 0, ""response_modulation"": 0, ""self_questioning"": 0, ""situation_modification"": 0, ""situation_selection"": 0, ""suspending_judgment"": 0, ""understanding"": 2, ""updating_beliefs"": 0, ""zooming_in"": 0, ""zooming_out"": 0}","Cheng believes the projector is ready to use. Here’s the breakdown of the scenario:

*   **Initial State:** Cheng has prepared the projector, plugged it in, and turned it on – he *believes* it’s ready.
*   **The Event:** The power outage occurs, but Cheng doesn’t notice it.

His belief remains unchanged despite the external event.

Therefore, the answer is: **Cheng believes the projector is ready to use.**",True,"{""abstracting"": 0, ""accepting"": 0, ""analogical_thinking"": 0, ""analyzing"": 0, ""applying"": 0, ""attentional_deployment"": 0, ""cognition_awareness"": 0, ""concretizing"": 0, ""connecting"": 0, ""convergent_thinking"": 0, ""counterfactual_reasoning"": 0, ""creating"": 0, ""distinguishing"": 7, ""divergent_thinking"": 0, ""emotion_characterizing"": 0, ""emotion_facilitation"": 0, ""emotion_management"": 0, ""emotion_organizing"": 0, ""emotion_perception"": 0, ""emotion_receiving"": 0, ""emotion_responding"": 0, ""emotion_understanding"": 0, ""emotion_valuing"": 0, ""emotional_reappraisal"": 9, ""evaluating"": 0, ""hypothesis_generation"": 4, ""meta_awareness"": 0, ""metacognitive_monitoring"": 0, ""metacognitive_regulation"": 0, ""noticing"": 0, ""pattern_recognition"": 0, ""perspective_taking"": 0, ""questioning"": 2, ""reconsidering"": 0, ""reframing"": 0, ""remembering"": 0, ""response_modulation"": 0, ""self_questioning"": 0, ""situation_modification"": 0, ""situation_selection"": 0, ""suspending_judgment"": 0, ""understanding"": 0, ""updating_beliefs"": 0, ""zooming_in"": 0, ""zooming_out"": 0}","{""abstracting"": 0, ""accepting"": 0, ""analogical_thinking"": 0, ""analyzing"": 0, ""applying"": 0, ""attentional_deployment"": 0, ""cognition_awareness"": 0, ""concretizing"": 0, ""connecting"": 0, ""convergent_thinking"": 4, ""counterfactual_reasoning"": 0, ""creating"": 0, ""distinguishing"": 4, ""divergent_thinking"": 0, ""emotion_characterizing"": 0, ""emotion_facilitation"": 0, ""emotion_management"": 0, ""emotion_organizing"": 0, ""emotion_perception"": 0, ""emotion_receiving"": 0, ""emotion_responding"": 0, ""emotion_understanding"": 0, ""emotion_valuing"": 0, ""emotional_reappraisal"": 4, ""evaluating"": 0, ""hypothesis_generation"": 0, ""meta_awareness"": 0, ""metacognitive_monitoring"": 0, ""metacognitive_regulation"": 0, ""noticing"": 0, ""pattern_recognition"": 0, ""perspective_taking"": 0, ""questioning"": 0, ""reconsidering"": 0, ""reframing"": 1, ""remembering"": 0, ""response_modulation"": 0, ""self_questioning"": 0, ""situation_modification"": 0, ""situation_selection"": 0, ""suspending_judgment"": 0, ""understanding"": 0, ""updating_beliefs"": 0, ""zooming_in"": 0, ""zooming_out"": 0}","{""suspending_judgment"": 0, ""emotion_facilitation"": 0, ""emotion_organizing"": 0, ""abstracting"": 0, ""emotion_understanding"": 0, ""pattern_recognition"": 0, ""questioning"": -1, ""attentional_deployment"": 0, ""situation_selection"": 0, ""metacognitive_regulation"": 0, ""zooming_in"": 0, ""reframing"": 0, ""situation_modification"": 0, ""emotion_responding"": 0, ""remembering"": 0, ""analogical_thinking"": 0, ""applying"": 0, ""updating_beliefs"": 0, ""accepting"": 0, ""analyzing"": 0, ""emotion_management"": 0, ""emotion_perception"": 0, ""distinguishing"": 1, ""self_questioning"": 0, ""connecting"": 0, ""understanding"": 0, ""emotion_valuing"": 0, ""cognition_awareness"": 0, ""counterfactual_reasoning"": 0, ""zooming_out"": 0, ""response_modulation"": 0, ""noticing"": 0, ""concretizing"": 0, ""hypothesis_generation"": 0, ""emotion_characterizing"": 0, ""creating"": 0, ""reconsidering"": 0, ""meta_awareness"": 0, ""emotional_reappraisal"": 0, ""convergent_thinking"": 0, ""perspective_taking"": 0, ""divergent_thinking"": 0, ""evaluating"": 0, ""emotion_receiving"": 0, ""metacognitive_monitoring"": 0}","{""suspending_judgment"": 0, ""emotion_facilitation"": 0, ""emotion_organizing"": 0, ""abstracting"": 0, ""emotion_understanding"": 0, ""pattern_recognition"": 0, ""questioning"": -1, ""attentional_deployment"": 0, ""situation_selection"": 0, ""metacognitive_regulation"": 0, ""zooming_in"": 0, ""reframing"": 1, ""situation_modification"": 0, ""emotion_responding"": 0, ""remembering"": 0, ""analogical_thinking"": 0, ""applying"": 0, ""updating_beliefs"": 0, ""accepting"": 0, ""analyzing"": 0, ""emotion_management"": 0, ""emotion_perception"": -2, ""distinguishing"": 1, ""self_questioning"": 0, ""connecting"": 0, ""understanding"": -2, ""emotion_valuing"": 0, ""cognition_awareness"": 0, ""counterfactual_reasoning"": 0, ""zooming_out"": 0, ""response_modulation"": 0, ""noticing"": 0, ""concretizing"": 0, ""hypothesis_generation"": -1, ""emotion_characterizing"": 0, ""creating"": 0, ""reconsidering"": 0, ""meta_awareness"": 0, ""emotional_reappraisal"": 1, ""convergent_thinking"": 2, ""perspective_taking"": 0, ""divergent_thinking"": 0, ""evaluating"": 0, ""emotion_receiving"": 0, ""metacognitive_monitoring"": 0}",False
"Jia is a botanist visiting a beautiful botanical garden in China. Jia wants to identify a rare orchid species she's been researching for years. Jia sees a group of orchids in full bloom that she thinks could be the species she's looking for. Jia believes the orchids she sees are the rare species she's been researching. A sudden gust of wind blows through the garden, causing some petals from a nearby tree to fall and cover the orchids, making them look like a completely different species. Jia does not notice the gust of wind or the petals covering the orchids.",Does Jia believe the orchids are the rare species she's been researching or a different species?,Jia believes the orchids are a different species.,Jia believes the orchids could still be the rare species she's been researching.,Jia believes the orchids are the rare species she’s been researching. The story states she “thinks” they could be it and then confirms her belief before the wind intervenes.,False,"{""abstracting"": 0, ""accepting"": 0, ""analogical_thinking"": 0, ""analyzing"": 0, ""applying"": 0, ""attentional_deployment"": 0, ""cognition_awareness"": 0, ""concretizing"": 0, ""connecting"": 0, ""convergent_thinking"": 0, ""counterfactual_reasoning"": 0, ""creating"": 0, ""distinguishing"": 4, ""divergent_thinking"": 0, ""emotion_characterizing"": 0, ""emotion_facilitation"": 0, ""emotion_management"": 0, ""emotion_organizing"": 0, ""emotion_perception"": 0, ""emotion_receiving"": 0, ""emotion_responding"": 0, ""emotion_understanding"": 0, ""emotion_valuing"": 0, ""emotional_reappraisal"": 7, ""evaluating"": 0, ""hypothesis_generation"": 5, ""meta_awareness"": 0, ""metacognitive_monitoring"": 0, ""metacognitive_regulation"": 0, ""noticing"": 0, ""pattern_recognition"": 0, ""perspective_taking"": 0, ""questioning"": 1, ""reconsidering"": 0, ""reframing"": 0, ""remembering"": 0, ""response_modulation"": 0, ""self_questioning"": 0, ""situation_modification"": 1, ""situation_selection"": 0, ""suspending_judgment"": 0, ""understanding"": 0, ""updating_beliefs"": 0, ""zooming_in"": 0, ""zooming_out"": 0}","{""abstracting"": 0, ""accepting"": 0, ""analogical_thinking"": 0, ""analyzing"": 0, ""applying"": 0, ""attentional_deployment"": 0, ""cognition_awareness"": 0, ""concretizing"": 0, ""connecting"": 0, ""convergent_thinking"": 4, ""counterfactual_reasoning"": 0, ""creating"": 0, ""distinguishing"": 1, ""divergent_thinking"": 0, ""emotion_characterizing"": 0, ""emotion_facilitation"": 0, ""emotion_management"": 0, ""emotion_organizing"": 0, ""emotion_perception"": 0, ""emotion_receiving"": 0, ""emotion_responding"": 0, ""emotion_understanding"": 0, ""emotion_valuing"": 0, ""emotional_reappraisal"": 3, ""evaluating"": 0, ""hypothesis_generation"": 3, ""meta_awareness"": 0, ""metacognitive_monitoring"": 0, ""metacognitive_regulation"": 0, ""noticing"": 0, ""pattern_recognition"": 0, ""perspective_taking"": 0, ""questioning"": 1, ""reconsidering"": 0, ""reframing"": 0, ""remembering"": 0, ""response_modulation"": 0, ""self_questioning"": 0, ""situation_modification"": 1, ""situation_selection"": 0, ""suspending_judgment"": 0, ""understanding"": 2, ""updating_beliefs"": 0, ""zooming_in"": 0, ""zooming_out"": 0}","Jia believes the orchids are the rare species she’s been researching. The scenario specifically states she doesn’t notice the covering petals and maintains her initial assessment based on her prior research and observation. 

Here's the breakdown of why:

*   **Initial Assessment:** She’s been researching the species for years and identifies the orchids as potentially being it.
*   **External Factor:** The wind and falling petals are a crucial, external factor that alters the appearance but is not",False,"{""abstracting"": 0, ""accepting"": 0, ""analogical_thinking"": 0, ""analyzing"": 0, ""applying"": 0, ""attentional_deployment"": 0, ""cognition_awareness"": 0, ""concretizing"": 0, ""connecting"": 0, ""convergent_thinking"": 0, ""counterfactual_reasoning"": 0, ""creating"": 0, ""distinguishing"": 5, ""divergent_thinking"": 0, ""emotion_characterizing"": 0, ""emotion_facilitation"": 0, ""emotion_management"": 0, ""emotion_organizing"": 0, ""emotion_perception"": 0, ""emotion_receiving"": 0, ""emotion_responding"": 0, ""emotion_understanding"": 0, ""emotion_valuing"": 0, ""emotional_reappraisal"": 7, ""evaluating"": 0, ""hypothesis_generation"": 5, ""meta_awareness"": 0, ""metacognitive_monitoring"": 0, ""metacognitive_regulation"": 0, ""noticing"": 0, ""pattern_recognition"": 0, ""perspective_taking"": 0, ""questioning"": 0, ""reconsidering"": 0, ""reframing"": 0, ""remembering"": 0, ""response_modulation"": 0, ""self_questioning"": 0, ""situation_modification"": 2, ""situation_selection"": 0, ""suspending_judgment"": 0, ""understanding"": 0, ""updating_beliefs"": 0, ""zooming_in"": 0, ""zooming_out"": 0}","{""abstracting"": 1, ""accepting"": 0, ""analogical_thinking"": 0, ""analyzing"": 0, ""applying"": 0, ""attentional_deployment"": 0, ""cognition_awareness"": 0, ""concretizing"": 0, ""connecting"": 0, ""convergent_thinking"": 3, ""counterfactual_reasoning"": 0, ""creating"": 0, ""distinguishing"": 4, ""divergent_thinking"": 0, ""emotion_characterizing"": 0, ""emotion_facilitation"": 0, ""emotion_management"": 0, ""emotion_organizing"": 0, ""emotion_perception"": 0, ""emotion_receiving"": 0, ""emotion_responding"": 0, ""emotion_understanding"": 0, ""emotion_valuing"": 0, ""emotional_reappraisal"": 0, ""evaluating"": 0, ""hypothesis_generation"": 0, ""meta_awareness"": 0, ""metacognitive_monitoring"": 0, ""metacognitive_regulation"": 0, ""noticing"": 0, ""pattern_recognition"": 1, ""perspective_taking"": 0, ""questioning"": 0, ""reconsidering"": 0, ""reframing"": 0, ""remembering"": 0, ""response_modulation"": 0, ""self_questioning"": 0, ""situation_modification"": 0, ""situation_selection"": 0, ""suspending_judgment"": 0, ""understanding"": 1, ""updating_beliefs"": 0, ""zooming_in"": 0, ""zooming_out"": 0}","{""suspending_judgment"": 0, ""emotion_facilitation"": 0, ""emotion_organizing"": 0, ""abstracting"": 0, ""emotion_understanding"": 0, ""pattern_recognition"": 0, ""questioning"": -1, ""attentional_deployment"": 0, ""situation_selection"": 0, ""metacognitive_regulation"": 0, ""zooming_in"": 0, ""reframing"": 0, ""situation_modification"": 1, ""emotion_responding"": 0, ""remembering"": 0, ""analogical_thinking"": 0, ""applying"": 0, ""updating_beliefs"": 0, ""accepting"": 0, ""analyzing"": 0, ""emotion_management"": 0, ""emotion_perception"": 0, ""distinguishing"": 1, ""self_questioning"": 0, ""connecting"": 0, ""understanding"": 0, ""emotion_valuing"": 0, ""cognition_awareness"": 0, ""counterfactual_reasoning"": 0, ""zooming_out"": 0, ""response_modulation"": 0, ""noticing"": 0, ""concretizing"": 0, ""hypothesis_generation"": 0, ""emotion_characterizing"": 0, ""creating"": 0, ""reconsidering"": 0, ""meta_awareness"": 0, ""emotional_reappraisal"": 0, ""convergent_thinking"": 0, ""perspective_taking"": 0, ""divergent_thinking"": 0, ""evaluating"": 0, ""emotion_receiving"": 0, ""metacognitive_monitoring"": 0}","{""suspending_judgment"": 0, ""emotion_facilitation"": 0, ""emotion_organizing"": 0, ""abstracting"": 1, ""emotion_understanding"": 0, ""pattern_recognition"": 1, ""questioning"": -1, ""attentional_deployment"": 0, ""situation_selection"": 0, ""metacognitive_regulation"": 0, ""zooming_in"": 0, ""reframing"": 0, ""situation_modification"": -1, ""emotion_responding"": 0, ""remembering"": 0, ""analogical_thinking"": 0, ""applying"": 0, ""updating_beliefs"": 0, ""accepting"": 0, ""analyzing"": 0, ""emotion_management"": 0, ""emotion_perception"": 0, ""distinguishing"": 3, ""self_questioning"": 0, ""connecting"": 0, ""understanding"": -1, ""emotion_valuing"": 0, ""cognition_awareness"": 0, ""counterfactual_reasoning"": 0, ""zooming_out"": 0, ""response_modulation"": 0, ""noticing"": 0, ""concretizing"": 0, ""hypothesis_generation"": -3, ""emotion_characterizing"": 0, ""creating"": 0, ""reconsidering"": 0, ""meta_awareness"": 0, ""emotional_reappraisal"": -3, ""convergent_thinking"": -1, ""perspective_taking"": 0, ""divergent_thinking"": 0, ""evaluating"": 0, ""emotion_receiving"": 0, ""metacognitive_monitoring"": 0}",False
"Emeka is a farmer in a small village in Nigeria. Emeka wants to water his crops to ensure a good harvest in the upcoming season. Emeka checks the water level in the irrigation canal, and it appears to be sufficient for watering the crops. Emeka believes that the water level in the irrigation canal is sufficient. Overnight, a heavy rainfall causes flooding in the area, and the water level in the irrigation canal rises significantly, becoming too high for safe irrigation. Emeka does not notice the flooding or the increased water level in the irrigation canal.",Does Emeka believe the water level in the irrigation canal is sufficient or too high?,Emeka believes the water level in the irrigation canal is sufficient.,Emeka believes the water level in the irrigation canal is too high.,"Emeka believes the water level in the irrigation canal is sufficient. 

The story states he “believes that the water level in the irrigation canal is sufficient” before the flooding occurs. He doesn’t observe the change.",True,"{""abstracting"": 0, ""accepting"": 0, ""analogical_thinking"": 0, ""analyzing"": 0, ""applying"": 0, ""attentional_deployment"": 0, ""cognition_awareness"": 0, ""concretizing"": 0, ""connecting"": 0, ""convergent_thinking"": 0, ""counterfactual_reasoning"": 0, ""creating"": 0, ""distinguishing"": 6, ""divergent_thinking"": 0, ""emotion_characterizing"": 0, ""emotion_facilitation"": 0, ""emotion_management"": 0, ""emotion_organizing"": 0, ""emotion_perception"": 0, ""emotion_receiving"": 0, ""emotion_responding"": 0, ""emotion_understanding"": 0, ""emotion_valuing"": 0, ""emotional_reappraisal"": 6, ""evaluating"": 0, ""hypothesis_generation"": 6, ""meta_awareness"": 0, ""metacognitive_monitoring"": 0, ""metacognitive_regulation"": 0, ""noticing"": 0, ""pattern_recognition"": 0, ""perspective_taking"": 0, ""questioning"": 4, ""reconsidering"": 0, ""reframing"": 0, ""remembering"": 0, ""response_modulation"": 0, ""self_questioning"": 0, ""situation_modification"": 1, ""situation_selection"": 0, ""suspending_judgment"": 0, ""understanding"": 0, ""updating_beliefs"": 0, ""zooming_in"": 0, ""zooming_out"": 0}","{""abstracting"": 0, ""accepting"": 0, ""analogical_thinking"": 0, ""analyzing"": 0, ""applying"": 0, ""attentional_deployment"": 0, ""cognition_awareness"": 0, ""concretizing"": 0, ""connecting"": 0, ""convergent_thinking"": 0, ""counterfactual_reasoning"": 0, ""creating"": 0, ""distinguishing"": 2, ""divergent_thinking"": 0, ""emotion_characterizing"": 0, ""emotion_facilitation"": 0, ""emotion_management"": 0, ""emotion_organizing"": 0, ""emotion_perception"": 0, ""emotion_receiving"": 0, ""emotion_responding"": 0, ""emotion_understanding"": 0, ""emotion_valuing"": 0, ""emotional_reappraisal"": 2, ""evaluating"": 0, ""hypothesis_generation"": 0, ""meta_awareness"": 0, ""metacognitive_monitoring"": 0, ""metacognitive_regulation"": 0, ""noticing"": 0, ""pattern_recognition"": 0, ""perspective_taking"": 0, ""questioning"": 4, ""reconsidering"": 0, ""reframing"": 0, ""remembering"": 0, ""response_modulation"": 0, ""self_questioning"": 0, ""situation_modification"": 2, ""situation_selection"": 0, ""suspending_judgment"": 0, ""understanding"": 2, ""updating_beliefs"": 1, ""zooming_in"": 0, ""zooming_out"": 0}","Emeka believes the water level in the irrigation canal is sufficient. 

Here’s the breakdown of why:

*   **Initial Assessment:** He initially checks the water level and determines it’s sufficient.
*   **Lack of Information:** He doesn’t observe the overnight flooding and subsequent rise in water levels.

Therefore, his belief remains unchanged based on his initial assessment.",True,"{""abstracting"": 0, ""accepting"": 0, ""analogical_thinking"": 0, ""analyzing"": 0, ""applying"": 0, ""attentional_deployment"": 0, ""cognition_awareness"": 0, ""concretizing"": 0, ""connecting"": 0, ""convergent_thinking"": 0, ""counterfactual_reasoning"": 0, ""creating"": 0, ""distinguishing"": 7, ""divergent_thinking"": 0, ""emotion_characterizing"": 0, ""emotion_facilitation"": 0, ""emotion_management"": 0, ""emotion_organizing"": 0, ""emotion_perception"": 0, ""emotion_receiving"": 0, ""emotion_responding"": 0, ""emotion_understanding"": 0, ""emotion_valuing"": 0, ""emotional_reappraisal"": 7, ""evaluating"": 0, ""hypothesis_generation"": 6, ""meta_awareness"": 0, ""metacognitive_monitoring"": 0, ""metacognitive_regulation"": 0, ""noticing"": 0, ""pattern_recognition"": 0, ""perspective_taking"": 0, ""questioning"": 3, ""reconsidering"": 0, ""reframing"": 0, ""remembering"": 0, ""response_modulation"": 0, ""self_questioning"": 0, ""situation_modification"": 1, ""situation_selection"": 0, ""suspending_judgment"": 0, ""understanding"": 0, ""updating_beliefs"": 0, ""zooming_in"": 0, ""zooming_out"": 0}","{""abstracting"": 0, ""accepting"": 0, ""analogical_thinking"": 0, ""analyzing"": 0, ""applying"": 0, ""attentional_deployment"": 0, ""cognition_awareness"": 0, ""concretizing"": 0, ""connecting"": 0, ""convergent_thinking"": 5, ""counterfactual_reasoning"": 0, ""creating"": 0, ""distinguishing"": 3, ""divergent_thinking"": 0, ""emotion_characterizing"": 0, ""emotion_facilitation"": 0, ""emotion_management"": 0, ""emotion_organizing"": 0, ""emotion_perception"": 0, ""emotion_receiving"": 0, ""emotion_responding"": 0, ""emotion_understanding"": 0, ""emotion_valuing"": 0, ""emotional_reappraisal"": 0, ""evaluating"": 0, ""hypothesis_generation"": 0, ""meta_awareness"": 0, ""metacognitive_monitoring"": 0, ""metacognitive_regulation"": 0, ""noticing"": 0, ""pattern_recognition"": 0, ""perspective_taking"": 0, ""questioning"": 1, ""reconsidering"": 0, ""reframing"": 0, ""remembering"": 0, ""response_modulation"": 0, ""self_questioning"": 0, ""situation_modification"": 0, ""situation_selection"": 0, ""suspending_judgment"": 0, ""understanding"": 1, ""updating_beliefs"": 1, ""zooming_in"": 0, ""zooming_out"": 0}","{""suspending_judgment"": 0, ""emotion_facilitation"": 0, ""emotion_organizing"": 0, ""abstracting"": 0, ""emotion_understanding"": 0, ""pattern_recognition"": 0, ""questioning"": -1, ""attentional_deployment"": 0, ""situation_selection"": 0, ""metacognitive_regulation"": 0, ""zooming_in"": 0, ""reframing"": 0, ""situation_modification"": 0, ""emotion_responding"": 0, ""remembering"": 0, ""analogical_thinking"": 0, ""applying"": 0, ""updating_beliefs"": 0, ""accepting"": 0, ""analyzing"": 0, ""emotion_management"": 0, ""emotion_perception"": 0, ""distinguishing"": 1, ""self_questioning"": 0, ""connecting"": 0, ""understanding"": 0, ""emotion_valuing"": 0, ""cognition_awareness"": 0, ""counterfactual_reasoning"": 0, ""zooming_out"": 0, ""response_modulation"": 0, ""noticing"": 0, ""concretizing"": 0, ""hypothesis_generation"": 0, ""emotion_characterizing"": 0, ""creating"": 0, ""reconsidering"": 0, ""meta_awareness"": 0, ""emotional_reappraisal"": 1, ""convergent_thinking"": 0, ""perspective_taking"": 0, ""divergent_thinking"": 0, ""evaluating"": 0, ""emotion_receiving"": 0, ""metacognitive_monitoring"": 0}","{""suspending_judgment"": 0, ""emotion_facilitation"": 0, ""emotion_organizing"": 0, ""abstracting"": 0, ""emotion_understanding"": 0, ""pattern_recognition"": 0, ""questioning"": -3, ""attentional_deployment"": 0, ""situation_selection"": 0, ""metacognitive_regulation"": 0, ""zooming_in"": 0, ""reframing"": 0, ""situation_modification"": -2, ""emotion_responding"": 0, ""remembering"": 0, ""analogical_thinking"": 0, ""applying"": 0, ""updating_beliefs"": 0, ""accepting"": 0, ""analyzing"": 0, ""emotion_management"": 0, ""emotion_perception"": 0, ""distinguishing"": 1, ""self_questioning"": 0, ""connecting"": 0, ""understanding"": -1, ""emotion_valuing"": 0, ""cognition_awareness"": 0, ""counterfactual_reasoning"": 0, ""zooming_out"": 0, ""response_modulation"": 0, ""noticing"": 0, ""concretizing"": 0, ""hypothesis_generation"": 0, ""emotion_characterizing"": 0, ""creating"": 0, ""reconsidering"": 0, ""meta_awareness"": 0, ""emotional_reappraisal"": -2, ""convergent_thinking"": 5, ""perspective_taking"": 0, ""divergent_thinking"": 0, ""evaluating"": 0, ""emotion_receiving"": 0, ""metacognitive_monitoring"": 0}",False
"Luka is a gardener working in a beautiful park in the middle of the city. Luka wants to water the plants in the park to ensure they stay healthy and vibrant. The sky is cloudy, and Luka assumes that it might rain soon. Luka believes that it will rain soon. However, the wind picks up and blows the clouds away, revealing a bright and sunny sky. Luka does not notice the clouds clearing and the sun shining.","Does Luka believe that it will rain soon, or does he think the weather has become sunny?",Luka believes that it will rain soon.,Luka believes the weather has become sunny.,"Luka believes that it will rain soon. He had already formed the belief based on the cloudy sky and his assumption about the weather. He doesn't notice the change in weather, so his existing belief remains unchanged.",True,"{""abstracting"": 0, ""accepting"": 0, ""analogical_thinking"": 0, ""analyzing"": 0, ""applying"": 0, ""attentional_deployment"": 0, ""cognition_awareness"": 0, ""concretizing"": 0, ""connecting"": 0, ""convergent_thinking"": 0, ""counterfactual_reasoning"": 0, ""creating"": 0, ""distinguishing"": 5, ""divergent_thinking"": 0, ""emotion_characterizing"": 0, ""emotion_facilitation"": 0, ""emotion_management"": 0, ""emotion_organizing"": 0, ""emotion_perception"": 0, ""emotion_receiving"": 0, ""emotion_responding"": 0, ""emotion_understanding"": 0, ""emotion_valuing"": 0, ""emotional_reappraisal"": 5, ""evaluating"": 0, ""hypothesis_generation"": 5, ""meta_awareness"": 0, ""metacognitive_monitoring"": 0, ""metacognitive_regulation"": 0, ""noticing"": 0, ""pattern_recognition"": 0, ""perspective_taking"": 0, ""questioning"": 1, ""reconsidering"": 0, ""reframing"": 0, ""remembering"": 0, ""response_modulation"": 0, ""self_questioning"": 0, ""situation_modification"": 0, ""situation_selection"": 0, ""suspending_judgment"": 0, ""understanding"": 0, ""updating_beliefs"": 0, ""zooming_in"": 0, ""zooming_out"": 0}","{""abstracting"": 0, ""accepting"": 0, ""analogical_thinking"": 0, ""analyzing"": 0, ""applying"": 0, ""attentional_deployment"": 0, ""cognition_awareness"": 0, ""concretizing"": 0, ""connecting"": 0, ""convergent_thinking"": 1, ""counterfactual_reasoning"": 0, ""creating"": 0, ""distinguishing"": 2, ""divergent_thinking"": 0, ""emotion_characterizing"": 0, ""emotion_facilitation"": 0, ""emotion_management"": 0, ""emotion_organizing"": 0, ""emotion_perception"": 0, ""emotion_receiving"": 0, ""emotion_responding"": 0, ""emotion_understanding"": 0, ""emotion_valuing"": 0, ""emotional_reappraisal"": 3, ""evaluating"": 0, ""hypothesis_generation"": 1, ""meta_awareness"": 0, ""metacognitive_monitoring"": 0, ""metacognitive_regulation"": 0, ""noticing"": 0, ""pattern_recognition"": 0, ""perspective_taking"": 0, ""questioning"": 1, ""reconsidering"": 0, ""reframing"": 0, ""remembering"": 0, ""response_modulation"": 0, ""self_questioning"": 0, ""situation_modification"": 0, ""situation_selection"": 0, ""suspending_judgment"": 0, ""understanding"": 1, ""updating_beliefs"": 0, ""zooming_in"": 0, ""zooming_out"": 0}","Luka believes that it will rain soon. 

Here's the breakdown of why:

The story states he “assumes that it might rain soon” and “believes that it will rain soon.” His initial assessment and belief haven’t been overridden by his observation of the changing weather. He’s holding onto his prediction despite the evidence to the contrary. 

Let me know if you’d like to explore this further!",True,"{""abstracting"": 0, ""accepting"": 0, ""analogical_thinking"": 0, ""analyzing"": 0, ""applying"": 0, ""attentional_deployment"": 0, ""cognition_awareness"": 0, ""concretizing"": 0, ""connecting"": 0, ""convergent_thinking"": 0, ""counterfactual_reasoning"": 0, ""creating"": 0, ""distinguishing"": 5, ""divergent_thinking"": 0, ""emotion_characterizing"": 0, ""emotion_facilitation"": 0, ""emotion_management"": 0, ""emotion_organizing"": 0, ""emotion_perception"": 0, ""emotion_receiving"": 0, ""emotion_responding"": 0, ""emotion_understanding"": 0, ""emotion_valuing"": 0, ""emotional_reappraisal"": 5, ""evaluating"": 0, ""hypothesis_generation"": 5, ""meta_awareness"": 0, ""metacognitive_monitoring"": 0, ""metacognitive_regulation"": 0, ""noticing"": 0, ""pattern_recognition"": 1, ""perspective_taking"": 0, ""questioning"": 0, ""reconsidering"": 0, ""reframing"": 0, ""remembering"": 0, ""response_modulation"": 0, ""self_questioning"": 0, ""situation_modification"": 0, ""situation_selection"": 0, ""suspending_judgment"": 0, ""understanding"": 0, ""updating_beliefs"": 0, ""zooming_in"": 0, ""zooming_out"": 0}","{""abstracting"": 0, ""accepting"": 0, ""analogical_thinking"": 0, ""analyzing"": 0, ""applying"": 0, ""attentional_deployment"": 0, ""cognition_awareness"": 0, ""concretizing"": 0, ""connecting"": 0, ""convergent_thinking"": 1, ""counterfactual_reasoning"": 0, ""creating"": 0, ""distinguishing"": 3, ""divergent_thinking"": 0, ""emotion_characterizing"": 0, ""emotion_facilitation"": 0, ""emotion_management"": 0, ""emotion_organizing"": 0, ""emotion_perception"": 0, ""emotion_receiving"": 0, ""emotion_responding"": 0, ""emotion_understanding"": 0, ""emotion_valuing"": 0, ""emotional_reappraisal"": 2, ""evaluating"": 0, ""hypothesis_generation"": 0, ""meta_awareness"": 0, ""metacognitive_monitoring"": 0, ""metacognitive_regulation"": 0, ""noticing"": 0, ""pattern_recognition"": 0, ""perspective_taking"": 0, ""questioning"": 2, ""reconsidering"": 0, ""reframing"": 0, ""remembering"": 0, ""response_modulation"": 0, ""self_questioning"": 0, ""situation_modification"": 0, ""situation_selection"": 0, ""suspending_judgment"": 0, ""understanding"": 1, ""updating_beliefs"": 1, ""zooming_in"": 0, ""zooming_out"": 0}","{""suspending_judgment"": 0, ""emotion_facilitation"": 0, ""emotion_organizing"": 0, ""abstracting"": 0, ""emotion_understanding"": 0, ""pattern_recognition"": 1, ""questioning"": -1, ""attentional_deployment"": 0, ""situation_selection"": 0, ""metacognitive_regulation"": 0, ""zooming_in"": 0, ""reframing"": 0, ""situation_modification"": 0, ""emotion_responding"": 0, ""remembering"": 0, ""analogical_thinking"": 0, ""applying"": 0, ""updating_beliefs"": 0, ""accepting"": 0, ""analyzing"": 0, ""emotion_management"": 0, ""emotion_perception"": 0, ""distinguishing"": 0, ""self_questioning"": 0, ""connecting"": 0, ""understanding"": 0, ""emotion_valuing"": 0, ""cognition_awareness"": 0, ""counterfactual_reasoning"": 0, ""zooming_out"": 0, ""response_modulation"": 0, ""noticing"": 0, ""concretizing"": 0, ""hypothesis_generation"": 0, ""emotion_characterizing"": 0, ""creating"": 0, ""reconsidering"": 0, ""meta_awareness"": 0, ""emotional_reappraisal"": 0, ""convergent_thinking"": 0, ""perspective_taking"": 0, ""divergent_thinking"": 0, ""evaluating"": 0, ""emotion_receiving"": 0, ""metacognitive_monitoring"": 0}","{""suspending_judgment"": 0, ""emotion_facilitation"": 0, ""emotion_organizing"": 0, ""abstracting"": 0, ""emotion_understanding"": 0, ""pattern_recognition"": 0, ""questioning"": 1, ""attentional_deployment"": 0, ""situation_selection"": 0, ""metacognitive_regulation"": 0, ""zooming_in"": 0, ""reframing"": 0, ""situation_modification"": 0, ""emotion_responding"": 0, ""remembering"": 0, ""analogical_thinking"": 0, ""applying"": 0, ""updating_beliefs"": 1, ""accepting"": 0, ""analyzing"": 0, ""emotion_management"": 0, ""emotion_perception"": 0, ""distinguishing"": 1, ""self_questioning"": 0, ""connecting"": 0, ""understanding"": 0, ""emotion_valuing"": 0, ""cognition_awareness"": 0, ""counterfactual_reasoning"": 0, ""zooming_out"": 0, ""response_modulation"": 0, ""noticing"": 0, ""concretizing"": 0, ""hypothesis_generation"": -1, ""emotion_characterizing"": 0, ""creating"": 0, ""reconsidering"": 0, ""meta_awareness"": 0, ""emotional_reappraisal"": -1, ""convergent_thinking"": 0, ""perspective_taking"": 0, ""divergent_thinking"": 0, ""evaluating"": 0, ""emotion_receiving"": 0, ""metacognitive_monitoring"": 0}",False
