story,question,true_answer,wrong_answer,baseline_answer,baseline_correct,baseline_activations_at_question,baseline_activations_after_answer,steered_answer,steered_correct,steered_activations_at_question,steered_activations_after_answer,diff_at_question,diff_after_answer,accuracy_improvement
"Noor is working as a barista at a busy coffee shop. Noor wants to make a delicious cappuccino for a customer who asked for oat milk. Noor grabs a milk pitcher and fills it with oat milk. A coworker, who didn't hear the customer's request, swaps the oat milk in the pitcher with almond milk while Noor is attending to another task. Noor makes the cappuccino using the milk in the pitcher.",Does Noor believe the milk pitcher contains oat milk or almond milk?,Noor believes the milk pitcher contains oat milk.,Noor believes the milk pitcher contains almond milk.,"Noor believes the milk pitcher contains oat milk. She grabbed the pitcher and filled it with oat milk, and hasn’t had a chance to check it since.",True,"{""abstracting"": 0, ""accepting"": 0, ""analogical_thinking"": 0, ""analyzing"": 0, ""applying"": 0, ""attentional_deployment"": 0, ""cognition_awareness"": 0, ""concretizing"": 0, ""connecting"": 0, ""convergent_thinking"": 0, ""counterfactual_reasoning"": 0, ""creating"": 0, ""distinguishing"": 7, ""divergent_thinking"": 0, ""emotion_characterizing"": 0, ""emotion_facilitation"": 0, ""emotion_management"": 0, ""emotion_organizing"": 0, ""emotion_perception"": 0, ""emotion_receiving"": 0, ""emotion_responding"": 0, ""emotion_understanding"": 0, ""emotion_valuing"": 0, ""emotional_reappraisal"": 8, ""evaluating"": 0, ""hypothesis_generation"": 8, ""meta_awareness"": 0, ""metacognitive_monitoring"": 0, ""metacognitive_regulation"": 0, ""noticing"": 0, ""pattern_recognition"": 0, ""perspective_taking"": 0, ""questioning"": 0, ""reconsidering"": 0, ""reframing"": 0, ""remembering"": 0, ""response_modulation"": 0, ""self_questioning"": 0, ""situation_modification"": 0, ""situation_selection"": 0, ""suspending_judgment"": 0, ""understanding"": 0, ""updating_beliefs"": 0, ""zooming_in"": 0, ""zooming_out"": 0}","{""abstracting"": 0, ""accepting"": 0, ""analogical_thinking"": 0, ""analyzing"": 0, ""applying"": 0, ""attentional_deployment"": 0, ""cognition_awareness"": 0, ""concretizing"": 0, ""connecting"": 0, ""convergent_thinking"": 2, ""counterfactual_reasoning"": 0, ""creating"": 0, ""distinguishing"": 5, ""divergent_thinking"": 0, ""emotion_characterizing"": 0, ""emotion_facilitation"": 0, ""emotion_management"": 0, ""emotion_organizing"": 0, ""emotion_perception"": 0, ""emotion_receiving"": 0, ""emotion_responding"": 0, ""emotion_understanding"": 0, ""emotion_valuing"": 0, ""emotional_reappraisal"": 5, ""evaluating"": 0, ""hypothesis_generation"": 1, ""meta_awareness"": 0, ""metacognitive_monitoring"": 0, ""metacognitive_regulation"": 0, ""noticing"": 0, ""pattern_recognition"": 0, ""perspective_taking"": 0, ""questioning"": 1, ""reconsidering"": 0, ""reframing"": 0, ""remembering"": 0, ""response_modulation"": 0, ""self_questioning"": 0, ""situation_modification"": 1, ""situation_selection"": 0, ""suspending_judgment"": 0, ""understanding"": 2, ""updating_beliefs"": 0, ""zooming_in"": 0, ""zooming_out"": 0}",Noor believes the milk pitcher contains oat milk. She’s the one who initially filled it and hasn’t had a chance to verify its contents since the swap. Her assumption is based on her prior action.,True,"{""abstracting"": 0, ""accepting"": 0, ""analogical_thinking"": 0, ""analyzing"": 0, ""applying"": 0, ""attentional_deployment"": 0, ""cognition_awareness"": 0, ""concretizing"": 0, ""connecting"": 0, ""convergent_thinking"": 0, ""counterfactual_reasoning"": 0, ""creating"": 0, ""distinguishing"": 7, ""divergent_thinking"": 0, ""emotion_characterizing"": 0, ""emotion_facilitation"": 0, ""emotion_management"": 0, ""emotion_organizing"": 0, ""emotion_perception"": 0, ""emotion_receiving"": 0, ""emotion_responding"": 0, ""emotion_understanding"": 0, ""emotion_valuing"": 0, ""emotional_reappraisal"": 7, ""evaluating"": 0, ""hypothesis_generation"": 7, ""meta_awareness"": 0, ""metacognitive_monitoring"": 0, ""metacognitive_regulation"": 0, ""noticing"": 0, ""pattern_recognition"": 1, ""perspective_taking"": 0, ""questioning"": 0, ""reconsidering"": 0, ""reframing"": 0, ""remembering"": 0, ""response_modulation"": 0, ""self_questioning"": 0, ""situation_modification"": 0, ""situation_selection"": 0, ""suspending_judgment"": 0, ""understanding"": 0, ""updating_beliefs"": 0, ""zooming_in"": 0, ""zooming_out"": 0}","{""abstracting"": 0, ""accepting"": 0, ""analogical_thinking"": 0, ""analyzing"": 0, ""applying"": 0, ""attentional_deployment"": 0, ""cognition_awareness"": 0, ""concretizing"": 0, ""connecting"": 0, ""convergent_thinking"": 1, ""counterfactual_reasoning"": 0, ""creating"": 0, ""distinguishing"": 1, ""divergent_thinking"": 0, ""emotion_characterizing"": 0, ""emotion_facilitation"": 0, ""emotion_management"": 0, ""emotion_organizing"": 0, ""emotion_perception"": 0, ""emotion_receiving"": 0, ""emotion_responding"": 0, ""emotion_understanding"": 0, ""emotion_valuing"": 0, ""emotional_reappraisal"": 5, ""evaluating"": 0, ""hypothesis_generation"": 0, ""meta_awareness"": 0, ""metacognitive_monitoring"": 0, ""metacognitive_regulation"": 0, ""noticing"": 0, ""pattern_recognition"": 0, ""perspective_taking"": 0, ""questioning"": 1, ""reconsidering"": 0, ""reframing"": 0, ""remembering"": 0, ""response_modulation"": 0, ""self_questioning"": 0, ""situation_modification"": 1, ""situation_selection"": 0, ""suspending_judgment"": 1, ""understanding"": 1, ""updating_beliefs"": 0, ""zooming_in"": 0, ""zooming_out"": 0}","{""emotion_organizing"": 0, ""counterfactual_reasoning"": 0, ""hypothesis_generation"": -1, ""emotion_perception"": 0, ""abstracting"": 0, ""divergent_thinking"": 0, ""analyzing"": 0, ""accepting"": 0, ""metacognitive_monitoring"": 0, ""self_questioning"": 0, ""emotion_valuing"": 0, ""remembering"": 0, ""zooming_out"": 0, ""evaluating"": 0, ""perspective_taking"": 0, ""emotion_responding"": 0, ""attentional_deployment"": 0, ""updating_beliefs"": 0, ""situation_modification"": 0, ""creating"": 0, ""situation_selection"": 0, ""concretizing"": 0, ""emotion_characterizing"": 0, ""zooming_in"": 0, ""noticing"": 0, ""emotion_management"": 0, ""pattern_recognition"": 1, ""reframing"": 0, ""convergent_thinking"": 0, ""connecting"": 0, ""metacognitive_regulation"": 0, ""emotional_reappraisal"": -1, ""reconsidering"": 0, ""analogical_thinking"": 0, ""understanding"": 0, ""distinguishing"": 0, ""cognition_awareness"": 0, ""suspending_judgment"": 0, ""questioning"": 0, ""emotion_understanding"": 0, ""meta_awareness"": 0, ""response_modulation"": 0, ""applying"": 0, ""emotion_facilitation"": 0, ""emotion_receiving"": 0}","{""emotion_organizing"": 0, ""counterfactual_reasoning"": 0, ""hypothesis_generation"": -1, ""emotion_perception"": 0, ""abstracting"": 0, ""divergent_thinking"": 0, ""analyzing"": 0, ""accepting"": 0, ""metacognitive_monitoring"": 0, ""self_questioning"": 0, ""emotion_valuing"": 0, ""remembering"": 0, ""zooming_out"": 0, ""evaluating"": 0, ""perspective_taking"": 0, ""emotion_responding"": 0, ""attentional_deployment"": 0, ""updating_beliefs"": 0, ""situation_modification"": 0, ""creating"": 0, ""situation_selection"": 0, ""concretizing"": 0, ""emotion_characterizing"": 0, ""zooming_in"": 0, ""noticing"": 0, ""emotion_management"": 0, ""pattern_recognition"": 0, ""reframing"": 0, ""convergent_thinking"": -1, ""connecting"": 0, ""metacognitive_regulation"": 0, ""emotional_reappraisal"": 0, ""reconsidering"": 0, ""analogical_thinking"": 0, ""understanding"": -1, ""distinguishing"": -4, ""cognition_awareness"": 0, ""suspending_judgment"": 1, ""questioning"": 0, ""emotion_understanding"": 0, ""meta_awareness"": 0, ""response_modulation"": 0, ""applying"": 0, ""emotion_facilitation"": 0, ""emotion_receiving"": 0}",False
"Zara is attending an art exhibition at a local gallery in her town. Zara wants to learn more about a particular abstract painting she admires. The label next to the artwork states that the painting is the work of a famous artist, and Zara reads the label carefully. A gallery staff member, realizing there was a mix-up, changes the label with the correct information attributing the painting to an emerging artist instead. Zara looks for more information about the famous artist.",Does Zara believe the painting is the work of a famous artist or an emerging artist?,Zara believes the painting is the work of a famous artist.,Zara believes the painting is the work of an emerging artist.,"Emerging artist. 

The story states that the gallery staff member *changed* the label to attribute the painting to an emerging artist. Therefore, Zara now believes it’s the work of an emerging artist, not the famous one initially indicated.",False,"{""abstracting"": 0, ""accepting"": 0, ""analogical_thinking"": 0, ""analyzing"": 0, ""applying"": 0, ""attentional_deployment"": 0, ""cognition_awareness"": 0, ""concretizing"": 0, ""connecting"": 0, ""convergent_thinking"": 1, ""counterfactual_reasoning"": 0, ""creating"": 0, ""distinguishing"": 6, ""divergent_thinking"": 0, ""emotion_characterizing"": 0, ""emotion_facilitation"": 0, ""emotion_management"": 0, ""emotion_organizing"": 0, ""emotion_perception"": 0, ""emotion_receiving"": 0, ""emotion_responding"": 0, ""emotion_understanding"": 0, ""emotion_valuing"": 0, ""emotional_reappraisal"": 7, ""evaluating"": 0, ""hypothesis_generation"": 4, ""meta_awareness"": 0, ""metacognitive_monitoring"": 0, ""metacognitive_regulation"": 0, ""noticing"": 0, ""pattern_recognition"": 0, ""perspective_taking"": 0, ""questioning"": 2, ""reconsidering"": 0, ""reframing"": 0, ""remembering"": 0, ""response_modulation"": 0, ""self_questioning"": 0, ""situation_modification"": 3, ""situation_selection"": 0, ""suspending_judgment"": 0, ""understanding"": 0, ""updating_beliefs"": 0, ""zooming_in"": 0, ""zooming_out"": 0}","{""abstracting"": 0, ""accepting"": 0, ""analogical_thinking"": 0, ""analyzing"": 0, ""applying"": 0, ""attentional_deployment"": 0, ""cognition_awareness"": 0, ""concretizing"": 0, ""connecting"": 0, ""convergent_thinking"": 4, ""counterfactual_reasoning"": 1, ""creating"": 0, ""distinguishing"": 5, ""divergent_thinking"": 0, ""emotion_characterizing"": 0, ""emotion_facilitation"": 0, ""emotion_management"": 0, ""emotion_organizing"": 0, ""emotion_perception"": 0, ""emotion_receiving"": 0, ""emotion_responding"": 0, ""emotion_understanding"": 0, ""emotion_valuing"": 0, ""emotional_reappraisal"": 0, ""evaluating"": 0, ""hypothesis_generation"": 0, ""meta_awareness"": 0, ""metacognitive_monitoring"": 0, ""metacognitive_regulation"": 0, ""noticing"": 0, ""pattern_recognition"": 0, ""perspective_taking"": 0, ""questioning"": 2, ""reconsidering"": 0, ""reframing"": 0, ""remembering"": 0, ""response_modulation"": 0, ""self_questioning"": 0, ""situation_modification"": 1, ""situation_selection"": 0, ""suspending_judgment"": 0, ""understanding"": 2, ""updating_beliefs"": 0, ""zooming_in"": 0, ""zooming_out"": 0}","Zara initially believed the painting was the work of a famous artist, but after the gallery staff member altered the label, she now believes it’s the work of an **emerging artist**.",True,"{""abstracting"": 0, ""accepting"": 0, ""analogical_thinking"": 0, ""analyzing"": 0, ""applying"": 0, ""attentional_deployment"": 0, ""cognition_awareness"": 0, ""concretizing"": 0, ""connecting"": 0, ""convergent_thinking"": 1, ""counterfactual_reasoning"": 0, ""creating"": 0, ""distinguishing"": 6, ""divergent_thinking"": 0, ""emotion_characterizing"": 0, ""emotion_facilitation"": 0, ""emotion_management"": 0, ""emotion_organizing"": 1, ""emotion_perception"": 0, ""emotion_receiving"": 0, ""emotion_responding"": 0, ""emotion_understanding"": 0, ""emotion_valuing"": 0, ""emotional_reappraisal"": 7, ""evaluating"": 0, ""hypothesis_generation"": 4, ""meta_awareness"": 0, ""metacognitive_monitoring"": 0, ""metacognitive_regulation"": 0, ""noticing"": 0, ""pattern_recognition"": 1, ""perspective_taking"": 0, ""questioning"": 1, ""reconsidering"": 0, ""reframing"": 0, ""remembering"": 1, ""response_modulation"": 0, ""self_questioning"": 0, ""situation_modification"": 3, ""situation_selection"": 0, ""suspending_judgment"": 0, ""understanding"": 0, ""updating_beliefs"": 0, ""zooming_in"": 0, ""zooming_out"": 0}","{""abstracting"": 0, ""accepting"": 0, ""analogical_thinking"": 0, ""analyzing"": 0, ""applying"": 0, ""attentional_deployment"": 0, ""cognition_awareness"": 0, ""concretizing"": 0, ""connecting"": 0, ""convergent_thinking"": 1, ""counterfactual_reasoning"": 0, ""creating"": 0, ""distinguishing"": 6, ""divergent_thinking"": 0, ""emotion_characterizing"": 0, ""emotion_facilitation"": 0, ""emotion_management"": 0, ""emotion_organizing"": 0, ""emotion_perception"": 0, ""emotion_receiving"": 0, ""emotion_responding"": 0, ""emotion_understanding"": 1, ""emotion_valuing"": 0, ""emotional_reappraisal"": 7, ""evaluating"": 0, ""hypothesis_generation"": 1, ""meta_awareness"": 0, ""metacognitive_monitoring"": 0, ""metacognitive_regulation"": 0, ""noticing"": 0, ""pattern_recognition"": 0, ""perspective_taking"": 0, ""questioning"": 0, ""reconsidering"": 0, ""reframing"": 0, ""remembering"": 0, ""response_modulation"": 0, ""self_questioning"": 0, ""situation_modification"": 2, ""situation_selection"": 0, ""suspending_judgment"": 0, ""understanding"": 2, ""updating_beliefs"": 1, ""zooming_in"": 0, ""zooming_out"": 0}","{""emotion_organizing"": 1, ""counterfactual_reasoning"": 0, ""hypothesis_generation"": 0, ""emotion_perception"": 0, ""abstracting"": 0, ""divergent_thinking"": 0, ""analyzing"": 0, ""accepting"": 0, ""metacognitive_monitoring"": 0, ""self_questioning"": 0, ""emotion_valuing"": 0, ""remembering"": 1, ""zooming_out"": 0, ""evaluating"": 0, ""perspective_taking"": 0, ""emotion_responding"": 0, ""attentional_deployment"": 0, ""updating_beliefs"": 0, ""situation_modification"": 0, ""creating"": 0, ""situation_selection"": 0, ""concretizing"": 0, ""emotion_characterizing"": 0, ""zooming_in"": 0, ""noticing"": 0, ""emotion_management"": 0, ""pattern_recognition"": 1, ""reframing"": 0, ""convergent_thinking"": 0, ""connecting"": 0, ""metacognitive_regulation"": 0, ""emotional_reappraisal"": 0, ""reconsidering"": 0, ""analogical_thinking"": 0, ""understanding"": 0, ""distinguishing"": 0, ""cognition_awareness"": 0, ""suspending_judgment"": 0, ""questioning"": -1, ""emotion_understanding"": 0, ""meta_awareness"": 0, ""response_modulation"": 0, ""applying"": 0, ""emotion_facilitation"": 0, ""emotion_receiving"": 0}","{""emotion_organizing"": 0, ""counterfactual_reasoning"": -1, ""hypothesis_generation"": 1, ""emotion_perception"": 0, ""abstracting"": 0, ""divergent_thinking"": 0, ""analyzing"": 0, ""accepting"": 0, ""metacognitive_monitoring"": 0, ""self_questioning"": 0, ""emotion_valuing"": 0, ""remembering"": 0, ""zooming_out"": 0, ""evaluating"": 0, ""perspective_taking"": 0, ""emotion_responding"": 0, ""attentional_deployment"": 0, ""updating_beliefs"": 1, ""situation_modification"": 1, ""creating"": 0, ""situation_selection"": 0, ""concretizing"": 0, ""emotion_characterizing"": 0, ""zooming_in"": 0, ""noticing"": 0, ""emotion_management"": 0, ""pattern_recognition"": 0, ""reframing"": 0, ""convergent_thinking"": -3, ""connecting"": 0, ""metacognitive_regulation"": 0, ""emotional_reappraisal"": 7, ""reconsidering"": 0, ""analogical_thinking"": 0, ""understanding"": 0, ""distinguishing"": 1, ""cognition_awareness"": 0, ""suspending_judgment"": 0, ""questioning"": -2, ""emotion_understanding"": 1, ""meta_awareness"": 0, ""response_modulation"": 0, ""applying"": 0, ""emotion_facilitation"": 0, ""emotion_receiving"": 0}",True
"Carlos is a farmer in a small village in Mexico, tending to his cornfield. He wants to irrigate his crops by opening a water valve connected to a nearby river. Carlos closed the valve the previous evening. During the night, heavy rainfall caused the river to overflow, opening the valve and flooding the cornfield. Carlos calls his neighbour to ask them if they could open the valve.",Does Carlos believe the water valve is closed or open?,Carlos believes the water valve is closed.,Carlos believes the water valve is open.,"Carlos believes the water valve is open. 

Here's why: He states the river overflowed during the night, which opened the valve. He's calling his neighbor to *open* it, implying he knows it's currently open.",False,"{""abstracting"": 0, ""accepting"": 0, ""analogical_thinking"": 0, ""analyzing"": 0, ""applying"": 0, ""attentional_deployment"": 0, ""cognition_awareness"": 0, ""concretizing"": 0, ""connecting"": 0, ""convergent_thinking"": 0, ""counterfactual_reasoning"": 0, ""creating"": 0, ""distinguishing"": 7, ""divergent_thinking"": 0, ""emotion_characterizing"": 0, ""emotion_facilitation"": 0, ""emotion_management"": 0, ""emotion_organizing"": 0, ""emotion_perception"": 0, ""emotion_receiving"": 0, ""emotion_responding"": 0, ""emotion_understanding"": 0, ""emotion_valuing"": 0, ""emotional_reappraisal"": 9, ""evaluating"": 0, ""hypothesis_generation"": 6, ""meta_awareness"": 0, ""metacognitive_monitoring"": 0, ""metacognitive_regulation"": 0, ""noticing"": 0, ""pattern_recognition"": 0, ""perspective_taking"": 0, ""questioning"": 2, ""reconsidering"": 0, ""reframing"": 0, ""remembering"": 0, ""response_modulation"": 0, ""self_questioning"": 0, ""situation_modification"": 0, ""situation_selection"": 0, ""suspending_judgment"": 0, ""understanding"": 1, ""updating_beliefs"": 0, ""zooming_in"": 0, ""zooming_out"": 0}","{""abstracting"": 0, ""accepting"": 0, ""analogical_thinking"": 0, ""analyzing"": 0, ""applying"": 0, ""attentional_deployment"": 0, ""cognition_awareness"": 0, ""concretizing"": 0, ""connecting"": 0, ""convergent_thinking"": 5, ""counterfactual_reasoning"": 0, ""creating"": 0, ""distinguishing"": 2, ""divergent_thinking"": 0, ""emotion_characterizing"": 0, ""emotion_facilitation"": 0, ""emotion_management"": 0, ""emotion_organizing"": 0, ""emotion_perception"": 0, ""emotion_receiving"": 0, ""emotion_responding"": 0, ""emotion_understanding"": 0, ""emotion_valuing"": 0, ""emotional_reappraisal"": 5, ""evaluating"": 0, ""hypothesis_generation"": 0, ""meta_awareness"": 0, ""metacognitive_monitoring"": 0, ""metacognitive_regulation"": 0, ""noticing"": 0, ""pattern_recognition"": 0, ""perspective_taking"": 0, ""questioning"": 1, ""reconsidering"": 0, ""reframing"": 0, ""remembering"": 0, ""response_modulation"": 0, ""self_questioning"": 0, ""situation_modification"": 0, ""situation_selection"": 0, ""suspending_judgment"": 0, ""understanding"": 3, ""updating_beliefs"": 0, ""zooming_in"": 0, ""zooming_out"": 0}","Carlos believes the water valve is open. 

Here's how we can deduce that:

*   He states he closed the valve the previous evening.
*   He then describes a scenario where a nighttime flood opened the valve.
*   He calls his neighbor to have them open it, implying he now recognizes it’s open.",False,"{""abstracting"": 0, ""accepting"": 0, ""analogical_thinking"": 0, ""analyzing"": 0, ""applying"": 0, ""attentional_deployment"": 0, ""cognition_awareness"": 0, ""concretizing"": 0, ""connecting"": 0, ""convergent_thinking"": 0, ""counterfactual_reasoning"": 0, ""creating"": 0, ""distinguishing"": 7, ""divergent_thinking"": 0, ""emotion_characterizing"": 0, ""emotion_facilitation"": 0, ""emotion_management"": 0, ""emotion_organizing"": 0, ""emotion_perception"": 0, ""emotion_receiving"": 0, ""emotion_responding"": 0, ""emotion_understanding"": 0, ""emotion_valuing"": 0, ""emotional_reappraisal"": 9, ""evaluating"": 0, ""hypothesis_generation"": 6, ""meta_awareness"": 0, ""metacognitive_monitoring"": 0, ""metacognitive_regulation"": 0, ""noticing"": 0, ""pattern_recognition"": 0, ""perspective_taking"": 0, ""questioning"": 2, ""reconsidering"": 0, ""reframing"": 0, ""remembering"": 0, ""response_modulation"": 0, ""self_questioning"": 0, ""situation_modification"": 0, ""situation_selection"": 0, ""suspending_judgment"": 0, ""understanding"": 1, ""updating_beliefs"": 0, ""zooming_in"": 0, ""zooming_out"": 0}","{""abstracting"": 0, ""accepting"": 0, ""analogical_thinking"": 0, ""analyzing"": 0, ""applying"": 0, ""attentional_deployment"": 0, ""cognition_awareness"": 0, ""concretizing"": 0, ""connecting"": 0, ""convergent_thinking"": 1, ""counterfactual_reasoning"": 0, ""creating"": 0, ""distinguishing"": 1, ""divergent_thinking"": 0, ""emotion_characterizing"": 0, ""emotion_facilitation"": 0, ""emotion_management"": 0, ""emotion_organizing"": 0, ""emotion_perception"": 0, ""emotion_receiving"": 0, ""emotion_responding"": 0, ""emotion_understanding"": 1, ""emotion_valuing"": 0, ""emotional_reappraisal"": 2, ""evaluating"": 0, ""hypothesis_generation"": 0, ""meta_awareness"": 0, ""metacognitive_monitoring"": 0, ""metacognitive_regulation"": 0, ""noticing"": 0, ""pattern_recognition"": 0, ""perspective_taking"": 0, ""questioning"": 0, ""reconsidering"": 0, ""reframing"": 0, ""remembering"": 1, ""response_modulation"": 0, ""self_questioning"": 0, ""situation_modification"": 0, ""situation_selection"": 0, ""suspending_judgment"": 0, ""understanding"": 3, ""updating_beliefs"": 0, ""zooming_in"": 0, ""zooming_out"": 0}","{""emotion_organizing"": 0, ""counterfactual_reasoning"": 0, ""hypothesis_generation"": 0, ""emotion_perception"": 0, ""abstracting"": 0, ""divergent_thinking"": 0, ""analyzing"": 0, ""accepting"": 0, ""metacognitive_monitoring"": 0, ""self_questioning"": 0, ""emotion_valuing"": 0, ""remembering"": 0, ""zooming_out"": 0, ""evaluating"": 0, ""perspective_taking"": 0, ""emotion_responding"": 0, ""attentional_deployment"": 0, ""updating_beliefs"": 0, ""situation_modification"": 0, ""creating"": 0, ""situation_selection"": 0, ""concretizing"": 0, ""emotion_characterizing"": 0, ""zooming_in"": 0, ""noticing"": 0, ""emotion_management"": 0, ""pattern_recognition"": 0, ""reframing"": 0, ""convergent_thinking"": 0, ""connecting"": 0, ""metacognitive_regulation"": 0, ""emotional_reappraisal"": 0, ""reconsidering"": 0, ""analogical_thinking"": 0, ""understanding"": 0, ""distinguishing"": 0, ""cognition_awareness"": 0, ""suspending_judgment"": 0, ""questioning"": 0, ""emotion_understanding"": 0, ""meta_awareness"": 0, ""response_modulation"": 0, ""applying"": 0, ""emotion_facilitation"": 0, ""emotion_receiving"": 0}","{""emotion_organizing"": 0, ""counterfactual_reasoning"": 0, ""hypothesis_generation"": 0, ""emotion_perception"": 0, ""abstracting"": 0, ""divergent_thinking"": 0, ""analyzing"": 0, ""accepting"": 0, ""metacognitive_monitoring"": 0, ""self_questioning"": 0, ""emotion_valuing"": 0, ""remembering"": 1, ""zooming_out"": 0, ""evaluating"": 0, ""perspective_taking"": 0, ""emotion_responding"": 0, ""attentional_deployment"": 0, ""updating_beliefs"": 0, ""situation_modification"": 0, ""creating"": 0, ""situation_selection"": 0, ""concretizing"": 0, ""emotion_characterizing"": 0, ""zooming_in"": 0, ""noticing"": 0, ""emotion_management"": 0, ""pattern_recognition"": 0, ""reframing"": 0, ""convergent_thinking"": -4, ""connecting"": 0, ""metacognitive_regulation"": 0, ""emotional_reappraisal"": -3, ""reconsidering"": 0, ""analogical_thinking"": 0, ""understanding"": 0, ""distinguishing"": -1, ""cognition_awareness"": 0, ""suspending_judgment"": 0, ""questioning"": -1, ""emotion_understanding"": 1, ""meta_awareness"": 0, ""response_modulation"": 0, ""applying"": 0, ""emotion_facilitation"": 0, ""emotion_receiving"": 0}",False
"Kofi is a fisherman from a small village in Ghana. He wants to catch enough fish today to provide for his family and sell the surplus at the market. Kofi repaired his fishing net last night. While Kofi is away from his boat, a group of monkeys comes and plays with the fishing net, tearing it apart. Kofi goes fishing with his net.",Does Kofi believe his fishing net is in good condition or torn apart?,Kofi believes his fishing net is in good condition.,Kofi believes his fishing net is torn apart.,"Torn apart. 

The story states that a group of monkeys “tearing it apart” damaged the net while Kofi was away.",False,"{""abstracting"": 0, ""accepting"": 0, ""analogical_thinking"": 0, ""analyzing"": 0, ""applying"": 0, ""attentional_deployment"": 0, ""cognition_awareness"": 0, ""concretizing"": 0, ""connecting"": 0, ""convergent_thinking"": 0, ""counterfactual_reasoning"": 0, ""creating"": 0, ""distinguishing"": 5, ""divergent_thinking"": 0, ""emotion_characterizing"": 0, ""emotion_facilitation"": 0, ""emotion_management"": 0, ""emotion_organizing"": 0, ""emotion_perception"": 1, ""emotion_receiving"": 0, ""emotion_responding"": 0, ""emotion_understanding"": 0, ""emotion_valuing"": 0, ""emotional_reappraisal"": 9, ""evaluating"": 0, ""hypothesis_generation"": 4, ""meta_awareness"": 0, ""metacognitive_monitoring"": 1, ""metacognitive_regulation"": 0, ""noticing"": 0, ""pattern_recognition"": 0, ""perspective_taking"": 0, ""questioning"": 3, ""reconsidering"": 0, ""reframing"": 0, ""remembering"": 1, ""response_modulation"": 0, ""self_questioning"": 0, ""situation_modification"": 0, ""situation_selection"": 0, ""suspending_judgment"": 0, ""understanding"": 0, ""updating_beliefs"": 0, ""zooming_in"": 0, ""zooming_out"": 0}","{""abstracting"": 1, ""accepting"": 0, ""analogical_thinking"": 0, ""analyzing"": 0, ""applying"": 0, ""attentional_deployment"": 0, ""cognition_awareness"": 0, ""concretizing"": 0, ""connecting"": 0, ""convergent_thinking"": 4, ""counterfactual_reasoning"": 0, ""creating"": 0, ""distinguishing"": 2, ""divergent_thinking"": 0, ""emotion_characterizing"": 0, ""emotion_facilitation"": 0, ""emotion_management"": 0, ""emotion_organizing"": 0, ""emotion_perception"": 0, ""emotion_receiving"": 0, ""emotion_responding"": 0, ""emotion_understanding"": 0, ""emotion_valuing"": 0, ""emotional_reappraisal"": 2, ""evaluating"": 0, ""hypothesis_generation"": 1, ""meta_awareness"": 0, ""metacognitive_monitoring"": 0, ""metacognitive_regulation"": 0, ""noticing"": 0, ""pattern_recognition"": 0, ""perspective_taking"": 0, ""questioning"": 1, ""reconsidering"": 0, ""reframing"": 0, ""remembering"": 0, ""response_modulation"": 0, ""self_questioning"": 0, ""situation_modification"": 0, ""situation_selection"": 0, ""suspending_judgment"": 0, ""understanding"": 4, ""updating_beliefs"": 0, ""zooming_in"": 0, ""zooming_out"": 0}","Kofi believes his fishing net is torn apart. The story explicitly states that a group of monkeys “played with the fishing net, tearing it apart.”",False,"{""abstracting"": 0, ""accepting"": 0, ""analogical_thinking"": 0, ""analyzing"": 0, ""applying"": 0, ""attentional_deployment"": 0, ""cognition_awareness"": 0, ""concretizing"": 0, ""connecting"": 0, ""convergent_thinking"": 0, ""counterfactual_reasoning"": 0, ""creating"": 0, ""distinguishing"": 5, ""divergent_thinking"": 0, ""emotion_characterizing"": 0, ""emotion_facilitation"": 0, ""emotion_management"": 0, ""emotion_organizing"": 1, ""emotion_perception"": 1, ""emotion_receiving"": 0, ""emotion_responding"": 0, ""emotion_understanding"": 0, ""emotion_valuing"": 0, ""emotional_reappraisal"": 9, ""evaluating"": 0, ""hypothesis_generation"": 4, ""meta_awareness"": 0, ""metacognitive_monitoring"": 1, ""metacognitive_regulation"": 0, ""noticing"": 0, ""pattern_recognition"": 0, ""perspective_taking"": 0, ""questioning"": 2, ""reconsidering"": 0, ""reframing"": 0, ""remembering"": 1, ""response_modulation"": 0, ""self_questioning"": 0, ""situation_modification"": 0, ""situation_selection"": 0, ""suspending_judgment"": 0, ""understanding"": 0, ""updating_beliefs"": 0, ""zooming_in"": 0, ""zooming_out"": 0}","{""abstracting"": 0, ""accepting"": 0, ""analogical_thinking"": 0, ""analyzing"": 0, ""applying"": 0, ""attentional_deployment"": 0, ""cognition_awareness"": 0, ""concretizing"": 0, ""connecting"": 0, ""convergent_thinking"": 1, ""counterfactual_reasoning"": 0, ""creating"": 0, ""distinguishing"": 2, ""divergent_thinking"": 0, ""emotion_characterizing"": 0, ""emotion_facilitation"": 0, ""emotion_management"": 0, ""emotion_organizing"": 0, ""emotion_perception"": 0, ""emotion_receiving"": 0, ""emotion_responding"": 0, ""emotion_understanding"": 1, ""emotion_valuing"": 0, ""emotional_reappraisal"": 3, ""evaluating"": 0, ""hypothesis_generation"": 1, ""meta_awareness"": 0, ""metacognitive_monitoring"": 0, ""metacognitive_regulation"": 0, ""noticing"": 0, ""pattern_recognition"": 0, ""perspective_taking"": 0, ""questioning"": 1, ""reconsidering"": 0, ""reframing"": 0, ""remembering"": 0, ""response_modulation"": 0, ""self_questioning"": 0, ""situation_modification"": 0, ""situation_selection"": 0, ""suspending_judgment"": 0, ""understanding"": 5, ""updating_beliefs"": 0, ""zooming_in"": 0, ""zooming_out"": 0}","{""emotion_organizing"": 1, ""counterfactual_reasoning"": 0, ""hypothesis_generation"": 0, ""emotion_perception"": 0, ""abstracting"": 0, ""divergent_thinking"": 0, ""analyzing"": 0, ""accepting"": 0, ""metacognitive_monitoring"": 0, ""self_questioning"": 0, ""emotion_valuing"": 0, ""remembering"": 0, ""zooming_out"": 0, ""evaluating"": 0, ""perspective_taking"": 0, ""emotion_responding"": 0, ""attentional_deployment"": 0, ""updating_beliefs"": 0, ""situation_modification"": 0, ""creating"": 0, ""situation_selection"": 0, ""concretizing"": 0, ""emotion_characterizing"": 0, ""zooming_in"": 0, ""noticing"": 0, ""emotion_management"": 0, ""pattern_recognition"": 0, ""reframing"": 0, ""convergent_thinking"": 0, ""connecting"": 0, ""metacognitive_regulation"": 0, ""emotional_reappraisal"": 0, ""reconsidering"": 0, ""analogical_thinking"": 0, ""understanding"": 0, ""distinguishing"": 0, ""cognition_awareness"": 0, ""suspending_judgment"": 0, ""questioning"": -1, ""emotion_understanding"": 0, ""meta_awareness"": 0, ""response_modulation"": 0, ""applying"": 0, ""emotion_facilitation"": 0, ""emotion_receiving"": 0}","{""emotion_organizing"": 0, ""counterfactual_reasoning"": 0, ""hypothesis_generation"": 0, ""emotion_perception"": 0, ""abstracting"": -1, ""divergent_thinking"": 0, ""analyzing"": 0, ""accepting"": 0, ""metacognitive_monitoring"": 0, ""self_questioning"": 0, ""emotion_valuing"": 0, ""remembering"": 0, ""zooming_out"": 0, ""evaluating"": 0, ""perspective_taking"": 0, ""emotion_responding"": 0, ""attentional_deployment"": 0, ""updating_beliefs"": 0, ""situation_modification"": 0, ""creating"": 0, ""situation_selection"": 0, ""concretizing"": 0, ""emotion_characterizing"": 0, ""zooming_in"": 0, ""noticing"": 0, ""emotion_management"": 0, ""pattern_recognition"": 0, ""reframing"": 0, ""convergent_thinking"": -3, ""connecting"": 0, ""metacognitive_regulation"": 0, ""emotional_reappraisal"": 1, ""reconsidering"": 0, ""analogical_thinking"": 0, ""understanding"": 1, ""distinguishing"": 0, ""cognition_awareness"": 0, ""suspending_judgment"": 0, ""questioning"": 0, ""emotion_understanding"": 1, ""meta_awareness"": 0, ""response_modulation"": 0, ""applying"": 0, ""emotion_facilitation"": 0, ""emotion_receiving"": 0}",False
"Azola is a teacher at a small school in rural China. She wants to surprise her students with a new book for the school library. Azola got a notification from Amazon stating that the package containing the book was left at her doorstep. A gust of wind blows the package off her doorstep, and a neighbor replaces it with a different package containing a hand-knit scarf. Azola brings the package with the book to school.",Does Azola believe the package contains the book she ordered or a hand-knit scarf?,Azola believes the package contains the book she ordered.,Azola believes the package contains a hand-knit scarf.,"Azola believes the package contains the book she ordered. She brought it to school, suggesting she hadn't realized it was a replacement.",True,"{""abstracting"": 0, ""accepting"": 0, ""analogical_thinking"": 0, ""analyzing"": 0, ""applying"": 0, ""attentional_deployment"": 0, ""cognition_awareness"": 0, ""concretizing"": 0, ""connecting"": 0, ""convergent_thinking"": 0, ""counterfactual_reasoning"": 0, ""creating"": 0, ""distinguishing"": 5, ""divergent_thinking"": 0, ""emotion_characterizing"": 0, ""emotion_facilitation"": 0, ""emotion_management"": 0, ""emotion_organizing"": 0, ""emotion_perception"": 0, ""emotion_receiving"": 0, ""emotion_responding"": 1, ""emotion_understanding"": 0, ""emotion_valuing"": 0, ""emotional_reappraisal"": 8, ""evaluating"": 0, ""hypothesis_generation"": 3, ""meta_awareness"": 0, ""metacognitive_monitoring"": 0, ""metacognitive_regulation"": 0, ""noticing"": 0, ""pattern_recognition"": 0, ""perspective_taking"": 0, ""questioning"": 1, ""reconsidering"": 0, ""reframing"": 0, ""remembering"": 0, ""response_modulation"": 0, ""self_questioning"": 0, ""situation_modification"": 0, ""situation_selection"": 0, ""suspending_judgment"": 0, ""understanding"": 0, ""updating_beliefs"": 0, ""zooming_in"": 0, ""zooming_out"": 0}","{""abstracting"": 0, ""accepting"": 0, ""analogical_thinking"": 0, ""analyzing"": 0, ""applying"": 0, ""attentional_deployment"": 0, ""cognition_awareness"": 0, ""concretizing"": 0, ""connecting"": 0, ""convergent_thinking"": 2, ""counterfactual_reasoning"": 0, ""creating"": 0, ""distinguishing"": 8, ""divergent_thinking"": 0, ""emotion_characterizing"": 0, ""emotion_facilitation"": 0, ""emotion_management"": 0, ""emotion_organizing"": 0, ""emotion_perception"": 0, ""emotion_receiving"": 0, ""emotion_responding"": 0, ""emotion_understanding"": 0, ""emotion_valuing"": 0, ""emotional_reappraisal"": 6, ""evaluating"": 0, ""hypothesis_generation"": 1, ""meta_awareness"": 0, ""metacognitive_monitoring"": 0, ""metacognitive_regulation"": 0, ""noticing"": 0, ""pattern_recognition"": 0, ""perspective_taking"": 0, ""questioning"": 1, ""reconsidering"": 0, ""reframing"": 0, ""remembering"": 0, ""response_modulation"": 0, ""self_questioning"": 0, ""situation_modification"": 0, ""situation_selection"": 0, ""suspending_judgment"": 0, ""understanding"": 2, ""updating_beliefs"": 0, ""zooming_in"": 0, ""zooming_out"": 0}","Azola initially believes the package contains the book she ordered. However, the subsequent events – the wind and the replacement – have subtly shifted her belief. By the time she brings the package to school, she likely holds a degree of uncertainty, knowing it was replaced. 

Therefore, the most accurate answer is: **She initially believes it contains the book, but she’s now harboring a degree of doubt, knowing it was replaced.** 

It’s a nuanced answer that captures the unfolding",True,"{""abstracting"": 0, ""accepting"": 0, ""analogical_thinking"": 0, ""analyzing"": 0, ""applying"": 0, ""attentional_deployment"": 0, ""cognition_awareness"": 0, ""concretizing"": 0, ""connecting"": 0, ""convergent_thinking"": 0, ""counterfactual_reasoning"": 0, ""creating"": 0, ""distinguishing"": 6, ""divergent_thinking"": 0, ""emotion_characterizing"": 0, ""emotion_facilitation"": 0, ""emotion_management"": 0, ""emotion_organizing"": 0, ""emotion_perception"": 0, ""emotion_receiving"": 0, ""emotion_responding"": 1, ""emotion_understanding"": 0, ""emotion_valuing"": 0, ""emotional_reappraisal"": 8, ""evaluating"": 0, ""hypothesis_generation"": 3, ""meta_awareness"": 0, ""metacognitive_monitoring"": 0, ""metacognitive_regulation"": 0, ""noticing"": 0, ""pattern_recognition"": 0, ""perspective_taking"": 0, ""questioning"": 0, ""reconsidering"": 0, ""reframing"": 1, ""remembering"": 0, ""response_modulation"": 0, ""self_questioning"": 0, ""situation_modification"": 0, ""situation_selection"": 0, ""suspending_judgment"": 0, ""understanding"": 0, ""updating_beliefs"": 0, ""zooming_in"": 0, ""zooming_out"": 0}","{""abstracting"": 0, ""accepting"": 0, ""analogical_thinking"": 0, ""analyzing"": 0, ""applying"": 0, ""attentional_deployment"": 0, ""cognition_awareness"": 0, ""concretizing"": 0, ""connecting"": 0, ""convergent_thinking"": 0, ""counterfactual_reasoning"": 0, ""creating"": 0, ""distinguishing"": 10, ""divergent_thinking"": 0, ""emotion_characterizing"": 0, ""emotion_facilitation"": 0, ""emotion_management"": 0, ""emotion_organizing"": 3, ""emotion_perception"": 0, ""emotion_receiving"": 0, ""emotion_responding"": 0, ""emotion_understanding"": 1, ""emotion_valuing"": 0, ""emotional_reappraisal"": 3, ""evaluating"": 0, ""hypothesis_generation"": 0, ""meta_awareness"": 0, ""metacognitive_monitoring"": 0, ""metacognitive_regulation"": 0, ""noticing"": 0, ""pattern_recognition"": 1, ""perspective_taking"": 0, ""questioning"": 0, ""reconsidering"": 0, ""reframing"": 0, ""remembering"": 0, ""response_modulation"": 0, ""self_questioning"": 0, ""situation_modification"": 0, ""situation_selection"": 0, ""suspending_judgment"": 0, ""understanding"": 0, ""updating_beliefs"": 4, ""zooming_in"": 0, ""zooming_out"": 0}","{""emotion_organizing"": 0, ""counterfactual_reasoning"": 0, ""hypothesis_generation"": 0, ""emotion_perception"": 0, ""abstracting"": 0, ""divergent_thinking"": 0, ""analyzing"": 0, ""accepting"": 0, ""metacognitive_monitoring"": 0, ""self_questioning"": 0, ""emotion_valuing"": 0, ""remembering"": 0, ""zooming_out"": 0, ""evaluating"": 0, ""perspective_taking"": 0, ""emotion_responding"": 0, ""attentional_deployment"": 0, ""updating_beliefs"": 0, ""situation_modification"": 0, ""creating"": 0, ""situation_selection"": 0, ""concretizing"": 0, ""emotion_characterizing"": 0, ""zooming_in"": 0, ""noticing"": 0, ""emotion_management"": 0, ""pattern_recognition"": 0, ""reframing"": 1, ""convergent_thinking"": 0, ""connecting"": 0, ""metacognitive_regulation"": 0, ""emotional_reappraisal"": 0, ""reconsidering"": 0, ""analogical_thinking"": 0, ""understanding"": 0, ""distinguishing"": 1, ""cognition_awareness"": 0, ""suspending_judgment"": 0, ""questioning"": -1, ""emotion_understanding"": 0, ""meta_awareness"": 0, ""response_modulation"": 0, ""applying"": 0, ""emotion_facilitation"": 0, ""emotion_receiving"": 0}","{""emotion_organizing"": 3, ""counterfactual_reasoning"": 0, ""hypothesis_generation"": -1, ""emotion_perception"": 0, ""abstracting"": 0, ""divergent_thinking"": 0, ""analyzing"": 0, ""accepting"": 0, ""metacognitive_monitoring"": 0, ""self_questioning"": 0, ""emotion_valuing"": 0, ""remembering"": 0, ""zooming_out"": 0, ""evaluating"": 0, ""perspective_taking"": 0, ""emotion_responding"": 0, ""attentional_deployment"": 0, ""updating_beliefs"": 4, ""situation_modification"": 0, ""creating"": 0, ""situation_selection"": 0, ""concretizing"": 0, ""emotion_characterizing"": 0, ""zooming_in"": 0, ""noticing"": 0, ""emotion_management"": 0, ""pattern_recognition"": 1, ""reframing"": 0, ""convergent_thinking"": -2, ""connecting"": 0, ""metacognitive_regulation"": 0, ""emotional_reappraisal"": -3, ""reconsidering"": 0, ""analogical_thinking"": 0, ""understanding"": -2, ""distinguishing"": 2, ""cognition_awareness"": 0, ""suspending_judgment"": 0, ""questioning"": -1, ""emotion_understanding"": 1, ""meta_awareness"": 0, ""response_modulation"": 0, ""applying"": 0, ""emotion_facilitation"": 0, ""emotion_receiving"": 0}",False
"Ravi is a farmer in a small Indian village, tending to his mango orchard. Ravi wants to harvest ripe mangoes to sell at the local market. He notices a mango tree with a heavy branch laden with ripe mangoes. A mischievous monkey comes along and eats all the ripe mangoes on the branch while Ravi is gathering his harvesting tools. Ravi gets ready to harvest the ripe mangoes from the branch.",Does Ravi believe the branch has ripe mangoes or no ripe mangoes?,Ravi believes the branch has ripe mangoes.,Ravi believes the branch has no ripe mangoes.,"Ravi believes the branch has ripe mangoes. The story states he “notices a mango tree with a heavy branch laden with ripe mangoes.” He’s preparing to harvest *from* that branch, indicating he sees them as ripe. The monkey’s actions change that, but his initial observation was of ripe fruit.",False,"{""abstracting"": 0, ""accepting"": 0, ""analogical_thinking"": 0, ""analyzing"": 0, ""applying"": 0, ""attentional_deployment"": 0, ""cognition_awareness"": 0, ""concretizing"": 0, ""connecting"": 0, ""convergent_thinking"": 0, ""counterfactual_reasoning"": 0, ""creating"": 0, ""distinguishing"": 4, ""divergent_thinking"": 0, ""emotion_characterizing"": 0, ""emotion_facilitation"": 0, ""emotion_management"": 0, ""emotion_organizing"": 0, ""emotion_perception"": 0, ""emotion_receiving"": 0, ""emotion_responding"": 0, ""emotion_understanding"": 0, ""emotion_valuing"": 0, ""emotional_reappraisal"": 10, ""evaluating"": 0, ""hypothesis_generation"": 5, ""meta_awareness"": 0, ""metacognitive_monitoring"": 1, ""metacognitive_regulation"": 0, ""noticing"": 0, ""pattern_recognition"": 0, ""perspective_taking"": 0, ""questioning"": 3, ""reconsidering"": 0, ""reframing"": 0, ""remembering"": 0, ""response_modulation"": 0, ""self_questioning"": 0, ""situation_modification"": 1, ""situation_selection"": 0, ""suspending_judgment"": 0, ""understanding"": 0, ""updating_beliefs"": 0, ""zooming_in"": 0, ""zooming_out"": 0}","{""abstracting"": 0, ""accepting"": 0, ""analogical_thinking"": 0, ""analyzing"": 0, ""applying"": 0, ""attentional_deployment"": 0, ""cognition_awareness"": 0, ""concretizing"": 0, ""connecting"": 0, ""convergent_thinking"": 0, ""counterfactual_reasoning"": 0, ""creating"": 0, ""distinguishing"": 5, ""divergent_thinking"": 0, ""emotion_characterizing"": 0, ""emotion_facilitation"": 0, ""emotion_management"": 0, ""emotion_organizing"": 0, ""emotion_perception"": 0, ""emotion_receiving"": 0, ""emotion_responding"": 0, ""emotion_understanding"": 0, ""emotion_valuing"": 0, ""emotional_reappraisal"": 8, ""evaluating"": 0, ""hypothesis_generation"": 0, ""meta_awareness"": 0, ""metacognitive_monitoring"": 0, ""metacognitive_regulation"": 0, ""noticing"": 0, ""pattern_recognition"": 0, ""perspective_taking"": 0, ""questioning"": 2, ""reconsidering"": 0, ""reframing"": 0, ""remembering"": 0, ""response_modulation"": 0, ""self_questioning"": 0, ""situation_modification"": 0, ""situation_selection"": 0, ""suspending_judgment"": 0, ""understanding"": 2, ""updating_beliefs"": 1, ""zooming_in"": 0, ""zooming_out"": 0}","Ravi initially believes the branch has ripe mangoes. He’s preparing to harvest them, indicating his prior assessment of their ripeness. The monkey’s intervention throws a wrench into that belief, but his initial state of mind was one of anticipation and trust in the branch’s bounty.

Therefore, the most accurate answer is: **Ravi believes the branch has ripe mangoes.**",False,"{""abstracting"": 0, ""accepting"": 0, ""analogical_thinking"": 0, ""analyzing"": 0, ""applying"": 0, ""attentional_deployment"": 0, ""cognition_awareness"": 0, ""concretizing"": 0, ""connecting"": 0, ""convergent_thinking"": 0, ""counterfactual_reasoning"": 0, ""creating"": 0, ""distinguishing"": 4, ""divergent_thinking"": 0, ""emotion_characterizing"": 0, ""emotion_facilitation"": 0, ""emotion_management"": 0, ""emotion_organizing"": 1, ""emotion_perception"": 0, ""emotion_receiving"": 0, ""emotion_responding"": 0, ""emotion_understanding"": 0, ""emotion_valuing"": 0, ""emotional_reappraisal"": 10, ""evaluating"": 0, ""hypothesis_generation"": 5, ""meta_awareness"": 0, ""metacognitive_monitoring"": 1, ""metacognitive_regulation"": 0, ""noticing"": 0, ""pattern_recognition"": 1, ""perspective_taking"": 0, ""questioning"": 2, ""reconsidering"": 0, ""reframing"": 0, ""remembering"": 0, ""response_modulation"": 0, ""self_questioning"": 0, ""situation_modification"": 1, ""situation_selection"": 0, ""suspending_judgment"": 0, ""understanding"": 0, ""updating_beliefs"": 0, ""zooming_in"": 0, ""zooming_out"": 0}","{""abstracting"": 0, ""accepting"": 0, ""analogical_thinking"": 0, ""analyzing"": 0, ""applying"": 0, ""attentional_deployment"": 0, ""cognition_awareness"": 0, ""concretizing"": 0, ""connecting"": 0, ""convergent_thinking"": 4, ""counterfactual_reasoning"": 0, ""creating"": 0, ""distinguishing"": 2, ""divergent_thinking"": 0, ""emotion_characterizing"": 0, ""emotion_facilitation"": 0, ""emotion_management"": 0, ""emotion_organizing"": 0, ""emotion_perception"": 0, ""emotion_receiving"": 0, ""emotion_responding"": 0, ""emotion_understanding"": 1, ""emotion_valuing"": 0, ""emotional_reappraisal"": 7, ""evaluating"": 0, ""hypothesis_generation"": 0, ""meta_awareness"": 0, ""metacognitive_monitoring"": 0, ""metacognitive_regulation"": 0, ""noticing"": 0, ""pattern_recognition"": 0, ""perspective_taking"": 0, ""questioning"": 1, ""reconsidering"": 0, ""reframing"": 0, ""remembering"": 0, ""response_modulation"": 0, ""self_questioning"": 0, ""situation_modification"": 0, ""situation_selection"": 0, ""suspending_judgment"": 0, ""understanding"": 1, ""updating_beliefs"": 2, ""zooming_in"": 0, ""zooming_out"": 0}","{""emotion_organizing"": 1, ""counterfactual_reasoning"": 0, ""hypothesis_generation"": 0, ""emotion_perception"": 0, ""abstracting"": 0, ""divergent_thinking"": 0, ""analyzing"": 0, ""accepting"": 0, ""metacognitive_monitoring"": 0, ""self_questioning"": 0, ""emotion_valuing"": 0, ""remembering"": 0, ""zooming_out"": 0, ""evaluating"": 0, ""perspective_taking"": 0, ""emotion_responding"": 0, ""attentional_deployment"": 0, ""updating_beliefs"": 0, ""situation_modification"": 0, ""creating"": 0, ""situation_selection"": 0, ""concretizing"": 0, ""emotion_characterizing"": 0, ""zooming_in"": 0, ""noticing"": 0, ""emotion_management"": 0, ""pattern_recognition"": 1, ""reframing"": 0, ""convergent_thinking"": 0, ""connecting"": 0, ""metacognitive_regulation"": 0, ""emotional_reappraisal"": 0, ""reconsidering"": 0, ""analogical_thinking"": 0, ""understanding"": 0, ""distinguishing"": 0, ""cognition_awareness"": 0, ""suspending_judgment"": 0, ""questioning"": -1, ""emotion_understanding"": 0, ""meta_awareness"": 0, ""response_modulation"": 0, ""applying"": 0, ""emotion_facilitation"": 0, ""emotion_receiving"": 0}","{""emotion_organizing"": 0, ""counterfactual_reasoning"": 0, ""hypothesis_generation"": 0, ""emotion_perception"": 0, ""abstracting"": 0, ""divergent_thinking"": 0, ""analyzing"": 0, ""accepting"": 0, ""metacognitive_monitoring"": 0, ""self_questioning"": 0, ""emotion_valuing"": 0, ""remembering"": 0, ""zooming_out"": 0, ""evaluating"": 0, ""perspective_taking"": 0, ""emotion_responding"": 0, ""attentional_deployment"": 0, ""updating_beliefs"": 1, ""situation_modification"": 0, ""creating"": 0, ""situation_selection"": 0, ""concretizing"": 0, ""emotion_characterizing"": 0, ""zooming_in"": 0, ""noticing"": 0, ""emotion_management"": 0, ""pattern_recognition"": 0, ""reframing"": 0, ""convergent_thinking"": 4, ""connecting"": 0, ""metacognitive_regulation"": 0, ""emotional_reappraisal"": -1, ""reconsidering"": 0, ""analogical_thinking"": 0, ""understanding"": -1, ""distinguishing"": -3, ""cognition_awareness"": 0, ""suspending_judgment"": 0, ""questioning"": -1, ""emotion_understanding"": 1, ""meta_awareness"": 0, ""response_modulation"": 0, ""applying"": 0, ""emotion_facilitation"": 0, ""emotion_receiving"": 0}",False
"Kofi is a chef at a popular Ghanaian restaurant. Kofi wants to prepare a traditional groundnut soup for the dinner menu. Kofi adds a small container of peanut butter to the soup pot on the stove. An apprentice chef, mistakenly thinking it was a seasoning paste, removes the peanut butter from the soup and replaces it with tomato paste. Kofi continues cooking the soup.",Does Kofi believe the soup contains peanut butter or tomato paste?,Kofi believes the soup contains peanut butter.,Kofi believes the soup contains tomato paste.,"Kofi believes the soup contains **tomato paste**. He didn't notice the apprentice's substitution and continued cooking, so he has no knowledge of the change.",False,"{""abstracting"": 0, ""accepting"": 0, ""analogical_thinking"": 0, ""analyzing"": 0, ""applying"": 0, ""attentional_deployment"": 0, ""cognition_awareness"": 0, ""concretizing"": 0, ""connecting"": 0, ""convergent_thinking"": 0, ""counterfactual_reasoning"": 0, ""creating"": 0, ""distinguishing"": 7, ""divergent_thinking"": 0, ""emotion_characterizing"": 0, ""emotion_facilitation"": 0, ""emotion_management"": 0, ""emotion_organizing"": 0, ""emotion_perception"": 0, ""emotion_receiving"": 0, ""emotion_responding"": 0, ""emotion_understanding"": 0, ""emotion_valuing"": 0, ""emotional_reappraisal"": 8, ""evaluating"": 0, ""hypothesis_generation"": 5, ""meta_awareness"": 0, ""metacognitive_monitoring"": 0, ""metacognitive_regulation"": 0, ""noticing"": 0, ""pattern_recognition"": 0, ""perspective_taking"": 0, ""questioning"": 2, ""reconsidering"": 0, ""reframing"": 0, ""remembering"": 0, ""response_modulation"": 0, ""self_questioning"": 0, ""situation_modification"": 2, ""situation_selection"": 0, ""suspending_judgment"": 0, ""understanding"": 0, ""updating_beliefs"": 0, ""zooming_in"": 0, ""zooming_out"": 0}","{""abstracting"": 0, ""accepting"": 0, ""analogical_thinking"": 0, ""analyzing"": 0, ""applying"": 0, ""attentional_deployment"": 0, ""cognition_awareness"": 0, ""concretizing"": 0, ""connecting"": 0, ""convergent_thinking"": 1, ""counterfactual_reasoning"": 2, ""creating"": 0, ""distinguishing"": 5, ""divergent_thinking"": 0, ""emotion_characterizing"": 0, ""emotion_facilitation"": 0, ""emotion_management"": 0, ""emotion_organizing"": 0, ""emotion_perception"": 0, ""emotion_receiving"": 0, ""emotion_responding"": 0, ""emotion_understanding"": 0, ""emotion_valuing"": 0, ""emotional_reappraisal"": 1, ""evaluating"": 0, ""hypothesis_generation"": 0, ""meta_awareness"": 0, ""metacognitive_monitoring"": 0, ""metacognitive_regulation"": 0, ""noticing"": 0, ""pattern_recognition"": 0, ""perspective_taking"": 0, ""questioning"": 1, ""reconsidering"": 0, ""reframing"": 0, ""remembering"": 0, ""response_modulation"": 0, ""self_questioning"": 0, ""situation_modification"": 1, ""situation_selection"": 0, ""suspending_judgment"": 0, ""understanding"": 1, ""updating_beliefs"": 0, ""zooming_in"": 0, ""zooming_out"": 0}","Kofi believes the soup contains **peanut butter**. He intentionally added the peanut butter to the pot. The apprentice’s substitution was a clandestine act, and Kofi wouldn’t be aware of it until he tasted the final product.",True,"{""abstracting"": 0, ""accepting"": 0, ""analogical_thinking"": 0, ""analyzing"": 0, ""applying"": 0, ""attentional_deployment"": 0, ""cognition_awareness"": 0, ""concretizing"": 0, ""connecting"": 0, ""convergent_thinking"": 0, ""counterfactual_reasoning"": 0, ""creating"": 0, ""distinguishing"": 7, ""divergent_thinking"": 0, ""emotion_characterizing"": 0, ""emotion_facilitation"": 0, ""emotion_management"": 0, ""emotion_organizing"": 0, ""emotion_perception"": 0, ""emotion_receiving"": 0, ""emotion_responding"": 0, ""emotion_understanding"": 0, ""emotion_valuing"": 0, ""emotional_reappraisal"": 8, ""evaluating"": 0, ""hypothesis_generation"": 5, ""meta_awareness"": 0, ""metacognitive_monitoring"": 0, ""metacognitive_regulation"": 0, ""noticing"": 0, ""pattern_recognition"": 1, ""perspective_taking"": 0, ""questioning"": 1, ""reconsidering"": 0, ""reframing"": 0, ""remembering"": 0, ""response_modulation"": 0, ""self_questioning"": 0, ""situation_modification"": 2, ""situation_selection"": 0, ""suspending_judgment"": 0, ""understanding"": 0, ""updating_beliefs"": 0, ""zooming_in"": 0, ""zooming_out"": 0}","{""abstracting"": 0, ""accepting"": 0, ""analogical_thinking"": 0, ""analyzing"": 0, ""applying"": 0, ""attentional_deployment"": 0, ""cognition_awareness"": 0, ""concretizing"": 0, ""connecting"": 0, ""convergent_thinking"": 2, ""counterfactual_reasoning"": 0, ""creating"": 0, ""distinguishing"": 8, ""divergent_thinking"": 0, ""emotion_characterizing"": 0, ""emotion_facilitation"": 0, ""emotion_management"": 0, ""emotion_organizing"": 0, ""emotion_perception"": 0, ""emotion_receiving"": 0, ""emotion_responding"": 0, ""emotion_understanding"": 0, ""emotion_valuing"": 0, ""emotional_reappraisal"": 2, ""evaluating"": 0, ""hypothesis_generation"": 0, ""meta_awareness"": 0, ""metacognitive_monitoring"": 0, ""metacognitive_regulation"": 0, ""noticing"": 0, ""pattern_recognition"": 0, ""perspective_taking"": 0, ""questioning"": 1, ""reconsidering"": 0, ""reframing"": 0, ""remembering"": 0, ""response_modulation"": 0, ""self_questioning"": 0, ""situation_modification"": 1, ""situation_selection"": 0, ""suspending_judgment"": 0, ""understanding"": 0, ""updating_beliefs"": 0, ""zooming_in"": 0, ""zooming_out"": 0}","{""emotion_organizing"": 0, ""counterfactual_reasoning"": 0, ""hypothesis_generation"": 0, ""emotion_perception"": 0, ""abstracting"": 0, ""divergent_thinking"": 0, ""analyzing"": 0, ""accepting"": 0, ""metacognitive_monitoring"": 0, ""self_questioning"": 0, ""emotion_valuing"": 0, ""remembering"": 0, ""zooming_out"": 0, ""evaluating"": 0, ""perspective_taking"": 0, ""emotion_responding"": 0, ""attentional_deployment"": 0, ""updating_beliefs"": 0, ""situation_modification"": 0, ""creating"": 0, ""situation_selection"": 0, ""concretizing"": 0, ""emotion_characterizing"": 0, ""zooming_in"": 0, ""noticing"": 0, ""emotion_management"": 0, ""pattern_recognition"": 1, ""reframing"": 0, ""convergent_thinking"": 0, ""connecting"": 0, ""metacognitive_regulation"": 0, ""emotional_reappraisal"": 0, ""reconsidering"": 0, ""analogical_thinking"": 0, ""understanding"": 0, ""distinguishing"": 0, ""cognition_awareness"": 0, ""suspending_judgment"": 0, ""questioning"": -1, ""emotion_understanding"": 0, ""meta_awareness"": 0, ""response_modulation"": 0, ""applying"": 0, ""emotion_facilitation"": 0, ""emotion_receiving"": 0}","{""emotion_organizing"": 0, ""counterfactual_reasoning"": -2, ""hypothesis_generation"": 0, ""emotion_perception"": 0, ""abstracting"": 0, ""divergent_thinking"": 0, ""analyzing"": 0, ""accepting"": 0, ""metacognitive_monitoring"": 0, ""self_questioning"": 0, ""emotion_valuing"": 0, ""remembering"": 0, ""zooming_out"": 0, ""evaluating"": 0, ""perspective_taking"": 0, ""emotion_responding"": 0, ""attentional_deployment"": 0, ""updating_beliefs"": 0, ""situation_modification"": 0, ""creating"": 0, ""situation_selection"": 0, ""concretizing"": 0, ""emotion_characterizing"": 0, ""zooming_in"": 0, ""noticing"": 0, ""emotion_management"": 0, ""pattern_recognition"": 0, ""reframing"": 0, ""convergent_thinking"": 1, ""connecting"": 0, ""metacognitive_regulation"": 0, ""emotional_reappraisal"": 1, ""reconsidering"": 0, ""analogical_thinking"": 0, ""understanding"": -1, ""distinguishing"": 3, ""cognition_awareness"": 0, ""suspending_judgment"": 0, ""questioning"": 0, ""emotion_understanding"": 0, ""meta_awareness"": 0, ""response_modulation"": 0, ""applying"": 0, ""emotion_facilitation"": 0, ""emotion_receiving"": 0}",True
"Kael is a farmer in a remote village in the Andes. Kael wants to plant a new crop of high-altitude potatoes in one of his terraced fields. The soil in the field appears rich and well-fertilized. Overnight, heavy rainfall washes away much of the fertile soil, leaving mostly rocky dirt behind. Kael plants the high-altitude potatoes in the field.",Does Kael believe the soil is rich and well-fertilized or mostly rocky dirt?,Kael believes the soil is rich and well-fertilized.,Kael believes the soil is mostly rocky dirt.,"Kael believes the soil is **mostly rocky dirt**. 

The story states that overnight rainfall washed away the “fertile soil,” leaving behind “mostly rocky dirt.” This directly contradicts his previous belief about the soil’s richness.",False,"{""abstracting"": 0, ""accepting"": 0, ""analogical_thinking"": 0, ""analyzing"": 0, ""applying"": 0, ""attentional_deployment"": 0, ""cognition_awareness"": 0, ""concretizing"": 0, ""connecting"": 0, ""convergent_thinking"": 0, ""counterfactual_reasoning"": 0, ""creating"": 0, ""distinguishing"": 8, ""divergent_thinking"": 0, ""emotion_characterizing"": 0, ""emotion_facilitation"": 0, ""emotion_management"": 0, ""emotion_organizing"": 0, ""emotion_perception"": 0, ""emotion_receiving"": 0, ""emotion_responding"": 0, ""emotion_understanding"": 0, ""emotion_valuing"": 2, ""emotional_reappraisal"": 8, ""evaluating"": 0, ""hypothesis_generation"": 4, ""meta_awareness"": 0, ""metacognitive_monitoring"": 0, ""metacognitive_regulation"": 0, ""noticing"": 0, ""pattern_recognition"": 0, ""perspective_taking"": 0, ""questioning"": 3, ""reconsidering"": 0, ""reframing"": 0, ""remembering"": 0, ""response_modulation"": 0, ""self_questioning"": 0, ""situation_modification"": 0, ""situation_selection"": 0, ""suspending_judgment"": 0, ""understanding"": 0, ""updating_beliefs"": 0, ""zooming_in"": 0, ""zooming_out"": 0}","{""abstracting"": 0, ""accepting"": 0, ""analogical_thinking"": 0, ""analyzing"": 0, ""applying"": 0, ""attentional_deployment"": 0, ""cognition_awareness"": 0, ""concretizing"": 0, ""connecting"": 0, ""convergent_thinking"": 2, ""counterfactual_reasoning"": 0, ""creating"": 0, ""distinguishing"": 7, ""divergent_thinking"": 0, ""emotion_characterizing"": 0, ""emotion_facilitation"": 0, ""emotion_management"": 0, ""emotion_organizing"": 0, ""emotion_perception"": 0, ""emotion_receiving"": 0, ""emotion_responding"": 0, ""emotion_understanding"": 0, ""emotion_valuing"": 0, ""emotional_reappraisal"": 2, ""evaluating"": 0, ""hypothesis_generation"": 1, ""meta_awareness"": 0, ""metacognitive_monitoring"": 0, ""metacognitive_regulation"": 0, ""noticing"": 0, ""pattern_recognition"": 0, ""perspective_taking"": 0, ""questioning"": 4, ""reconsidering"": 0, ""reframing"": 0, ""remembering"": 0, ""response_modulation"": 0, ""self_questioning"": 0, ""situation_modification"": 1, ""situation_selection"": 0, ""suspending_judgment"": 0, ""understanding"": 0, ""updating_beliefs"": 1, ""zooming_in"": 0, ""zooming_out"": 0}","Kael initially believed the soil was rich and well-fertilized, but after the overnight rainfall, he now believes it’s mostly rocky dirt.",False,"{""abstracting"": 0, ""accepting"": 0, ""analogical_thinking"": 0, ""analyzing"": 0, ""applying"": 0, ""attentional_deployment"": 0, ""cognition_awareness"": 0, ""concretizing"": 0, ""connecting"": 0, ""convergent_thinking"": 0, ""counterfactual_reasoning"": 0, ""creating"": 0, ""distinguishing"": 8, ""divergent_thinking"": 0, ""emotion_characterizing"": 0, ""emotion_facilitation"": 0, ""emotion_management"": 0, ""emotion_organizing"": 0, ""emotion_perception"": 0, ""emotion_receiving"": 0, ""emotion_responding"": 0, ""emotion_understanding"": 0, ""emotion_valuing"": 2, ""emotional_reappraisal"": 7, ""evaluating"": 0, ""hypothesis_generation"": 4, ""meta_awareness"": 0, ""metacognitive_monitoring"": 0, ""metacognitive_regulation"": 0, ""noticing"": 0, ""pattern_recognition"": 0, ""perspective_taking"": 0, ""questioning"": 3, ""reconsidering"": 0, ""reframing"": 0, ""remembering"": 0, ""response_modulation"": 0, ""self_questioning"": 0, ""situation_modification"": 0, ""situation_selection"": 0, ""suspending_judgment"": 0, ""understanding"": 0, ""updating_beliefs"": 0, ""zooming_in"": 0, ""zooming_out"": 0}","{""abstracting"": 0, ""accepting"": 0, ""analogical_thinking"": 0, ""analyzing"": 0, ""applying"": 0, ""attentional_deployment"": 0, ""cognition_awareness"": 0, ""concretizing"": 0, ""connecting"": 0, ""convergent_thinking"": 0, ""counterfactual_reasoning"": 0, ""creating"": 0, ""distinguishing"": 8, ""divergent_thinking"": 0, ""emotion_characterizing"": 0, ""emotion_facilitation"": 0, ""emotion_management"": 0, ""emotion_organizing"": 0, ""emotion_perception"": 0, ""emotion_receiving"": 0, ""emotion_responding"": 0, ""emotion_understanding"": 0, ""emotion_valuing"": 0, ""emotional_reappraisal"": 3, ""evaluating"": 0, ""hypothesis_generation"": 2, ""meta_awareness"": 0, ""metacognitive_monitoring"": 0, ""metacognitive_regulation"": 0, ""noticing"": 0, ""pattern_recognition"": 0, ""perspective_taking"": 0, ""questioning"": 1, ""reconsidering"": 1, ""reframing"": 0, ""remembering"": 0, ""response_modulation"": 0, ""self_questioning"": 0, ""situation_modification"": 2, ""situation_selection"": 0, ""suspending_judgment"": 0, ""understanding"": 3, ""updating_beliefs"": 2, ""zooming_in"": 0, ""zooming_out"": 0}","{""emotion_organizing"": 0, ""counterfactual_reasoning"": 0, ""hypothesis_generation"": 0, ""emotion_perception"": 0, ""abstracting"": 0, ""divergent_thinking"": 0, ""analyzing"": 0, ""accepting"": 0, ""metacognitive_monitoring"": 0, ""self_questioning"": 0, ""emotion_valuing"": 0, ""remembering"": 0, ""zooming_out"": 0, ""evaluating"": 0, ""perspective_taking"": 0, ""emotion_responding"": 0, ""attentional_deployment"": 0, ""updating_beliefs"": 0, ""situation_modification"": 0, ""creating"": 0, ""situation_selection"": 0, ""concretizing"": 0, ""emotion_characterizing"": 0, ""zooming_in"": 0, ""noticing"": 0, ""emotion_management"": 0, ""pattern_recognition"": 0, ""reframing"": 0, ""convergent_thinking"": 0, ""connecting"": 0, ""metacognitive_regulation"": 0, ""emotional_reappraisal"": -1, ""reconsidering"": 0, ""analogical_thinking"": 0, ""understanding"": 0, ""distinguishing"": 0, ""cognition_awareness"": 0, ""suspending_judgment"": 0, ""questioning"": 0, ""emotion_understanding"": 0, ""meta_awareness"": 0, ""response_modulation"": 0, ""applying"": 0, ""emotion_facilitation"": 0, ""emotion_receiving"": 0}","{""emotion_organizing"": 0, ""counterfactual_reasoning"": 0, ""hypothesis_generation"": 1, ""emotion_perception"": 0, ""abstracting"": 0, ""divergent_thinking"": 0, ""analyzing"": 0, ""accepting"": 0, ""metacognitive_monitoring"": 0, ""self_questioning"": 0, ""emotion_valuing"": 0, ""remembering"": 0, ""zooming_out"": 0, ""evaluating"": 0, ""perspective_taking"": 0, ""emotion_responding"": 0, ""attentional_deployment"": 0, ""updating_beliefs"": 1, ""situation_modification"": 1, ""creating"": 0, ""situation_selection"": 0, ""concretizing"": 0, ""emotion_characterizing"": 0, ""zooming_in"": 0, ""noticing"": 0, ""emotion_management"": 0, ""pattern_recognition"": 0, ""reframing"": 0, ""convergent_thinking"": -2, ""connecting"": 0, ""metacognitive_regulation"": 0, ""emotional_reappraisal"": 1, ""reconsidering"": 1, ""analogical_thinking"": 0, ""understanding"": 3, ""distinguishing"": 1, ""cognition_awareness"": 0, ""suspending_judgment"": 0, ""questioning"": -3, ""emotion_understanding"": 0, ""meta_awareness"": 0, ""response_modulation"": 0, ""applying"": 0, ""emotion_facilitation"": 0, ""emotion_receiving"": 0}",False
"Farhan is a street food vendor in a bustling market in Istanbul. Farhan wants to prepare a delicious chicken shawarma wrap for a customer who asked for extra garlic sauce. Farhan takes a bottle of garlic sauce from the shelf and pours it onto the shawarma wrap. His assistant, who is busy preparing a different wrap, accidentally swaps the garlic sauce with a bottle of hot sauce, and Farhan unknowingly pours the hot sauce onto the shawarma wrap. Farhan finishes preparing the chicken shawarma wrap.",Does Farhan believe the sauce he poured is garlic sauce or hot sauce?,Farhan believes the sauce he poured is garlic sauce.,Farhan believes the sauce he poured is hot sauce.,"Farhan believes the sauce he poured is garlic sauce. He took the bottle from the shelf and poured it onto the wrap, so he has no reason to suspect it’s anything other than what he thinks it is.",True,"{""abstracting"": 0, ""accepting"": 0, ""analogical_thinking"": 0, ""analyzing"": 0, ""applying"": 0, ""attentional_deployment"": 0, ""cognition_awareness"": 0, ""concretizing"": 0, ""connecting"": 0, ""convergent_thinking"": 0, ""counterfactual_reasoning"": 0, ""creating"": 0, ""distinguishing"": 9, ""divergent_thinking"": 0, ""emotion_characterizing"": 0, ""emotion_facilitation"": 0, ""emotion_management"": 0, ""emotion_organizing"": 0, ""emotion_perception"": 0, ""emotion_receiving"": 0, ""emotion_responding"": 0, ""emotion_understanding"": 0, ""emotion_valuing"": 0, ""emotional_reappraisal"": 8, ""evaluating"": 0, ""hypothesis_generation"": 6, ""meta_awareness"": 0, ""metacognitive_monitoring"": 0, ""metacognitive_regulation"": 0, ""noticing"": 0, ""pattern_recognition"": 0, ""perspective_taking"": 0, ""questioning"": 1, ""reconsidering"": 0, ""reframing"": 0, ""remembering"": 1, ""response_modulation"": 0, ""self_questioning"": 0, ""situation_modification"": 0, ""situation_selection"": 0, ""suspending_judgment"": 0, ""understanding"": 0, ""updating_beliefs"": 0, ""zooming_in"": 0, ""zooming_out"": 0}","{""abstracting"": 0, ""accepting"": 0, ""analogical_thinking"": 0, ""analyzing"": 0, ""applying"": 0, ""attentional_deployment"": 0, ""cognition_awareness"": 1, ""concretizing"": 0, ""connecting"": 0, ""convergent_thinking"": 2, ""counterfactual_reasoning"": 0, ""creating"": 0, ""distinguishing"": 3, ""divergent_thinking"": 0, ""emotion_characterizing"": 0, ""emotion_facilitation"": 0, ""emotion_management"": 0, ""emotion_organizing"": 0, ""emotion_perception"": 0, ""emotion_receiving"": 0, ""emotion_responding"": 0, ""emotion_understanding"": 0, ""emotion_valuing"": 0, ""emotional_reappraisal"": 4, ""evaluating"": 0, ""hypothesis_generation"": 2, ""meta_awareness"": 0, ""metacognitive_monitoring"": 0, ""metacognitive_regulation"": 0, ""noticing"": 0, ""pattern_recognition"": 0, ""perspective_taking"": 0, ""questioning"": 1, ""reconsidering"": 0, ""reframing"": 0, ""remembering"": 0, ""response_modulation"": 0, ""self_questioning"": 0, ""situation_modification"": 3, ""situation_selection"": 0, ""suspending_judgment"": 0, ""understanding"": 1, ""updating_beliefs"": 0, ""zooming_in"": 0, ""zooming_out"": 0}","Farhan believes the sauce he poured is garlic sauce. He’s the one who retrieved the bottle and poured it onto the wrap, and he hasn’t yet realized the substitution.",True,"{""abstracting"": 0, ""accepting"": 0, ""analogical_thinking"": 0, ""analyzing"": 0, ""applying"": 0, ""attentional_deployment"": 0, ""cognition_awareness"": 0, ""concretizing"": 0, ""connecting"": 0, ""convergent_thinking"": 0, ""counterfactual_reasoning"": 0, ""creating"": 0, ""distinguishing"": 9, ""divergent_thinking"": 0, ""emotion_characterizing"": 0, ""emotion_facilitation"": 0, ""emotion_management"": 0, ""emotion_organizing"": 0, ""emotion_perception"": 0, ""emotion_receiving"": 0, ""emotion_responding"": 0, ""emotion_understanding"": 0, ""emotion_valuing"": 0, ""emotional_reappraisal"": 7, ""evaluating"": 0, ""hypothesis_generation"": 6, ""meta_awareness"": 0, ""metacognitive_monitoring"": 0, ""metacognitive_regulation"": 0, ""noticing"": 0, ""pattern_recognition"": 1, ""perspective_taking"": 0, ""questioning"": 0, ""reconsidering"": 0, ""reframing"": 0, ""remembering"": 1, ""response_modulation"": 0, ""self_questioning"": 0, ""situation_modification"": 0, ""situation_selection"": 0, ""suspending_judgment"": 0, ""understanding"": 0, ""updating_beliefs"": 0, ""zooming_in"": 0, ""zooming_out"": 0}","{""abstracting"": 0, ""accepting"": 0, ""analogical_thinking"": 0, ""analyzing"": 0, ""applying"": 0, ""attentional_deployment"": 0, ""cognition_awareness"": 1, ""concretizing"": 0, ""connecting"": 0, ""convergent_thinking"": 1, ""counterfactual_reasoning"": 0, ""creating"": 0, ""distinguishing"": 4, ""divergent_thinking"": 0, ""emotion_characterizing"": 0, ""emotion_facilitation"": 0, ""emotion_management"": 0, ""emotion_organizing"": 0, ""emotion_perception"": 0, ""emotion_receiving"": 0, ""emotion_responding"": 0, ""emotion_understanding"": 0, ""emotion_valuing"": 0, ""emotional_reappraisal"": 4, ""evaluating"": 0, ""hypothesis_generation"": 1, ""meta_awareness"": 0, ""metacognitive_monitoring"": 0, ""metacognitive_regulation"": 0, ""noticing"": 0, ""pattern_recognition"": 0, ""perspective_taking"": 0, ""questioning"": 1, ""reconsidering"": 0, ""reframing"": 0, ""remembering"": 0, ""response_modulation"": 0, ""self_questioning"": 0, ""situation_modification"": 3, ""situation_selection"": 0, ""suspending_judgment"": 0, ""understanding"": 3, ""updating_beliefs"": 0, ""zooming_in"": 0, ""zooming_out"": 0}","{""emotion_organizing"": 0, ""counterfactual_reasoning"": 0, ""hypothesis_generation"": 0, ""emotion_perception"": 0, ""abstracting"": 0, ""divergent_thinking"": 0, ""analyzing"": 0, ""accepting"": 0, ""metacognitive_monitoring"": 0, ""self_questioning"": 0, ""emotion_valuing"": 0, ""remembering"": 0, ""zooming_out"": 0, ""evaluating"": 0, ""perspective_taking"": 0, ""emotion_responding"": 0, ""attentional_deployment"": 0, ""updating_beliefs"": 0, ""situation_modification"": 0, ""creating"": 0, ""situation_selection"": 0, ""concretizing"": 0, ""emotion_characterizing"": 0, ""zooming_in"": 0, ""noticing"": 0, ""emotion_management"": 0, ""pattern_recognition"": 1, ""reframing"": 0, ""convergent_thinking"": 0, ""connecting"": 0, ""metacognitive_regulation"": 0, ""emotional_reappraisal"": -1, ""reconsidering"": 0, ""analogical_thinking"": 0, ""understanding"": 0, ""distinguishing"": 0, ""cognition_awareness"": 0, ""suspending_judgment"": 0, ""questioning"": -1, ""emotion_understanding"": 0, ""meta_awareness"": 0, ""response_modulation"": 0, ""applying"": 0, ""emotion_facilitation"": 0, ""emotion_receiving"": 0}","{""emotion_organizing"": 0, ""counterfactual_reasoning"": 0, ""hypothesis_generation"": -1, ""emotion_perception"": 0, ""abstracting"": 0, ""divergent_thinking"": 0, ""analyzing"": 0, ""accepting"": 0, ""metacognitive_monitoring"": 0, ""self_questioning"": 0, ""emotion_valuing"": 0, ""remembering"": 0, ""zooming_out"": 0, ""evaluating"": 0, ""perspective_taking"": 0, ""emotion_responding"": 0, ""attentional_deployment"": 0, ""updating_beliefs"": 0, ""situation_modification"": 0, ""creating"": 0, ""situation_selection"": 0, ""concretizing"": 0, ""emotion_characterizing"": 0, ""zooming_in"": 0, ""noticing"": 0, ""emotion_management"": 0, ""pattern_recognition"": 0, ""reframing"": 0, ""convergent_thinking"": -1, ""connecting"": 0, ""metacognitive_regulation"": 0, ""emotional_reappraisal"": 0, ""reconsidering"": 0, ""analogical_thinking"": 0, ""understanding"": 2, ""distinguishing"": 1, ""cognition_awareness"": 0, ""suspending_judgment"": 0, ""questioning"": 0, ""emotion_understanding"": 0, ""meta_awareness"": 0, ""response_modulation"": 0, ""applying"": 0, ""emotion_facilitation"": 0, ""emotion_receiving"": 0}",False
"Abhay is a young farmer in a small Indian village. He wants to water his crops with the water stored in a large clay pot. Abhay checks the water level and sees that the pot is full. Unbeknownst to him, a hole in the bottom of the pot has caused the water to leak out, leaving the pot empty. Abhay starts watering his crops with the water from the pot.",Does Abhay believe the pot is full of water or empty?,Abhay believes the pot is full of water.,Abhay believes the pot is empty.,"Abhay believes the pot is full of water. He checks the water level and sees it appears full, so he assumes it remains so. He’s unaware of the leak. 

Therefore, the answer is: **Abhay believes the pot is full.**",True,"{""abstracting"": 0, ""accepting"": 0, ""analogical_thinking"": 0, ""analyzing"": 0, ""applying"": 0, ""attentional_deployment"": 0, ""cognition_awareness"": 0, ""concretizing"": 0, ""connecting"": 0, ""convergent_thinking"": 0, ""counterfactual_reasoning"": 0, ""creating"": 0, ""distinguishing"": 6, ""divergent_thinking"": 0, ""emotion_characterizing"": 0, ""emotion_facilitation"": 0, ""emotion_management"": 0, ""emotion_organizing"": 0, ""emotion_perception"": 0, ""emotion_receiving"": 0, ""emotion_responding"": 0, ""emotion_understanding"": 0, ""emotion_valuing"": 0, ""emotional_reappraisal"": 10, ""evaluating"": 0, ""hypothesis_generation"": 4, ""meta_awareness"": 0, ""metacognitive_monitoring"": 0, ""metacognitive_regulation"": 0, ""noticing"": 0, ""pattern_recognition"": 0, ""perspective_taking"": 0, ""questioning"": 3, ""reconsidering"": 0, ""reframing"": 0, ""remembering"": 0, ""response_modulation"": 0, ""self_questioning"": 0, ""situation_modification"": 1, ""situation_selection"": 0, ""suspending_judgment"": 0, ""understanding"": 0, ""updating_beliefs"": 0, ""zooming_in"": 0, ""zooming_out"": 0}","{""abstracting"": 0, ""accepting"": 0, ""analogical_thinking"": 0, ""analyzing"": 0, ""applying"": 0, ""attentional_deployment"": 0, ""cognition_awareness"": 0, ""concretizing"": 0, ""connecting"": 0, ""convergent_thinking"": 4, ""counterfactual_reasoning"": 2, ""creating"": 0, ""distinguishing"": 1, ""divergent_thinking"": 0, ""emotion_characterizing"": 0, ""emotion_facilitation"": 0, ""emotion_management"": 0, ""emotion_organizing"": 0, ""emotion_perception"": 0, ""emotion_receiving"": 0, ""emotion_responding"": 0, ""emotion_understanding"": 0, ""emotion_valuing"": 0, ""emotional_reappraisal"": 7, ""evaluating"": 0, ""hypothesis_generation"": 1, ""meta_awareness"": 0, ""metacognitive_monitoring"": 0, ""metacognitive_regulation"": 0, ""noticing"": 0, ""pattern_recognition"": 0, ""perspective_taking"": 0, ""questioning"": 3, ""reconsidering"": 0, ""reframing"": 0, ""remembering"": 0, ""response_modulation"": 0, ""self_questioning"": 0, ""situation_modification"": 0, ""situation_selection"": 0, ""suspending_judgment"": 0, ""understanding"": 1, ""updating_beliefs"": 0, ""zooming_in"": 0, ""zooming_out"": 0}","Abhay believes the pot is full of water. He’s relying on his initial visual inspection and hasn’t detected the leak. 

Therefore, the answer is: **Abhay believes the pot is full.**",True,"{""abstracting"": 0, ""accepting"": 0, ""analogical_thinking"": 0, ""analyzing"": 0, ""applying"": 0, ""attentional_deployment"": 0, ""cognition_awareness"": 0, ""concretizing"": 0, ""connecting"": 0, ""convergent_thinking"": 0, ""counterfactual_reasoning"": 0, ""creating"": 0, ""distinguishing"": 6, ""divergent_thinking"": 0, ""emotion_characterizing"": 0, ""emotion_facilitation"": 0, ""emotion_management"": 0, ""emotion_organizing"": 1, ""emotion_perception"": 0, ""emotion_receiving"": 0, ""emotion_responding"": 0, ""emotion_understanding"": 0, ""emotion_valuing"": 0, ""emotional_reappraisal"": 10, ""evaluating"": 0, ""hypothesis_generation"": 5, ""meta_awareness"": 0, ""metacognitive_monitoring"": 0, ""metacognitive_regulation"": 0, ""noticing"": 0, ""pattern_recognition"": 0, ""perspective_taking"": 0, ""questioning"": 2, ""reconsidering"": 0, ""reframing"": 0, ""remembering"": 0, ""response_modulation"": 0, ""self_questioning"": 0, ""situation_modification"": 1, ""situation_selection"": 0, ""suspending_judgment"": 0, ""understanding"": 0, ""updating_beliefs"": 0, ""zooming_in"": 0, ""zooming_out"": 0}","{""abstracting"": 0, ""accepting"": 0, ""analogical_thinking"": 0, ""analyzing"": 0, ""applying"": 0, ""attentional_deployment"": 0, ""cognition_awareness"": 0, ""concretizing"": 0, ""connecting"": 0, ""convergent_thinking"": 5, ""counterfactual_reasoning"": 0, ""creating"": 0, ""distinguishing"": 3, ""divergent_thinking"": 0, ""emotion_characterizing"": 0, ""emotion_facilitation"": 0, ""emotion_management"": 0, ""emotion_organizing"": 0, ""emotion_perception"": 0, ""emotion_receiving"": 0, ""emotion_responding"": 0, ""emotion_understanding"": 0, ""emotion_valuing"": 0, ""emotional_reappraisal"": 7, ""evaluating"": 0, ""hypothesis_generation"": 0, ""meta_awareness"": 0, ""metacognitive_monitoring"": 0, ""metacognitive_regulation"": 0, ""noticing"": 0, ""pattern_recognition"": 0, ""perspective_taking"": 0, ""questioning"": 2, ""reconsidering"": 0, ""reframing"": 0, ""remembering"": 1, ""response_modulation"": 0, ""self_questioning"": 0, ""situation_modification"": 0, ""situation_selection"": 0, ""suspending_judgment"": 0, ""understanding"": 2, ""updating_beliefs"": 0, ""zooming_in"": 0, ""zooming_out"": 0}","{""emotion_organizing"": 1, ""counterfactual_reasoning"": 0, ""hypothesis_generation"": 1, ""emotion_perception"": 0, ""abstracting"": 0, ""divergent_thinking"": 0, ""analyzing"": 0, ""accepting"": 0, ""metacognitive_monitoring"": 0, ""self_questioning"": 0, ""emotion_valuing"": 0, ""remembering"": 0, ""zooming_out"": 0, ""evaluating"": 0, ""perspective_taking"": 0, ""emotion_responding"": 0, ""attentional_deployment"": 0, ""updating_beliefs"": 0, ""situation_modification"": 0, ""creating"": 0, ""situation_selection"": 0, ""concretizing"": 0, ""emotion_characterizing"": 0, ""zooming_in"": 0, ""noticing"": 0, ""emotion_management"": 0, ""pattern_recognition"": 0, ""reframing"": 0, ""convergent_thinking"": 0, ""connecting"": 0, ""metacognitive_regulation"": 0, ""emotional_reappraisal"": 0, ""reconsidering"": 0, ""analogical_thinking"": 0, ""understanding"": 0, ""distinguishing"": 0, ""cognition_awareness"": 0, ""suspending_judgment"": 0, ""questioning"": -1, ""emotion_understanding"": 0, ""meta_awareness"": 0, ""response_modulation"": 0, ""applying"": 0, ""emotion_facilitation"": 0, ""emotion_receiving"": 0}","{""emotion_organizing"": 0, ""counterfactual_reasoning"": -2, ""hypothesis_generation"": -1, ""emotion_perception"": 0, ""abstracting"": 0, ""divergent_thinking"": 0, ""analyzing"": 0, ""accepting"": 0, ""metacognitive_monitoring"": 0, ""self_questioning"": 0, ""emotion_valuing"": 0, ""remembering"": 1, ""zooming_out"": 0, ""evaluating"": 0, ""perspective_taking"": 0, ""emotion_responding"": 0, ""attentional_deployment"": 0, ""updating_beliefs"": 0, ""situation_modification"": 0, ""creating"": 0, ""situation_selection"": 0, ""concretizing"": 0, ""emotion_characterizing"": 0, ""zooming_in"": 0, ""noticing"": 0, ""emotion_management"": 0, ""pattern_recognition"": 0, ""reframing"": 0, ""convergent_thinking"": 1, ""connecting"": 0, ""metacognitive_regulation"": 0, ""emotional_reappraisal"": 0, ""reconsidering"": 0, ""analogical_thinking"": 0, ""understanding"": 1, ""distinguishing"": 2, ""cognition_awareness"": 0, ""suspending_judgment"": 0, ""questioning"": -1, ""emotion_understanding"": 0, ""meta_awareness"": 0, ""response_modulation"": 0, ""applying"": 0, ""emotion_facilitation"": 0, ""emotion_receiving"": 0}",False
"Aniket is a marine biologist studying coral reefs off the coast of India. Aniket needs to collect samples of coral to analyze the effects of climate change on the reef. Aniket spots a healthy-looking coral formation in a specific area of the reef. A sudden wave surge stirs up sediment, covering the once healthy coral formation and causing it to become damaged. Aniket collects samples from the healthy coral formation he found.",Does Aniket believe the coral formation is healthy or damaged?,Aniket believes the coral formation is healthy.,Aniket believes the coral formation is damaged.,Aniket believes the coral formation is **healthy** before the wave surge. He specifically chose it because it *looked* healthy. The wave surge then *damaged* it.,True,"{""abstracting"": 0, ""accepting"": 0, ""analogical_thinking"": 0, ""analyzing"": 0, ""applying"": 0, ""attentional_deployment"": 0, ""cognition_awareness"": 0, ""concretizing"": 0, ""connecting"": 0, ""convergent_thinking"": 1, ""counterfactual_reasoning"": 0, ""creating"": 0, ""distinguishing"": 5, ""divergent_thinking"": 0, ""emotion_characterizing"": 0, ""emotion_facilitation"": 0, ""emotion_management"": 0, ""emotion_organizing"": 0, ""emotion_perception"": 4, ""emotion_receiving"": 0, ""emotion_responding"": 0, ""emotion_understanding"": 0, ""emotion_valuing"": 1, ""emotional_reappraisal"": 7, ""evaluating"": 0, ""hypothesis_generation"": 4, ""meta_awareness"": 0, ""metacognitive_monitoring"": 1, ""metacognitive_regulation"": 0, ""noticing"": 0, ""pattern_recognition"": 0, ""perspective_taking"": 0, ""questioning"": 1, ""reconsidering"": 0, ""reframing"": 0, ""remembering"": 0, ""response_modulation"": 0, ""self_questioning"": 0, ""situation_modification"": 0, ""situation_selection"": 0, ""suspending_judgment"": 0, ""understanding"": 0, ""updating_beliefs"": 0, ""zooming_in"": 0, ""zooming_out"": 0}","{""abstracting"": 0, ""accepting"": 0, ""analogical_thinking"": 0, ""analyzing"": 0, ""applying"": 0, ""attentional_deployment"": 0, ""cognition_awareness"": 0, ""concretizing"": 0, ""connecting"": 0, ""convergent_thinking"": 2, ""counterfactual_reasoning"": 0, ""creating"": 0, ""distinguishing"": 5, ""divergent_thinking"": 0, ""emotion_characterizing"": 0, ""emotion_facilitation"": 0, ""emotion_management"": 0, ""emotion_organizing"": 0, ""emotion_perception"": 1, ""emotion_receiving"": 0, ""emotion_responding"": 0, ""emotion_understanding"": 1, ""emotion_valuing"": 0, ""emotional_reappraisal"": 3, ""evaluating"": 0, ""hypothesis_generation"": 1, ""meta_awareness"": 0, ""metacognitive_monitoring"": 0, ""metacognitive_regulation"": 0, ""noticing"": 0, ""pattern_recognition"": 0, ""perspective_taking"": 0, ""questioning"": 2, ""reconsidering"": 0, ""reframing"": 0, ""remembering"": 0, ""response_modulation"": 0, ""self_questioning"": 0, ""situation_modification"": 0, ""situation_selection"": 0, ""suspending_judgment"": 0, ""understanding"": 1, ""updating_beliefs"": 3, ""zooming_in"": 0, ""zooming_out"": 0}","Aniket initially believes the coral formation is **healthy**. He specifically sought out a “healthy-looking” formation to sample. However, the subsequent wave surge reveals that it has indeed been damaged. 

Therefore, the most accurate answer is: **Initially, he believed it was healthy, but the event revealed it to be damaged.**",False,"{""abstracting"": 0, ""accepting"": 0, ""analogical_thinking"": 0, ""analyzing"": 0, ""applying"": 0, ""attentional_deployment"": 0, ""cognition_awareness"": 0, ""concretizing"": 0, ""connecting"": 0, ""convergent_thinking"": 1, ""counterfactual_reasoning"": 0, ""creating"": 0, ""distinguishing"": 5, ""divergent_thinking"": 0, ""emotion_characterizing"": 0, ""emotion_facilitation"": 0, ""emotion_management"": 0, ""emotion_organizing"": 1, ""emotion_perception"": 4, ""emotion_receiving"": 0, ""emotion_responding"": 0, ""emotion_understanding"": 1, ""emotion_valuing"": 1, ""emotional_reappraisal"": 7, ""evaluating"": 0, ""hypothesis_generation"": 4, ""meta_awareness"": 0, ""metacognitive_monitoring"": 1, ""metacognitive_regulation"": 0, ""noticing"": 0, ""pattern_recognition"": 0, ""perspective_taking"": 0, ""questioning"": 0, ""reconsidering"": 0, ""reframing"": 0, ""remembering"": 0, ""response_modulation"": 0, ""self_questioning"": 0, ""situation_modification"": 0, ""situation_selection"": 0, ""suspending_judgment"": 0, ""understanding"": 0, ""updating_beliefs"": 0, ""zooming_in"": 0, ""zooming_out"": 0}","{""abstracting"": 0, ""accepting"": 0, ""analogical_thinking"": 0, ""analyzing"": 0, ""applying"": 0, ""attentional_deployment"": 0, ""cognition_awareness"": 0, ""concretizing"": 0, ""connecting"": 0, ""convergent_thinking"": 4, ""counterfactual_reasoning"": 0, ""creating"": 0, ""distinguishing"": 9, ""divergent_thinking"": 0, ""emotion_characterizing"": 0, ""emotion_facilitation"": 0, ""emotion_management"": 0, ""emotion_organizing"": 0, ""emotion_perception"": 0, ""emotion_receiving"": 0, ""emotion_responding"": 0, ""emotion_understanding"": 1, ""emotion_valuing"": 0, ""emotional_reappraisal"": 4, ""evaluating"": 0, ""hypothesis_generation"": 1, ""meta_awareness"": 0, ""metacognitive_monitoring"": 0, ""metacognitive_regulation"": 0, ""noticing"": 0, ""pattern_recognition"": 0, ""perspective_taking"": 0, ""questioning"": 1, ""reconsidering"": 0, ""reframing"": 0, ""remembering"": 0, ""response_modulation"": 0, ""self_questioning"": 0, ""situation_modification"": 0, ""situation_selection"": 0, ""suspending_judgment"": 0, ""understanding"": 1, ""updating_beliefs"": 5, ""zooming_in"": 0, ""zooming_out"": 0}","{""emotion_organizing"": 1, ""counterfactual_reasoning"": 0, ""hypothesis_generation"": 0, ""emotion_perception"": 0, ""abstracting"": 0, ""divergent_thinking"": 0, ""analyzing"": 0, ""accepting"": 0, ""metacognitive_monitoring"": 0, ""self_questioning"": 0, ""emotion_valuing"": 0, ""remembering"": 0, ""zooming_out"": 0, ""evaluating"": 0, ""perspective_taking"": 0, ""emotion_responding"": 0, ""attentional_deployment"": 0, ""updating_beliefs"": 0, ""situation_modification"": 0, ""creating"": 0, ""situation_selection"": 0, ""concretizing"": 0, ""emotion_characterizing"": 0, ""zooming_in"": 0, ""noticing"": 0, ""emotion_management"": 0, ""pattern_recognition"": 0, ""reframing"": 0, ""convergent_thinking"": 0, ""connecting"": 0, ""metacognitive_regulation"": 0, ""emotional_reappraisal"": 0, ""reconsidering"": 0, ""analogical_thinking"": 0, ""understanding"": 0, ""distinguishing"": 0, ""cognition_awareness"": 0, ""suspending_judgment"": 0, ""questioning"": -1, ""emotion_understanding"": 1, ""meta_awareness"": 0, ""response_modulation"": 0, ""applying"": 0, ""emotion_facilitation"": 0, ""emotion_receiving"": 0}","{""emotion_organizing"": 0, ""counterfactual_reasoning"": 0, ""hypothesis_generation"": 0, ""emotion_perception"": -1, ""abstracting"": 0, ""divergent_thinking"": 0, ""analyzing"": 0, ""accepting"": 0, ""metacognitive_monitoring"": 0, ""self_questioning"": 0, ""emotion_valuing"": 0, ""remembering"": 0, ""zooming_out"": 0, ""evaluating"": 0, ""perspective_taking"": 0, ""emotion_responding"": 0, ""attentional_deployment"": 0, ""updating_beliefs"": 2, ""situation_modification"": 0, ""creating"": 0, ""situation_selection"": 0, ""concretizing"": 0, ""emotion_characterizing"": 0, ""zooming_in"": 0, ""noticing"": 0, ""emotion_management"": 0, ""pattern_recognition"": 0, ""reframing"": 0, ""convergent_thinking"": 2, ""connecting"": 0, ""metacognitive_regulation"": 0, ""emotional_reappraisal"": 1, ""reconsidering"": 0, ""analogical_thinking"": 0, ""understanding"": 0, ""distinguishing"": 4, ""cognition_awareness"": 0, ""suspending_judgment"": 0, ""questioning"": -1, ""emotion_understanding"": 0, ""meta_awareness"": 0, ""response_modulation"": 0, ""applying"": 0, ""emotion_facilitation"": 0, ""emotion_receiving"": 0}",False
"Lila is a beekeeper in a small village in Eastern Europe. She wants to harvest honey from one of her beehives. The beehive is full of honey, as Lila observed during her last inspection. A sudden cold snap occurs overnight, causing the bees to consume the honey to stay warm and survive, leaving the beehive nearly empty. Lila harvests the honey from the beehive.",Does Lila believe the beehive is full of honey or nearly empty?,Lila believes the beehive is full of honey.,Lila believes the beehive is nearly empty.,"Lila believes the beehive is **nearly empty**. 

The story states she observed it was full during her last inspection, but a cold snap caused the bees to consume the honey, leaving it almost gone.",True,"{""abstracting"": 0, ""accepting"": 0, ""analogical_thinking"": 0, ""analyzing"": 0, ""applying"": 0, ""attentional_deployment"": 0, ""cognition_awareness"": 0, ""concretizing"": 0, ""connecting"": 0, ""convergent_thinking"": 0, ""counterfactual_reasoning"": 0, ""creating"": 0, ""distinguishing"": 7, ""divergent_thinking"": 0, ""emotion_characterizing"": 0, ""emotion_facilitation"": 0, ""emotion_management"": 0, ""emotion_organizing"": 0, ""emotion_perception"": 1, ""emotion_receiving"": 0, ""emotion_responding"": 0, ""emotion_understanding"": 0, ""emotion_valuing"": 0, ""emotional_reappraisal"": 7, ""evaluating"": 0, ""hypothesis_generation"": 4, ""meta_awareness"": 0, ""metacognitive_monitoring"": 1, ""metacognitive_regulation"": 0, ""noticing"": 0, ""pattern_recognition"": 0, ""perspective_taking"": 0, ""questioning"": 3, ""reconsidering"": 0, ""reframing"": 0, ""remembering"": 0, ""response_modulation"": 0, ""self_questioning"": 0, ""situation_modification"": 0, ""situation_selection"": 0, ""suspending_judgment"": 0, ""understanding"": 0, ""updating_beliefs"": 0, ""zooming_in"": 0, ""zooming_out"": 0}","{""abstracting"": 0, ""accepting"": 0, ""analogical_thinking"": 0, ""analyzing"": 0, ""applying"": 0, ""attentional_deployment"": 0, ""cognition_awareness"": 0, ""concretizing"": 0, ""connecting"": 0, ""convergent_thinking"": 3, ""counterfactual_reasoning"": 1, ""creating"": 0, ""distinguishing"": 6, ""divergent_thinking"": 0, ""emotion_characterizing"": 0, ""emotion_facilitation"": 0, ""emotion_management"": 0, ""emotion_organizing"": 0, ""emotion_perception"": 0, ""emotion_receiving"": 0, ""emotion_responding"": 0, ""emotion_understanding"": 0, ""emotion_valuing"": 0, ""emotional_reappraisal"": 5, ""evaluating"": 0, ""hypothesis_generation"": 1, ""meta_awareness"": 0, ""metacognitive_monitoring"": 0, ""metacognitive_regulation"": 0, ""noticing"": 0, ""pattern_recognition"": 0, ""perspective_taking"": 0, ""questioning"": 2, ""reconsidering"": 0, ""reframing"": 0, ""remembering"": 0, ""response_modulation"": 0, ""self_questioning"": 0, ""situation_modification"": 0, ""situation_selection"": 0, ""suspending_judgment"": 0, ""understanding"": 3, ""updating_beliefs"": 0, ""zooming_in"": 0, ""zooming_out"": 0}","Lila believes the beehive is **nearly empty**. 

The story explicitly states that her observation from the last inspection indicated a full hive, but the subsequent cold snap and the bees’ consumption of the honey have left it nearly devoid of its original bounty.",True,"{""abstracting"": 0, ""accepting"": 0, ""analogical_thinking"": 0, ""analyzing"": 0, ""applying"": 0, ""attentional_deployment"": 0, ""cognition_awareness"": 0, ""concretizing"": 0, ""connecting"": 0, ""convergent_thinking"": 0, ""counterfactual_reasoning"": 0, ""creating"": 0, ""distinguishing"": 7, ""divergent_thinking"": 0, ""emotion_characterizing"": 0, ""emotion_facilitation"": 0, ""emotion_management"": 0, ""emotion_organizing"": 0, ""emotion_perception"": 1, ""emotion_receiving"": 0, ""emotion_responding"": 1, ""emotion_understanding"": 0, ""emotion_valuing"": 0, ""emotional_reappraisal"": 7, ""evaluating"": 0, ""hypothesis_generation"": 4, ""meta_awareness"": 0, ""metacognitive_monitoring"": 1, ""metacognitive_regulation"": 0, ""noticing"": 0, ""pattern_recognition"": 0, ""perspective_taking"": 0, ""questioning"": 2, ""reconsidering"": 0, ""reframing"": 0, ""remembering"": 0, ""response_modulation"": 0, ""self_questioning"": 0, ""situation_modification"": 0, ""situation_selection"": 0, ""suspending_judgment"": 0, ""understanding"": 0, ""updating_beliefs"": 0, ""zooming_in"": 0, ""zooming_out"": 0}","{""abstracting"": 0, ""accepting"": 0, ""analogical_thinking"": 0, ""analyzing"": 0, ""applying"": 0, ""attentional_deployment"": 0, ""cognition_awareness"": 0, ""concretizing"": 0, ""connecting"": 0, ""convergent_thinking"": 1, ""counterfactual_reasoning"": 0, ""creating"": 0, ""distinguishing"": 6, ""divergent_thinking"": 0, ""emotion_characterizing"": 0, ""emotion_facilitation"": 0, ""emotion_management"": 0, ""emotion_organizing"": 0, ""emotion_perception"": 0, ""emotion_receiving"": 0, ""emotion_responding"": 0, ""emotion_understanding"": 1, ""emotion_valuing"": 0, ""emotional_reappraisal"": 5, ""evaluating"": 0, ""hypothesis_generation"": 1, ""meta_awareness"": 0, ""metacognitive_monitoring"": 0, ""metacognitive_regulation"": 0, ""noticing"": 0, ""pattern_recognition"": 0, ""perspective_taking"": 0, ""questioning"": 1, ""reconsidering"": 0, ""reframing"": 0, ""remembering"": 0, ""response_modulation"": 0, ""self_questioning"": 0, ""situation_modification"": 0, ""situation_selection"": 0, ""suspending_judgment"": 0, ""understanding"": 3, ""updating_beliefs"": 0, ""zooming_in"": 0, ""zooming_out"": 0}","{""emotion_organizing"": 0, ""counterfactual_reasoning"": 0, ""hypothesis_generation"": 0, ""emotion_perception"": 0, ""abstracting"": 0, ""divergent_thinking"": 0, ""analyzing"": 0, ""accepting"": 0, ""metacognitive_monitoring"": 0, ""self_questioning"": 0, ""emotion_valuing"": 0, ""remembering"": 0, ""zooming_out"": 0, ""evaluating"": 0, ""perspective_taking"": 0, ""emotion_responding"": 1, ""attentional_deployment"": 0, ""updating_beliefs"": 0, ""situation_modification"": 0, ""creating"": 0, ""situation_selection"": 0, ""concretizing"": 0, ""emotion_characterizing"": 0, ""zooming_in"": 0, ""noticing"": 0, ""emotion_management"": 0, ""pattern_recognition"": 0, ""reframing"": 0, ""convergent_thinking"": 0, ""connecting"": 0, ""metacognitive_regulation"": 0, ""emotional_reappraisal"": 0, ""reconsidering"": 0, ""analogical_thinking"": 0, ""understanding"": 0, ""distinguishing"": 0, ""cognition_awareness"": 0, ""suspending_judgment"": 0, ""questioning"": -1, ""emotion_understanding"": 0, ""meta_awareness"": 0, ""response_modulation"": 0, ""applying"": 0, ""emotion_facilitation"": 0, ""emotion_receiving"": 0}","{""emotion_organizing"": 0, ""counterfactual_reasoning"": -1, ""hypothesis_generation"": 0, ""emotion_perception"": 0, ""abstracting"": 0, ""divergent_thinking"": 0, ""analyzing"": 0, ""accepting"": 0, ""metacognitive_monitoring"": 0, ""self_questioning"": 0, ""emotion_valuing"": 0, ""remembering"": 0, ""zooming_out"": 0, ""evaluating"": 0, ""perspective_taking"": 0, ""emotion_responding"": 0, ""attentional_deployment"": 0, ""updating_beliefs"": 0, ""situation_modification"": 0, ""creating"": 0, ""situation_selection"": 0, ""concretizing"": 0, ""emotion_characterizing"": 0, ""zooming_in"": 0, ""noticing"": 0, ""emotion_management"": 0, ""pattern_recognition"": 0, ""reframing"": 0, ""convergent_thinking"": -2, ""connecting"": 0, ""metacognitive_regulation"": 0, ""emotional_reappraisal"": 0, ""reconsidering"": 0, ""analogical_thinking"": 0, ""understanding"": 0, ""distinguishing"": 0, ""cognition_awareness"": 0, ""suspending_judgment"": 0, ""questioning"": -1, ""emotion_understanding"": 1, ""meta_awareness"": 0, ""response_modulation"": 0, ""applying"": 0, ""emotion_facilitation"": 0, ""emotion_receiving"": 0}",False
"Kavi is a chef at a popular Indian restaurant in a bustling city. Kavi wants to make his signature dish, a spicy curry, for the customers tonight. Kavi checks the pantry and sees a full bottle of his favorite hot sauce. When Kavi is away, a new chef accidentally knocks over the hot sauce, spilling its contents all over the floor. Kavi will start preparations for his signature spicy curry.",Does Kavi believe there is a full bottle of hot sauce available or that the hot sauce has been spilled?,Kavi believes there is a full bottle of hot sauce available.,Kavi believes the hot sauce has been spilled.,Kavi believes there is a full bottle of hot sauce available. He just checked it and saw it was full.,True,"{""abstracting"": 0, ""accepting"": 0, ""analogical_thinking"": 0, ""analyzing"": 0, ""applying"": 0, ""attentional_deployment"": 0, ""cognition_awareness"": 0, ""concretizing"": 0, ""connecting"": 0, ""convergent_thinking"": 0, ""counterfactual_reasoning"": 0, ""creating"": 0, ""distinguishing"": 7, ""divergent_thinking"": 0, ""emotion_characterizing"": 0, ""emotion_facilitation"": 0, ""emotion_management"": 0, ""emotion_organizing"": 1, ""emotion_perception"": 0, ""emotion_receiving"": 0, ""emotion_responding"": 1, ""emotion_understanding"": 0, ""emotion_valuing"": 0, ""emotional_reappraisal"": 9, ""evaluating"": 0, ""hypothesis_generation"": 4, ""meta_awareness"": 0, ""metacognitive_monitoring"": 0, ""metacognitive_regulation"": 0, ""noticing"": 0, ""pattern_recognition"": 0, ""perspective_taking"": 0, ""questioning"": 1, ""reconsidering"": 0, ""reframing"": 0, ""remembering"": 1, ""response_modulation"": 0, ""self_questioning"": 0, ""situation_modification"": 0, ""situation_selection"": 0, ""suspending_judgment"": 0, ""understanding"": 0, ""updating_beliefs"": 0, ""zooming_in"": 0, ""zooming_out"": 0}","{""abstracting"": 0, ""accepting"": 0, ""analogical_thinking"": 0, ""analyzing"": 0, ""applying"": 0, ""attentional_deployment"": 0, ""cognition_awareness"": 0, ""concretizing"": 0, ""connecting"": 0, ""convergent_thinking"": 1, ""counterfactual_reasoning"": 0, ""creating"": 0, ""distinguishing"": 6, ""divergent_thinking"": 0, ""emotion_characterizing"": 0, ""emotion_facilitation"": 0, ""emotion_management"": 0, ""emotion_organizing"": 1, ""emotion_perception"": 0, ""emotion_receiving"": 0, ""emotion_responding"": 0, ""emotion_understanding"": 0, ""emotion_valuing"": 0, ""emotional_reappraisal"": 5, ""evaluating"": 0, ""hypothesis_generation"": 2, ""meta_awareness"": 0, ""metacognitive_monitoring"": 0, ""metacognitive_regulation"": 0, ""noticing"": 0, ""pattern_recognition"": 0, ""perspective_taking"": 0, ""questioning"": 1, ""reconsidering"": 0, ""reframing"": 0, ""remembering"": 0, ""response_modulation"": 0, ""self_questioning"": 0, ""situation_modification"": 0, ""situation_selection"": 0, ""suspending_judgment"": 0, ""understanding"": 3, ""updating_beliefs"": 0, ""zooming_in"": 0, ""zooming_out"": 0}","Kavi believes there is a full bottle of hot sauce available. He’s just checked it and confirmed its presence. The subsequent discovery of the spill is a separate, unfolding event.",True,"{""abstracting"": 0, ""accepting"": 0, ""analogical_thinking"": 0, ""analyzing"": 0, ""applying"": 0, ""attentional_deployment"": 0, ""cognition_awareness"": 0, ""concretizing"": 0, ""connecting"": 0, ""convergent_thinking"": 0, ""counterfactual_reasoning"": 0, ""creating"": 0, ""distinguishing"": 7, ""divergent_thinking"": 0, ""emotion_characterizing"": 0, ""emotion_facilitation"": 0, ""emotion_management"": 0, ""emotion_organizing"": 1, ""emotion_perception"": 1, ""emotion_receiving"": 0, ""emotion_responding"": 1, ""emotion_understanding"": 0, ""emotion_valuing"": 0, ""emotional_reappraisal"": 8, ""evaluating"": 0, ""hypothesis_generation"": 4, ""meta_awareness"": 0, ""metacognitive_monitoring"": 0, ""metacognitive_regulation"": 0, ""noticing"": 0, ""pattern_recognition"": 0, ""perspective_taking"": 0, ""questioning"": 1, ""reconsidering"": 0, ""reframing"": 0, ""remembering"": 1, ""response_modulation"": 0, ""self_questioning"": 0, ""situation_modification"": 0, ""situation_selection"": 0, ""suspending_judgment"": 0, ""understanding"": 0, ""updating_beliefs"": 0, ""zooming_in"": 0, ""zooming_out"": 0}","{""abstracting"": 0, ""accepting"": 0, ""analogical_thinking"": 0, ""analyzing"": 0, ""applying"": 0, ""attentional_deployment"": 0, ""cognition_awareness"": 0, ""concretizing"": 0, ""connecting"": 0, ""convergent_thinking"": 2, ""counterfactual_reasoning"": 0, ""creating"": 0, ""distinguishing"": 5, ""divergent_thinking"": 0, ""emotion_characterizing"": 0, ""emotion_facilitation"": 0, ""emotion_management"": 0, ""emotion_organizing"": 1, ""emotion_perception"": 0, ""emotion_receiving"": 0, ""emotion_responding"": 0, ""emotion_understanding"": 0, ""emotion_valuing"": 0, ""emotional_reappraisal"": 4, ""evaluating"": 0, ""hypothesis_generation"": 2, ""meta_awareness"": 0, ""metacognitive_monitoring"": 0, ""metacognitive_regulation"": 0, ""noticing"": 0, ""pattern_recognition"": 0, ""perspective_taking"": 0, ""questioning"": 0, ""reconsidering"": 0, ""reframing"": 0, ""remembering"": 0, ""response_modulation"": 0, ""self_questioning"": 0, ""situation_modification"": 0, ""situation_selection"": 0, ""suspending_judgment"": 0, ""understanding"": 1, ""updating_beliefs"": 0, ""zooming_in"": 0, ""zooming_out"": 0}","{""emotion_organizing"": 0, ""counterfactual_reasoning"": 0, ""hypothesis_generation"": 0, ""emotion_perception"": 1, ""abstracting"": 0, ""divergent_thinking"": 0, ""analyzing"": 0, ""accepting"": 0, ""metacognitive_monitoring"": 0, ""self_questioning"": 0, ""emotion_valuing"": 0, ""remembering"": 0, ""zooming_out"": 0, ""evaluating"": 0, ""perspective_taking"": 0, ""emotion_responding"": 0, ""attentional_deployment"": 0, ""updating_beliefs"": 0, ""situation_modification"": 0, ""creating"": 0, ""situation_selection"": 0, ""concretizing"": 0, ""emotion_characterizing"": 0, ""zooming_in"": 0, ""noticing"": 0, ""emotion_management"": 0, ""pattern_recognition"": 0, ""reframing"": 0, ""convergent_thinking"": 0, ""connecting"": 0, ""metacognitive_regulation"": 0, ""emotional_reappraisal"": -1, ""reconsidering"": 0, ""analogical_thinking"": 0, ""understanding"": 0, ""distinguishing"": 0, ""cognition_awareness"": 0, ""suspending_judgment"": 0, ""questioning"": 0, ""emotion_understanding"": 0, ""meta_awareness"": 0, ""response_modulation"": 0, ""applying"": 0, ""emotion_facilitation"": 0, ""emotion_receiving"": 0}","{""emotion_organizing"": 0, ""counterfactual_reasoning"": 0, ""hypothesis_generation"": 0, ""emotion_perception"": 0, ""abstracting"": 0, ""divergent_thinking"": 0, ""analyzing"": 0, ""accepting"": 0, ""metacognitive_monitoring"": 0, ""self_questioning"": 0, ""emotion_valuing"": 0, ""remembering"": 0, ""zooming_out"": 0, ""evaluating"": 0, ""perspective_taking"": 0, ""emotion_responding"": 0, ""attentional_deployment"": 0, ""updating_beliefs"": 0, ""situation_modification"": 0, ""creating"": 0, ""situation_selection"": 0, ""concretizing"": 0, ""emotion_characterizing"": 0, ""zooming_in"": 0, ""noticing"": 0, ""emotion_management"": 0, ""pattern_recognition"": 0, ""reframing"": 0, ""convergent_thinking"": 1, ""connecting"": 0, ""metacognitive_regulation"": 0, ""emotional_reappraisal"": -1, ""reconsidering"": 0, ""analogical_thinking"": 0, ""understanding"": -2, ""distinguishing"": -1, ""cognition_awareness"": 0, ""suspending_judgment"": 0, ""questioning"": -1, ""emotion_understanding"": 0, ""meta_awareness"": 0, ""response_modulation"": 0, ""applying"": 0, ""emotion_facilitation"": 0, ""emotion_receiving"": 0}",False
"Hiroshi is a fisherman in a small coastal village in Japan. Hiroshi wants to catch some fish to provide dinner for his family. Hiroshi checks the weather forecast and sees that it will be sunny throughout the day. Suddenly, a heavy rainstorm moves in, darkening the sky and causing strong waves. Hiroshi prepares his fishing gear and heads out to sea.",Does Hiroshi believe the weather will be sunny or does he expect a rainstorm?,Hiroshi believes the weather will be sunny all day.,Hiroshi believes there will be a rainstorm.,"Hiroshi believes the weather will be sunny. The story states he “checks the weather forecast and sees that it will be sunny throughout the day.” However, the story then introduces a conflict – a sudden rainstorm – highlighting the unexpected change.",True,"{""abstracting"": 0, ""accepting"": 0, ""analogical_thinking"": 0, ""analyzing"": 0, ""applying"": 0, ""attentional_deployment"": 0, ""cognition_awareness"": 0, ""concretizing"": 0, ""connecting"": 0, ""convergent_thinking"": 0, ""counterfactual_reasoning"": 0, ""creating"": 0, ""distinguishing"": 5, ""divergent_thinking"": 0, ""emotion_characterizing"": 0, ""emotion_facilitation"": 0, ""emotion_management"": 0, ""emotion_organizing"": 0, ""emotion_perception"": 0, ""emotion_receiving"": 0, ""emotion_responding"": 0, ""emotion_understanding"": 0, ""emotion_valuing"": 0, ""emotional_reappraisal"": 9, ""evaluating"": 0, ""hypothesis_generation"": 4, ""meta_awareness"": 0, ""metacognitive_monitoring"": 0, ""metacognitive_regulation"": 0, ""noticing"": 0, ""pattern_recognition"": 0, ""perspective_taking"": 0, ""questioning"": 3, ""reconsidering"": 0, ""reframing"": 1, ""remembering"": 0, ""response_modulation"": 0, ""self_questioning"": 0, ""situation_modification"": 0, ""situation_selection"": 0, ""suspending_judgment"": 0, ""understanding"": 0, ""updating_beliefs"": 0, ""zooming_in"": 0, ""zooming_out"": 0}","{""abstracting"": 0, ""accepting"": 0, ""analogical_thinking"": 0, ""analyzing"": 0, ""applying"": 0, ""attentional_deployment"": 0, ""cognition_awareness"": 0, ""concretizing"": 0, ""connecting"": 0, ""convergent_thinking"": 0, ""counterfactual_reasoning"": 0, ""creating"": 0, ""distinguishing"": 3, ""divergent_thinking"": 0, ""emotion_characterizing"": 0, ""emotion_facilitation"": 0, ""emotion_management"": 0, ""emotion_organizing"": 0, ""emotion_perception"": 0, ""emotion_receiving"": 0, ""emotion_responding"": 0, ""emotion_understanding"": 0, ""emotion_valuing"": 0, ""emotional_reappraisal"": 5, ""evaluating"": 0, ""hypothesis_generation"": 1, ""meta_awareness"": 0, ""metacognitive_monitoring"": 0, ""metacognitive_regulation"": 0, ""noticing"": 0, ""pattern_recognition"": 0, ""perspective_taking"": 0, ""questioning"": 1, ""reconsidering"": 0, ""reframing"": 0, ""remembering"": 0, ""response_modulation"": 0, ""self_questioning"": 0, ""situation_modification"": 0, ""situation_selection"": 0, ""suspending_judgment"": 0, ""understanding"": 0, ""updating_beliefs"": 0, ""zooming_in"": 0, ""zooming_out"": 0}","Hiroshi initially believes the weather will be sunny, as he checks the forecast and sees that it will be. However, he then anticipates a rainstorm as the conditions rapidly change and a heavy storm descends upon him. 

Therefore, the most accurate answer is: **He initially believed it would be sunny, but he expects a rainstorm.**",True,"{""abstracting"": 0, ""accepting"": 0, ""analogical_thinking"": 0, ""analyzing"": 0, ""applying"": 0, ""attentional_deployment"": 0, ""cognition_awareness"": 0, ""concretizing"": 0, ""connecting"": 0, ""convergent_thinking"": 0, ""counterfactual_reasoning"": 0, ""creating"": 0, ""distinguishing"": 5, ""divergent_thinking"": 0, ""emotion_characterizing"": 0, ""emotion_facilitation"": 0, ""emotion_management"": 0, ""emotion_organizing"": 1, ""emotion_perception"": 0, ""emotion_receiving"": 0, ""emotion_responding"": 1, ""emotion_understanding"": 0, ""emotion_valuing"": 0, ""emotional_reappraisal"": 9, ""evaluating"": 0, ""hypothesis_generation"": 5, ""meta_awareness"": 0, ""metacognitive_monitoring"": 0, ""metacognitive_regulation"": 0, ""noticing"": 0, ""pattern_recognition"": 1, ""perspective_taking"": 0, ""questioning"": 2, ""reconsidering"": 0, ""reframing"": 1, ""remembering"": 1, ""response_modulation"": 0, ""self_questioning"": 0, ""situation_modification"": 0, ""situation_selection"": 0, ""suspending_judgment"": 0, ""understanding"": 0, ""updating_beliefs"": 0, ""zooming_in"": 0, ""zooming_out"": 0}","{""abstracting"": 0, ""accepting"": 0, ""analogical_thinking"": 0, ""analyzing"": 0, ""applying"": 0, ""attentional_deployment"": 0, ""cognition_awareness"": 0, ""concretizing"": 0, ""connecting"": 0, ""convergent_thinking"": 4, ""counterfactual_reasoning"": 0, ""creating"": 0, ""distinguishing"": 6, ""divergent_thinking"": 0, ""emotion_characterizing"": 0, ""emotion_facilitation"": 0, ""emotion_management"": 0, ""emotion_organizing"": 0, ""emotion_perception"": 0, ""emotion_receiving"": 0, ""emotion_responding"": 0, ""emotion_understanding"": 2, ""emotion_valuing"": 0, ""emotional_reappraisal"": 6, ""evaluating"": 0, ""hypothesis_generation"": 1, ""meta_awareness"": 0, ""metacognitive_monitoring"": 0, ""metacognitive_regulation"": 0, ""noticing"": 0, ""pattern_recognition"": 0, ""perspective_taking"": 0, ""questioning"": 0, ""reconsidering"": 0, ""reframing"": 0, ""remembering"": 1, ""response_modulation"": 0, ""self_questioning"": 0, ""situation_modification"": 0, ""situation_selection"": 0, ""suspending_judgment"": 0, ""understanding"": 2, ""updating_beliefs"": 1, ""zooming_in"": 0, ""zooming_out"": 0}","{""emotion_organizing"": 1, ""counterfactual_reasoning"": 0, ""hypothesis_generation"": 1, ""emotion_perception"": 0, ""abstracting"": 0, ""divergent_thinking"": 0, ""analyzing"": 0, ""accepting"": 0, ""metacognitive_monitoring"": 0, ""self_questioning"": 0, ""emotion_valuing"": 0, ""remembering"": 1, ""zooming_out"": 0, ""evaluating"": 0, ""perspective_taking"": 0, ""emotion_responding"": 1, ""attentional_deployment"": 0, ""updating_beliefs"": 0, ""situation_modification"": 0, ""creating"": 0, ""situation_selection"": 0, ""concretizing"": 0, ""emotion_characterizing"": 0, ""zooming_in"": 0, ""noticing"": 0, ""emotion_management"": 0, ""pattern_recognition"": 1, ""reframing"": 0, ""convergent_thinking"": 0, ""connecting"": 0, ""metacognitive_regulation"": 0, ""emotional_reappraisal"": 0, ""reconsidering"": 0, ""analogical_thinking"": 0, ""understanding"": 0, ""distinguishing"": 0, ""cognition_awareness"": 0, ""suspending_judgment"": 0, ""questioning"": -1, ""emotion_understanding"": 0, ""meta_awareness"": 0, ""response_modulation"": 0, ""applying"": 0, ""emotion_facilitation"": 0, ""emotion_receiving"": 0}","{""emotion_organizing"": 0, ""counterfactual_reasoning"": 0, ""hypothesis_generation"": 0, ""emotion_perception"": 0, ""abstracting"": 0, ""divergent_thinking"": 0, ""analyzing"": 0, ""accepting"": 0, ""metacognitive_monitoring"": 0, ""self_questioning"": 0, ""emotion_valuing"": 0, ""remembering"": 1, ""zooming_out"": 0, ""evaluating"": 0, ""perspective_taking"": 0, ""emotion_responding"": 0, ""attentional_deployment"": 0, ""updating_beliefs"": 1, ""situation_modification"": 0, ""creating"": 0, ""situation_selection"": 0, ""concretizing"": 0, ""emotion_characterizing"": 0, ""zooming_in"": 0, ""noticing"": 0, ""emotion_management"": 0, ""pattern_recognition"": 0, ""reframing"": 0, ""convergent_thinking"": 4, ""connecting"": 0, ""metacognitive_regulation"": 0, ""emotional_reappraisal"": 1, ""reconsidering"": 0, ""analogical_thinking"": 0, ""understanding"": 2, ""distinguishing"": 3, ""cognition_awareness"": 0, ""suspending_judgment"": 0, ""questioning"": -1, ""emotion_understanding"": 2, ""meta_awareness"": 0, ""response_modulation"": 0, ""applying"": 0, ""emotion_facilitation"": 0, ""emotion_receiving"": 0}",False
"Juan is a young chef in a small Mexican town. He wants to make a delicious salsa for the upcoming town festival. Juan buys fresh tomatoes from the market, which he believes are ripe and perfect for the salsa. While Juan is away from his kitchen, a mischievous cat knocks over the bag of tomatoes, crushing them and making them unsuitable for the salsa. Juan starts making the salsa with the tomatoes he bought.",Does Juan believe the tomatoes are ripe and perfect or crushed and unsuitable?,Juan believes the tomatoes are ripe and perfect.,Juan believes the tomatoes are crushed and unsuitable.,"Juan believes the tomatoes are ripe and perfect. 

The story states he “believes they are ripe and perfect.”",True,"{""abstracting"": 0, ""accepting"": 0, ""analogical_thinking"": 0, ""analyzing"": 0, ""applying"": 0, ""attentional_deployment"": 0, ""cognition_awareness"": 0, ""concretizing"": 0, ""connecting"": 0, ""convergent_thinking"": 0, ""counterfactual_reasoning"": 0, ""creating"": 0, ""distinguishing"": 8, ""divergent_thinking"": 0, ""emotion_characterizing"": 0, ""emotion_facilitation"": 0, ""emotion_management"": 0, ""emotion_organizing"": 0, ""emotion_perception"": 0, ""emotion_receiving"": 0, ""emotion_responding"": 0, ""emotion_understanding"": 0, ""emotion_valuing"": 0, ""emotional_reappraisal"": 9, ""evaluating"": 0, ""hypothesis_generation"": 4, ""meta_awareness"": 0, ""metacognitive_monitoring"": 0, ""metacognitive_regulation"": 0, ""noticing"": 0, ""pattern_recognition"": 0, ""perspective_taking"": 0, ""questioning"": 4, ""reconsidering"": 0, ""reframing"": 1, ""remembering"": 0, ""response_modulation"": 0, ""self_questioning"": 0, ""situation_modification"": 0, ""situation_selection"": 0, ""suspending_judgment"": 0, ""understanding"": 0, ""updating_beliefs"": 0, ""zooming_in"": 0, ""zooming_out"": 0}","{""abstracting"": 0, ""accepting"": 0, ""analogical_thinking"": 0, ""analyzing"": 0, ""applying"": 0, ""attentional_deployment"": 0, ""cognition_awareness"": 0, ""concretizing"": 0, ""connecting"": 0, ""convergent_thinking"": 4, ""counterfactual_reasoning"": 0, ""creating"": 0, ""distinguishing"": 2, ""divergent_thinking"": 0, ""emotion_characterizing"": 0, ""emotion_facilitation"": 0, ""emotion_management"": 0, ""emotion_organizing"": 0, ""emotion_perception"": 0, ""emotion_receiving"": 0, ""emotion_responding"": 0, ""emotion_understanding"": 0, ""emotion_valuing"": 0, ""emotional_reappraisal"": 2, ""evaluating"": 0, ""hypothesis_generation"": 3, ""meta_awareness"": 0, ""metacognitive_monitoring"": 0, ""metacognitive_regulation"": 0, ""noticing"": 0, ""pattern_recognition"": 0, ""perspective_taking"": 0, ""questioning"": 2, ""reconsidering"": 0, ""reframing"": 0, ""remembering"": 1, ""response_modulation"": 0, ""self_questioning"": 0, ""situation_modification"": 1, ""situation_selection"": 0, ""suspending_judgment"": 0, ""understanding"": 2, ""updating_beliefs"": 0, ""zooming_in"": 0, ""zooming_out"": 0}",Juan initially believes the tomatoes are ripe and perfect.,True,"{""abstracting"": 0, ""accepting"": 0, ""analogical_thinking"": 0, ""analyzing"": 0, ""applying"": 0, ""attentional_deployment"": 0, ""cognition_awareness"": 0, ""concretizing"": 0, ""connecting"": 0, ""convergent_thinking"": 0, ""counterfactual_reasoning"": 0, ""creating"": 0, ""distinguishing"": 7, ""divergent_thinking"": 0, ""emotion_characterizing"": 0, ""emotion_facilitation"": 0, ""emotion_management"": 0, ""emotion_organizing"": 0, ""emotion_perception"": 0, ""emotion_receiving"": 0, ""emotion_responding"": 0, ""emotion_understanding"": 0, ""emotion_valuing"": 0, ""emotional_reappraisal"": 9, ""evaluating"": 0, ""hypothesis_generation"": 4, ""meta_awareness"": 0, ""metacognitive_monitoring"": 0, ""metacognitive_regulation"": 0, ""noticing"": 0, ""pattern_recognition"": 0, ""perspective_taking"": 0, ""questioning"": 3, ""reconsidering"": 0, ""reframing"": 1, ""remembering"": 1, ""response_modulation"": 0, ""self_questioning"": 0, ""situation_modification"": 1, ""situation_selection"": 0, ""suspending_judgment"": 0, ""understanding"": 0, ""updating_beliefs"": 0, ""zooming_in"": 0, ""zooming_out"": 0}","{""abstracting"": 0, ""accepting"": 0, ""analogical_thinking"": 0, ""analyzing"": 0, ""applying"": 0, ""attentional_deployment"": 0, ""cognition_awareness"": 0, ""concretizing"": 0, ""connecting"": 0, ""convergent_thinking"": 0, ""counterfactual_reasoning"": 0, ""creating"": 0, ""distinguishing"": 7, ""divergent_thinking"": 0, ""emotion_characterizing"": 0, ""emotion_facilitation"": 0, ""emotion_management"": 0, ""emotion_organizing"": 0, ""emotion_perception"": 0, ""emotion_receiving"": 0, ""emotion_responding"": 0, ""emotion_understanding"": 0, ""emotion_valuing"": 0, ""emotional_reappraisal"": 7, ""evaluating"": 0, ""hypothesis_generation"": 3, ""meta_awareness"": 0, ""metacognitive_monitoring"": 0, ""metacognitive_regulation"": 0, ""noticing"": 0, ""pattern_recognition"": 0, ""perspective_taking"": 0, ""questioning"": 2, ""reconsidering"": 0, ""reframing"": 0, ""remembering"": 1, ""response_modulation"": 0, ""self_questioning"": 0, ""situation_modification"": 0, ""situation_selection"": 0, ""suspending_judgment"": 0, ""understanding"": 4, ""updating_beliefs"": 0, ""zooming_in"": 0, ""zooming_out"": 0}","{""emotion_organizing"": 0, ""counterfactual_reasoning"": 0, ""hypothesis_generation"": 0, ""emotion_perception"": 0, ""abstracting"": 0, ""divergent_thinking"": 0, ""analyzing"": 0, ""accepting"": 0, ""metacognitive_monitoring"": 0, ""self_questioning"": 0, ""emotion_valuing"": 0, ""remembering"": 1, ""zooming_out"": 0, ""evaluating"": 0, ""perspective_taking"": 0, ""emotion_responding"": 0, ""attentional_deployment"": 0, ""updating_beliefs"": 0, ""situation_modification"": 1, ""creating"": 0, ""situation_selection"": 0, ""concretizing"": 0, ""emotion_characterizing"": 0, ""zooming_in"": 0, ""noticing"": 0, ""emotion_management"": 0, ""pattern_recognition"": 0, ""reframing"": 0, ""convergent_thinking"": 0, ""connecting"": 0, ""metacognitive_regulation"": 0, ""emotional_reappraisal"": 0, ""reconsidering"": 0, ""analogical_thinking"": 0, ""understanding"": 0, ""distinguishing"": -1, ""cognition_awareness"": 0, ""suspending_judgment"": 0, ""questioning"": -1, ""emotion_understanding"": 0, ""meta_awareness"": 0, ""response_modulation"": 0, ""applying"": 0, ""emotion_facilitation"": 0, ""emotion_receiving"": 0}","{""emotion_organizing"": 0, ""counterfactual_reasoning"": 0, ""hypothesis_generation"": 0, ""emotion_perception"": 0, ""abstracting"": 0, ""divergent_thinking"": 0, ""analyzing"": 0, ""accepting"": 0, ""metacognitive_monitoring"": 0, ""self_questioning"": 0, ""emotion_valuing"": 0, ""remembering"": 0, ""zooming_out"": 0, ""evaluating"": 0, ""perspective_taking"": 0, ""emotion_responding"": 0, ""attentional_deployment"": 0, ""updating_beliefs"": 0, ""situation_modification"": -1, ""creating"": 0, ""situation_selection"": 0, ""concretizing"": 0, ""emotion_characterizing"": 0, ""zooming_in"": 0, ""noticing"": 0, ""emotion_management"": 0, ""pattern_recognition"": 0, ""reframing"": 0, ""convergent_thinking"": -4, ""connecting"": 0, ""metacognitive_regulation"": 0, ""emotional_reappraisal"": 5, ""reconsidering"": 0, ""analogical_thinking"": 0, ""understanding"": 2, ""distinguishing"": 5, ""cognition_awareness"": 0, ""suspending_judgment"": 0, ""questioning"": 0, ""emotion_understanding"": 0, ""meta_awareness"": 0, ""response_modulation"": 0, ""applying"": 0, ""emotion_facilitation"": 0, ""emotion_receiving"": 0}",False
"Mei is a florist in a small town in Japan. She wants to create a beautiful bouquet using fresh flowers from her garden. Mei notices that her roses are in full bloom, with vibrant colors. Overnight, a sudden frost damages the roses, causing them to wilt and lose their vibrancy. Mei picks the roses from her garden to create the bouquet.",Does Mei believe the roses in her garden are in full bloom or wilted?,Mei believes the roses are in full bloom.,Mei believes the roses are wilted.,"Mei believes the roses in her garden are in full bloom. The story states she “notices that her roses are in full bloom, with vibrant colors.” However, the frost damage happened *overnight*, so she’s picking them *before* they’ve had a chance to fully show the effects of the damage. 

Therefore, the answer is: **in full bloom**.",True,"{""abstracting"": 0, ""accepting"": 0, ""analogical_thinking"": 0, ""analyzing"": 0, ""applying"": 0, ""attentional_deployment"": 0, ""cognition_awareness"": 0, ""concretizing"": 0, ""connecting"": 0, ""convergent_thinking"": 0, ""counterfactual_reasoning"": 0, ""creating"": 0, ""distinguishing"": 6, ""divergent_thinking"": 0, ""emotion_characterizing"": 0, ""emotion_facilitation"": 0, ""emotion_management"": 0, ""emotion_organizing"": 0, ""emotion_perception"": 1, ""emotion_receiving"": 0, ""emotion_responding"": 0, ""emotion_understanding"": 0, ""emotion_valuing"": 0, ""emotional_reappraisal"": 7, ""evaluating"": 0, ""hypothesis_generation"": 4, ""meta_awareness"": 0, ""metacognitive_monitoring"": 0, ""metacognitive_regulation"": 0, ""noticing"": 0, ""pattern_recognition"": 0, ""perspective_taking"": 0, ""questioning"": 1, ""reconsidering"": 0, ""reframing"": 1, ""remembering"": 1, ""response_modulation"": 0, ""self_questioning"": 0, ""situation_modification"": 0, ""situation_selection"": 0, ""suspending_judgment"": 0, ""understanding"": 0, ""updating_beliefs"": 0, ""zooming_in"": 0, ""zooming_out"": 0}","{""abstracting"": 0, ""accepting"": 0, ""analogical_thinking"": 0, ""analyzing"": 0, ""applying"": 0, ""attentional_deployment"": 0, ""cognition_awareness"": 0, ""concretizing"": 0, ""connecting"": 0, ""convergent_thinking"": 5, ""counterfactual_reasoning"": 0, ""creating"": 0, ""distinguishing"": 9, ""divergent_thinking"": 0, ""emotion_characterizing"": 0, ""emotion_facilitation"": 0, ""emotion_management"": 0, ""emotion_organizing"": 0, ""emotion_perception"": 0, ""emotion_receiving"": 0, ""emotion_responding"": 0, ""emotion_understanding"": 0, ""emotion_valuing"": 0, ""emotional_reappraisal"": 3, ""evaluating"": 0, ""hypothesis_generation"": 1, ""meta_awareness"": 0, ""metacognitive_monitoring"": 0, ""metacognitive_regulation"": 0, ""noticing"": 0, ""pattern_recognition"": 0, ""perspective_taking"": 0, ""questioning"": 2, ""reconsidering"": 0, ""reframing"": 0, ""remembering"": 0, ""response_modulation"": 0, ""self_questioning"": 0, ""situation_modification"": 0, ""situation_selection"": 0, ""suspending_judgment"": 0, ""understanding"": 3, ""updating_beliefs"": 1, ""zooming_in"": 0, ""zooming_out"": 0}","Mei believes the roses in her garden are in full bloom. The story explicitly states she “notices that her roses are in full bloom, with vibrant colors.” However, the subsequent description of the frost and their subsequent wilting reveals a crucial detail – she’s now working with the *remains* of those blooms. 

Therefore, the most accurate answer is: **Initially, Mei believes the roses are in full bloom, but she’s now using the remnants of those blooms to",True,"{""abstracting"": 0, ""accepting"": 0, ""analogical_thinking"": 0, ""analyzing"": 0, ""applying"": 0, ""attentional_deployment"": 0, ""cognition_awareness"": 0, ""concretizing"": 0, ""connecting"": 0, ""convergent_thinking"": 0, ""counterfactual_reasoning"": 0, ""creating"": 0, ""distinguishing"": 6, ""divergent_thinking"": 0, ""emotion_characterizing"": 0, ""emotion_facilitation"": 0, ""emotion_management"": 0, ""emotion_organizing"": 1, ""emotion_perception"": 1, ""emotion_receiving"": 0, ""emotion_responding"": 0, ""emotion_understanding"": 0, ""emotion_valuing"": 0, ""emotional_reappraisal"": 7, ""evaluating"": 0, ""hypothesis_generation"": 4, ""meta_awareness"": 0, ""metacognitive_monitoring"": 0, ""metacognitive_regulation"": 0, ""noticing"": 0, ""pattern_recognition"": 0, ""perspective_taking"": 0, ""questioning"": 0, ""reconsidering"": 0, ""reframing"": 1, ""remembering"": 1, ""response_modulation"": 0, ""self_questioning"": 0, ""situation_modification"": 0, ""situation_selection"": 0, ""suspending_judgment"": 0, ""understanding"": 0, ""updating_beliefs"": 0, ""zooming_in"": 0, ""zooming_out"": 0}","{""abstracting"": 0, ""accepting"": 0, ""analogical_thinking"": 0, ""analyzing"": 0, ""applying"": 0, ""attentional_deployment"": 0, ""cognition_awareness"": 0, ""concretizing"": 0, ""connecting"": 0, ""convergent_thinking"": 0, ""counterfactual_reasoning"": 0, ""creating"": 0, ""distinguishing"": 9, ""divergent_thinking"": 0, ""emotion_characterizing"": 0, ""emotion_facilitation"": 0, ""emotion_management"": 0, ""emotion_organizing"": 0, ""emotion_perception"": 0, ""emotion_receiving"": 0, ""emotion_responding"": 0, ""emotion_understanding"": 0, ""emotion_valuing"": 0, ""emotional_reappraisal"": 6, ""evaluating"": 0, ""hypothesis_generation"": 0, ""meta_awareness"": 0, ""metacognitive_monitoring"": 0, ""metacognitive_regulation"": 0, ""noticing"": 0, ""pattern_recognition"": 0, ""perspective_taking"": 0, ""questioning"": 1, ""reconsidering"": 0, ""reframing"": 0, ""remembering"": 0, ""response_modulation"": 0, ""self_questioning"": 0, ""situation_modification"": 0, ""situation_selection"": 0, ""suspending_judgment"": 0, ""understanding"": 4, ""updating_beliefs"": 2, ""zooming_in"": 0, ""zooming_out"": 0}","{""emotion_organizing"": 1, ""counterfactual_reasoning"": 0, ""hypothesis_generation"": 0, ""emotion_perception"": 0, ""abstracting"": 0, ""divergent_thinking"": 0, ""analyzing"": 0, ""accepting"": 0, ""metacognitive_monitoring"": 0, ""self_questioning"": 0, ""emotion_valuing"": 0, ""remembering"": 0, ""zooming_out"": 0, ""evaluating"": 0, ""perspective_taking"": 0, ""emotion_responding"": 0, ""attentional_deployment"": 0, ""updating_beliefs"": 0, ""situation_modification"": 0, ""creating"": 0, ""situation_selection"": 0, ""concretizing"": 0, ""emotion_characterizing"": 0, ""zooming_in"": 0, ""noticing"": 0, ""emotion_management"": 0, ""pattern_recognition"": 0, ""reframing"": 0, ""convergent_thinking"": 0, ""connecting"": 0, ""metacognitive_regulation"": 0, ""emotional_reappraisal"": 0, ""reconsidering"": 0, ""analogical_thinking"": 0, ""understanding"": 0, ""distinguishing"": 0, ""cognition_awareness"": 0, ""suspending_judgment"": 0, ""questioning"": -1, ""emotion_understanding"": 0, ""meta_awareness"": 0, ""response_modulation"": 0, ""applying"": 0, ""emotion_facilitation"": 0, ""emotion_receiving"": 0}","{""emotion_organizing"": 0, ""counterfactual_reasoning"": 0, ""hypothesis_generation"": -1, ""emotion_perception"": 0, ""abstracting"": 0, ""divergent_thinking"": 0, ""analyzing"": 0, ""accepting"": 0, ""metacognitive_monitoring"": 0, ""self_questioning"": 0, ""emotion_valuing"": 0, ""remembering"": 0, ""zooming_out"": 0, ""evaluating"": 0, ""perspective_taking"": 0, ""emotion_responding"": 0, ""attentional_deployment"": 0, ""updating_beliefs"": 1, ""situation_modification"": 0, ""creating"": 0, ""situation_selection"": 0, ""concretizing"": 0, ""emotion_characterizing"": 0, ""zooming_in"": 0, ""noticing"": 0, ""emotion_management"": 0, ""pattern_recognition"": 0, ""reframing"": 0, ""convergent_thinking"": -5, ""connecting"": 0, ""metacognitive_regulation"": 0, ""emotional_reappraisal"": 3, ""reconsidering"": 0, ""analogical_thinking"": 0, ""understanding"": 1, ""distinguishing"": 0, ""cognition_awareness"": 0, ""suspending_judgment"": 0, ""questioning"": -1, ""emotion_understanding"": 0, ""meta_awareness"": 0, ""response_modulation"": 0, ""applying"": 0, ""emotion_facilitation"": 0, ""emotion_receiving"": 0}",False
"Juanita is a skilled chef who owns a small restaurant in Mexico. Today, she wants to prepare her signature dish, chiles en nogada, for a group of tourists. Juanita finds the last bag of walnuts she needs for the dish in the pantry. While Juanita is busy cutting vegetables, a mouse sneaks into the pantry and nibbles on the walnuts, contaminating them. Juanita proceeds to prepare the dish using the walnuts.",Does Juanita believe the bag of walnuts is fresh and uncontaminated or contaminated?,Juanita believes the bag of walnuts is fresh and uncontaminated.,Juanita believes the bag of walnuts is contaminated.,"Contaminated.

Here's why: The story states a mouse ""nibbled on"" the walnuts and ""contaminated"" them. Juanita didn't notice this; she simply found the bag and used it.",False,"{""abstracting"": 0, ""accepting"": 0, ""analogical_thinking"": 0, ""analyzing"": 0, ""applying"": 0, ""attentional_deployment"": 0, ""cognition_awareness"": 0, ""concretizing"": 0, ""connecting"": 0, ""convergent_thinking"": 0, ""counterfactual_reasoning"": 0, ""creating"": 0, ""distinguishing"": 8, ""divergent_thinking"": 0, ""emotion_characterizing"": 0, ""emotion_facilitation"": 0, ""emotion_management"": 0, ""emotion_organizing"": 0, ""emotion_perception"": 1, ""emotion_receiving"": 0, ""emotion_responding"": 0, ""emotion_understanding"": 0, ""emotion_valuing"": 0, ""emotional_reappraisal"": 7, ""evaluating"": 0, ""hypothesis_generation"": 5, ""meta_awareness"": 0, ""metacognitive_monitoring"": 0, ""metacognitive_regulation"": 0, ""noticing"": 0, ""pattern_recognition"": 0, ""perspective_taking"": 0, ""questioning"": 3, ""reconsidering"": 0, ""reframing"": 0, ""remembering"": 0, ""response_modulation"": 0, ""self_questioning"": 0, ""situation_modification"": 0, ""situation_selection"": 0, ""suspending_judgment"": 0, ""understanding"": 0, ""updating_beliefs"": 0, ""zooming_in"": 0, ""zooming_out"": 0}","{""abstracting"": 0, ""accepting"": 0, ""analogical_thinking"": 0, ""analyzing"": 0, ""applying"": 0, ""attentional_deployment"": 0, ""cognition_awareness"": 0, ""concretizing"": 0, ""connecting"": 0, ""convergent_thinking"": 5, ""counterfactual_reasoning"": 0, ""creating"": 0, ""distinguishing"": 9, ""divergent_thinking"": 0, ""emotion_characterizing"": 0, ""emotion_facilitation"": 0, ""emotion_management"": 0, ""emotion_organizing"": 0, ""emotion_perception"": 0, ""emotion_receiving"": 0, ""emotion_responding"": 0, ""emotion_understanding"": 0, ""emotion_valuing"": 0, ""emotional_reappraisal"": 0, ""evaluating"": 0, ""hypothesis_generation"": 0, ""meta_awareness"": 0, ""metacognitive_monitoring"": 0, ""metacognitive_regulation"": 0, ""noticing"": 0, ""pattern_recognition"": 0, ""perspective_taking"": 0, ""questioning"": 4, ""reconsidering"": 0, ""reframing"": 0, ""remembering"": 0, ""response_modulation"": 0, ""self_questioning"": 0, ""situation_modification"": 0, ""situation_selection"": 0, ""suspending_judgment"": 0, ""understanding"": 3, ""updating_beliefs"": 0, ""zooming_in"": 0, ""zooming_out"": 0}","Juanita believes the bag of walnuts is fresh and uncontaminated. She hasn't discovered the mouse's tampering and, having just located the last crucial ingredient, she’s likely to assume it’s perfect for her renowned dish. 

Therefore, the answer is: **fresh and uncontaminated**.",True,"{""abstracting"": 0, ""accepting"": 0, ""analogical_thinking"": 0, ""analyzing"": 0, ""applying"": 0, ""attentional_deployment"": 0, ""cognition_awareness"": 0, ""concretizing"": 0, ""connecting"": 0, ""convergent_thinking"": 0, ""counterfactual_reasoning"": 0, ""creating"": 0, ""distinguishing"": 8, ""divergent_thinking"": 0, ""emotion_characterizing"": 0, ""emotion_facilitation"": 0, ""emotion_management"": 0, ""emotion_organizing"": 0, ""emotion_perception"": 1, ""emotion_receiving"": 0, ""emotion_responding"": 1, ""emotion_understanding"": 0, ""emotion_valuing"": 0, ""emotional_reappraisal"": 7, ""evaluating"": 0, ""hypothesis_generation"": 5, ""meta_awareness"": 0, ""metacognitive_monitoring"": 0, ""metacognitive_regulation"": 0, ""noticing"": 0, ""pattern_recognition"": 0, ""perspective_taking"": 0, ""questioning"": 2, ""reconsidering"": 0, ""reframing"": 0, ""remembering"": 0, ""response_modulation"": 0, ""self_questioning"": 0, ""situation_modification"": 0, ""situation_selection"": 0, ""suspending_judgment"": 0, ""understanding"": 0, ""updating_beliefs"": 0, ""zooming_in"": 0, ""zooming_out"": 0}","{""abstracting"": 0, ""accepting"": 0, ""analogical_thinking"": 0, ""analyzing"": 0, ""applying"": 0, ""attentional_deployment"": 0, ""cognition_awareness"": 0, ""concretizing"": 0, ""connecting"": 0, ""convergent_thinking"": 4, ""counterfactual_reasoning"": 0, ""creating"": 0, ""distinguishing"": 4, ""divergent_thinking"": 0, ""emotion_characterizing"": 0, ""emotion_facilitation"": 0, ""emotion_management"": 0, ""emotion_organizing"": 0, ""emotion_perception"": 0, ""emotion_receiving"": 0, ""emotion_responding"": 0, ""emotion_understanding"": 1, ""emotion_valuing"": 0, ""emotional_reappraisal"": 4, ""evaluating"": 0, ""hypothesis_generation"": 1, ""meta_awareness"": 0, ""metacognitive_monitoring"": 0, ""metacognitive_regulation"": 0, ""noticing"": 0, ""pattern_recognition"": 0, ""perspective_taking"": 1, ""questioning"": 1, ""reconsidering"": 0, ""reframing"": 0, ""remembering"": 0, ""response_modulation"": 0, ""self_questioning"": 0, ""situation_modification"": 0, ""situation_selection"": 0, ""suspending_judgment"": 0, ""understanding"": 0, ""updating_beliefs"": 0, ""zooming_in"": 0, ""zooming_out"": 0}","{""emotion_organizing"": 0, ""counterfactual_reasoning"": 0, ""hypothesis_generation"": 0, ""emotion_perception"": 0, ""abstracting"": 0, ""divergent_thinking"": 0, ""analyzing"": 0, ""accepting"": 0, ""metacognitive_monitoring"": 0, ""self_questioning"": 0, ""emotion_valuing"": 0, ""remembering"": 0, ""zooming_out"": 0, ""evaluating"": 0, ""perspective_taking"": 0, ""emotion_responding"": 1, ""attentional_deployment"": 0, ""updating_beliefs"": 0, ""situation_modification"": 0, ""creating"": 0, ""situation_selection"": 0, ""concretizing"": 0, ""emotion_characterizing"": 0, ""zooming_in"": 0, ""noticing"": 0, ""emotion_management"": 0, ""pattern_recognition"": 0, ""reframing"": 0, ""convergent_thinking"": 0, ""connecting"": 0, ""metacognitive_regulation"": 0, ""emotional_reappraisal"": 0, ""reconsidering"": 0, ""analogical_thinking"": 0, ""understanding"": 0, ""distinguishing"": 0, ""cognition_awareness"": 0, ""suspending_judgment"": 0, ""questioning"": -1, ""emotion_understanding"": 0, ""meta_awareness"": 0, ""response_modulation"": 0, ""applying"": 0, ""emotion_facilitation"": 0, ""emotion_receiving"": 0}","{""emotion_organizing"": 0, ""counterfactual_reasoning"": 0, ""hypothesis_generation"": 1, ""emotion_perception"": 0, ""abstracting"": 0, ""divergent_thinking"": 0, ""analyzing"": 0, ""accepting"": 0, ""metacognitive_monitoring"": 0, ""self_questioning"": 0, ""emotion_valuing"": 0, ""remembering"": 0, ""zooming_out"": 0, ""evaluating"": 0, ""perspective_taking"": 1, ""emotion_responding"": 0, ""attentional_deployment"": 0, ""updating_beliefs"": 0, ""situation_modification"": 0, ""creating"": 0, ""situation_selection"": 0, ""concretizing"": 0, ""emotion_characterizing"": 0, ""zooming_in"": 0, ""noticing"": 0, ""emotion_management"": 0, ""pattern_recognition"": 0, ""reframing"": 0, ""convergent_thinking"": -1, ""connecting"": 0, ""metacognitive_regulation"": 0, ""emotional_reappraisal"": 4, ""reconsidering"": 0, ""analogical_thinking"": 0, ""understanding"": -3, ""distinguishing"": -5, ""cognition_awareness"": 0, ""suspending_judgment"": 0, ""questioning"": -3, ""emotion_understanding"": 1, ""meta_awareness"": 0, ""response_modulation"": 0, ""applying"": 0, ""emotion_facilitation"": 0, ""emotion_receiving"": 0}",True
"Mei is a talented cook who decides to participate in a local cooking competition. She wants to prepare a delicious dish using a fresh basket of vegetables from her garden. Mei sees that the vegetables are freshly picked and vibrant. Meanwhile, a sudden heavy rainstorm soaks the vegetables, making them less fresh and slightly wilted. Mei starts preparing the dish using the fresh vegetables.",Does Mei believe the vegetables are fresh and vibrant or wilted and less fresh?,Mei believes the vegetables are fresh and vibrant.,Mei believes the vegetables are wilted and less fresh.,"Wilted and less fresh. 

The story explicitly states that the rainstorm ""soaked the vegetables, making them less fresh and slightly wilted."" Despite initially seeing them as fresh and vibrant, the storm changed their condition.",False,"{""abstracting"": 0, ""accepting"": 0, ""analogical_thinking"": 0, ""analyzing"": 0, ""applying"": 0, ""attentional_deployment"": 0, ""cognition_awareness"": 0, ""concretizing"": 0, ""connecting"": 0, ""convergent_thinking"": 0, ""counterfactual_reasoning"": 0, ""creating"": 0, ""distinguishing"": 7, ""divergent_thinking"": 0, ""emotion_characterizing"": 0, ""emotion_facilitation"": 0, ""emotion_management"": 0, ""emotion_organizing"": 1, ""emotion_perception"": 1, ""emotion_receiving"": 0, ""emotion_responding"": 0, ""emotion_understanding"": 0, ""emotion_valuing"": 0, ""emotional_reappraisal"": 9, ""evaluating"": 0, ""hypothesis_generation"": 4, ""meta_awareness"": 0, ""metacognitive_monitoring"": 0, ""metacognitive_regulation"": 0, ""noticing"": 0, ""pattern_recognition"": 0, ""perspective_taking"": 0, ""questioning"": 1, ""reconsidering"": 0, ""reframing"": 1, ""remembering"": 0, ""response_modulation"": 0, ""self_questioning"": 0, ""situation_modification"": 1, ""situation_selection"": 0, ""suspending_judgment"": 0, ""understanding"": 0, ""updating_beliefs"": 0, ""zooming_in"": 0, ""zooming_out"": 0}","{""abstracting"": 0, ""accepting"": 0, ""analogical_thinking"": 0, ""analyzing"": 0, ""applying"": 0, ""attentional_deployment"": 0, ""cognition_awareness"": 0, ""concretizing"": 0, ""connecting"": 0, ""convergent_thinking"": 0, ""counterfactual_reasoning"": 0, ""creating"": 0, ""distinguishing"": 4, ""divergent_thinking"": 0, ""emotion_characterizing"": 0, ""emotion_facilitation"": 0, ""emotion_management"": 0, ""emotion_organizing"": 0, ""emotion_perception"": 0, ""emotion_receiving"": 0, ""emotion_responding"": 0, ""emotion_understanding"": 0, ""emotion_valuing"": 0, ""emotional_reappraisal"": 2, ""evaluating"": 0, ""hypothesis_generation"": 0, ""meta_awareness"": 0, ""metacognitive_monitoring"": 0, ""metacognitive_regulation"": 0, ""noticing"": 0, ""pattern_recognition"": 0, ""perspective_taking"": 0, ""questioning"": 2, ""reconsidering"": 0, ""reframing"": 0, ""remembering"": 0, ""response_modulation"": 0, ""self_questioning"": 0, ""situation_modification"": 0, ""situation_selection"": 0, ""suspending_judgment"": 0, ""understanding"": 2, ""updating_beliefs"": 0, ""zooming_in"": 0, ""zooming_out"": 0}","Initially, Mei believes the vegetables are fresh and vibrant. However, the rainstorm reveals that they’ve become wilted and less fresh. 

Therefore, the most accurate answer is: **Initially, she believes they are fresh and vibrant, but the rainstorm reveals they are now wilted and less fresh.**",False,"{""abstracting"": 0, ""accepting"": 0, ""analogical_thinking"": 0, ""analyzing"": 0, ""applying"": 0, ""attentional_deployment"": 0, ""cognition_awareness"": 0, ""concretizing"": 0, ""connecting"": 0, ""convergent_thinking"": 0, ""counterfactual_reasoning"": 0, ""creating"": 0, ""distinguishing"": 7, ""divergent_thinking"": 0, ""emotion_characterizing"": 0, ""emotion_facilitation"": 0, ""emotion_management"": 0, ""emotion_organizing"": 2, ""emotion_perception"": 1, ""emotion_receiving"": 0, ""emotion_responding"": 0, ""emotion_understanding"": 0, ""emotion_valuing"": 0, ""emotional_reappraisal"": 9, ""evaluating"": 0, ""hypothesis_generation"": 4, ""meta_awareness"": 0, ""metacognitive_monitoring"": 0, ""metacognitive_regulation"": 0, ""noticing"": 0, ""pattern_recognition"": 0, ""perspective_taking"": 0, ""questioning"": 0, ""reconsidering"": 0, ""reframing"": 1, ""remembering"": 1, ""response_modulation"": 0, ""self_questioning"": 0, ""situation_modification"": 1, ""situation_selection"": 0, ""suspending_judgment"": 0, ""understanding"": 0, ""updating_beliefs"": 0, ""zooming_in"": 0, ""zooming_out"": 0}","{""abstracting"": 0, ""accepting"": 0, ""analogical_thinking"": 0, ""analyzing"": 0, ""applying"": 0, ""attentional_deployment"": 0, ""cognition_awareness"": 0, ""concretizing"": 0, ""connecting"": 0, ""convergent_thinking"": 3, ""counterfactual_reasoning"": 0, ""creating"": 0, ""distinguishing"": 6, ""divergent_thinking"": 0, ""emotion_characterizing"": 0, ""emotion_facilitation"": 0, ""emotion_management"": 0, ""emotion_organizing"": 2, ""emotion_perception"": 0, ""emotion_receiving"": 0, ""emotion_responding"": 0, ""emotion_understanding"": 0, ""emotion_valuing"": 0, ""emotional_reappraisal"": 5, ""evaluating"": 0, ""hypothesis_generation"": 0, ""meta_awareness"": 0, ""metacognitive_monitoring"": 0, ""metacognitive_regulation"": 0, ""noticing"": 0, ""pattern_recognition"": 0, ""perspective_taking"": 0, ""questioning"": 0, ""reconsidering"": 0, ""reframing"": 0, ""remembering"": 1, ""response_modulation"": 0, ""self_questioning"": 0, ""situation_modification"": 0, ""situation_selection"": 0, ""suspending_judgment"": 0, ""understanding"": 0, ""updating_beliefs"": 2, ""zooming_in"": 0, ""zooming_out"": 0}","{""emotion_organizing"": 1, ""counterfactual_reasoning"": 0, ""hypothesis_generation"": 0, ""emotion_perception"": 0, ""abstracting"": 0, ""divergent_thinking"": 0, ""analyzing"": 0, ""accepting"": 0, ""metacognitive_monitoring"": 0, ""self_questioning"": 0, ""emotion_valuing"": 0, ""remembering"": 1, ""zooming_out"": 0, ""evaluating"": 0, ""perspective_taking"": 0, ""emotion_responding"": 0, ""attentional_deployment"": 0, ""updating_beliefs"": 0, ""situation_modification"": 0, ""creating"": 0, ""situation_selection"": 0, ""concretizing"": 0, ""emotion_characterizing"": 0, ""zooming_in"": 0, ""noticing"": 0, ""emotion_management"": 0, ""pattern_recognition"": 0, ""reframing"": 0, ""convergent_thinking"": 0, ""connecting"": 0, ""metacognitive_regulation"": 0, ""emotional_reappraisal"": 0, ""reconsidering"": 0, ""analogical_thinking"": 0, ""understanding"": 0, ""distinguishing"": 0, ""cognition_awareness"": 0, ""suspending_judgment"": 0, ""questioning"": -1, ""emotion_understanding"": 0, ""meta_awareness"": 0, ""response_modulation"": 0, ""applying"": 0, ""emotion_facilitation"": 0, ""emotion_receiving"": 0}","{""emotion_organizing"": 2, ""counterfactual_reasoning"": 0, ""hypothesis_generation"": 0, ""emotion_perception"": 0, ""abstracting"": 0, ""divergent_thinking"": 0, ""analyzing"": 0, ""accepting"": 0, ""metacognitive_monitoring"": 0, ""self_questioning"": 0, ""emotion_valuing"": 0, ""remembering"": 1, ""zooming_out"": 0, ""evaluating"": 0, ""perspective_taking"": 0, ""emotion_responding"": 0, ""attentional_deployment"": 0, ""updating_beliefs"": 2, ""situation_modification"": 0, ""creating"": 0, ""situation_selection"": 0, ""concretizing"": 0, ""emotion_characterizing"": 0, ""zooming_in"": 0, ""noticing"": 0, ""emotion_management"": 0, ""pattern_recognition"": 0, ""reframing"": 0, ""convergent_thinking"": 3, ""connecting"": 0, ""metacognitive_regulation"": 0, ""emotional_reappraisal"": 3, ""reconsidering"": 0, ""analogical_thinking"": 0, ""understanding"": -2, ""distinguishing"": 2, ""cognition_awareness"": 0, ""suspending_judgment"": 0, ""questioning"": -2, ""emotion_understanding"": 0, ""meta_awareness"": 0, ""response_modulation"": 0, ""applying"": 0, ""emotion_facilitation"": 0, ""emotion_receiving"": 0}",False
"Cheng is a teacher in a rural Chinese village. Cheng wants to use a projector to show a documentary about Chinese history to his students. The projector is plugged in and turned on, as Cheng has prepared it beforehand. As the wind blows outside, the power goes out, causing the projector to turn off. Cheng starts playing the documentary using the projector.",Does Cheng believe the projector is ready to use or turned off?,Cheng believes the projector is ready to use.,Cheng believes the projector is turned off.,"The answer is **turned off**.

The story states the projector ""turns off"" immediately after the wind blows and the power goes out. Cheng is actively trying to *use* it, so it wouldn't be ready.",True,"{""abstracting"": 0, ""accepting"": 0, ""analogical_thinking"": 0, ""analyzing"": 0, ""applying"": 0, ""attentional_deployment"": 0, ""cognition_awareness"": 0, ""concretizing"": 0, ""connecting"": 0, ""convergent_thinking"": 0, ""counterfactual_reasoning"": 0, ""creating"": 0, ""distinguishing"": 5, ""divergent_thinking"": 0, ""emotion_characterizing"": 0, ""emotion_facilitation"": 0, ""emotion_management"": 0, ""emotion_organizing"": 0, ""emotion_perception"": 1, ""emotion_receiving"": 0, ""emotion_responding"": 0, ""emotion_understanding"": 0, ""emotion_valuing"": 0, ""emotional_reappraisal"": 8, ""evaluating"": 0, ""hypothesis_generation"": 3, ""meta_awareness"": 0, ""metacognitive_monitoring"": 1, ""metacognitive_regulation"": 0, ""noticing"": 0, ""pattern_recognition"": 0, ""perspective_taking"": 0, ""questioning"": 2, ""reconsidering"": 0, ""reframing"": 0, ""remembering"": 0, ""response_modulation"": 0, ""self_questioning"": 0, ""situation_modification"": 1, ""situation_selection"": 0, ""suspending_judgment"": 0, ""understanding"": 0, ""updating_beliefs"": 0, ""zooming_in"": 0, ""zooming_out"": 0}","{""abstracting"": 0, ""accepting"": 0, ""analogical_thinking"": 0, ""analyzing"": 0, ""applying"": 0, ""attentional_deployment"": 0, ""cognition_awareness"": 0, ""concretizing"": 0, ""connecting"": 0, ""convergent_thinking"": 4, ""counterfactual_reasoning"": 0, ""creating"": 0, ""distinguishing"": 8, ""divergent_thinking"": 0, ""emotion_characterizing"": 0, ""emotion_facilitation"": 0, ""emotion_management"": 0, ""emotion_organizing"": 0, ""emotion_perception"": 1, ""emotion_receiving"": 0, ""emotion_responding"": 0, ""emotion_understanding"": 1, ""emotion_valuing"": 0, ""emotional_reappraisal"": 5, ""evaluating"": 0, ""hypothesis_generation"": 1, ""meta_awareness"": 0, ""metacognitive_monitoring"": 0, ""metacognitive_regulation"": 0, ""noticing"": 1, ""pattern_recognition"": 0, ""perspective_taking"": 0, ""questioning"": 1, ""reconsidering"": 0, ""reframing"": 0, ""remembering"": 0, ""response_modulation"": 0, ""self_questioning"": 0, ""situation_modification"": 0, ""situation_selection"": 0, ""suspending_judgment"": 0, ""understanding"": 4, ""updating_beliefs"": 0, ""zooming_in"": 0, ""zooming_out"": 0}","The answer is: **The projector is turned off.**

The narrative explicitly states, ""As the wind blows outside, the power goes out, causing the projector to turn off."" This establishes the projector's state immediately after the power outage. While Cheng had prepared it beforehand, the subsequent event confirms it’s currently inactive.",False,"{""abstracting"": 0, ""accepting"": 0, ""analogical_thinking"": 0, ""analyzing"": 0, ""applying"": 0, ""attentional_deployment"": 0, ""cognition_awareness"": 0, ""concretizing"": 0, ""connecting"": 0, ""convergent_thinking"": 0, ""counterfactual_reasoning"": 0, ""creating"": 0, ""distinguishing"": 5, ""divergent_thinking"": 0, ""emotion_characterizing"": 0, ""emotion_facilitation"": 0, ""emotion_management"": 0, ""emotion_organizing"": 1, ""emotion_perception"": 1, ""emotion_receiving"": 0, ""emotion_responding"": 0, ""emotion_understanding"": 1, ""emotion_valuing"": 0, ""emotional_reappraisal"": 8, ""evaluating"": 0, ""hypothesis_generation"": 3, ""meta_awareness"": 0, ""metacognitive_monitoring"": 1, ""metacognitive_regulation"": 0, ""noticing"": 0, ""pattern_recognition"": 0, ""perspective_taking"": 0, ""questioning"": 1, ""reconsidering"": 0, ""reframing"": 0, ""remembering"": 0, ""response_modulation"": 0, ""self_questioning"": 0, ""situation_modification"": 1, ""situation_selection"": 0, ""suspending_judgment"": 0, ""understanding"": 1, ""updating_beliefs"": 0, ""zooming_in"": 0, ""zooming_out"": 0}","{""abstracting"": 0, ""accepting"": 0, ""analogical_thinking"": 0, ""analyzing"": 0, ""applying"": 0, ""attentional_deployment"": 0, ""cognition_awareness"": 0, ""concretizing"": 0, ""connecting"": 0, ""convergent_thinking"": 2, ""counterfactual_reasoning"": 0, ""creating"": 0, ""distinguishing"": 8, ""divergent_thinking"": 0, ""emotion_characterizing"": 0, ""emotion_facilitation"": 0, ""emotion_management"": 0, ""emotion_organizing"": 0, ""emotion_perception"": 1, ""emotion_receiving"": 0, ""emotion_responding"": 0, ""emotion_understanding"": 1, ""emotion_valuing"": 0, ""emotional_reappraisal"": 1, ""evaluating"": 0, ""hypothesis_generation"": 1, ""meta_awareness"": 0, ""metacognitive_monitoring"": 0, ""metacognitive_regulation"": 0, ""noticing"": 1, ""pattern_recognition"": 0, ""perspective_taking"": 0, ""questioning"": 0, ""reconsidering"": 0, ""reframing"": 0, ""remembering"": 0, ""response_modulation"": 0, ""self_questioning"": 0, ""situation_modification"": 0, ""situation_selection"": 0, ""suspending_judgment"": 0, ""understanding"": 2, ""updating_beliefs"": 2, ""zooming_in"": 0, ""zooming_out"": 0}","{""emotion_organizing"": 1, ""counterfactual_reasoning"": 0, ""hypothesis_generation"": 0, ""emotion_perception"": 0, ""abstracting"": 0, ""divergent_thinking"": 0, ""analyzing"": 0, ""accepting"": 0, ""metacognitive_monitoring"": 0, ""self_questioning"": 0, ""emotion_valuing"": 0, ""remembering"": 0, ""zooming_out"": 0, ""evaluating"": 0, ""perspective_taking"": 0, ""emotion_responding"": 0, ""attentional_deployment"": 0, ""updating_beliefs"": 0, ""situation_modification"": 0, ""creating"": 0, ""situation_selection"": 0, ""concretizing"": 0, ""emotion_characterizing"": 0, ""zooming_in"": 0, ""noticing"": 0, ""emotion_management"": 0, ""pattern_recognition"": 0, ""reframing"": 0, ""convergent_thinking"": 0, ""connecting"": 0, ""metacognitive_regulation"": 0, ""emotional_reappraisal"": 0, ""reconsidering"": 0, ""analogical_thinking"": 0, ""understanding"": 1, ""distinguishing"": 0, ""cognition_awareness"": 0, ""suspending_judgment"": 0, ""questioning"": -1, ""emotion_understanding"": 1, ""meta_awareness"": 0, ""response_modulation"": 0, ""applying"": 0, ""emotion_facilitation"": 0, ""emotion_receiving"": 0}","{""emotion_organizing"": 0, ""counterfactual_reasoning"": 0, ""hypothesis_generation"": 0, ""emotion_perception"": 0, ""abstracting"": 0, ""divergent_thinking"": 0, ""analyzing"": 0, ""accepting"": 0, ""metacognitive_monitoring"": 0, ""self_questioning"": 0, ""emotion_valuing"": 0, ""remembering"": 0, ""zooming_out"": 0, ""evaluating"": 0, ""perspective_taking"": 0, ""emotion_responding"": 0, ""attentional_deployment"": 0, ""updating_beliefs"": 2, ""situation_modification"": 0, ""creating"": 0, ""situation_selection"": 0, ""concretizing"": 0, ""emotion_characterizing"": 0, ""zooming_in"": 0, ""noticing"": 0, ""emotion_management"": 0, ""pattern_recognition"": 0, ""reframing"": 0, ""convergent_thinking"": -2, ""connecting"": 0, ""metacognitive_regulation"": 0, ""emotional_reappraisal"": -4, ""reconsidering"": 0, ""analogical_thinking"": 0, ""understanding"": -2, ""distinguishing"": 0, ""cognition_awareness"": 0, ""suspending_judgment"": 0, ""questioning"": -1, ""emotion_understanding"": 0, ""meta_awareness"": 0, ""response_modulation"": 0, ""applying"": 0, ""emotion_facilitation"": 0, ""emotion_receiving"": 0}",False
"Jia is a botanist visiting a beautiful botanical garden in China. Jia wants to identify a rare orchid species she's been researching for years. Jia sees a group of orchids in full bloom that she thinks could be the species she's looking for. A sudden gust of wind blows through the garden, causing some petals from a nearby tree to fall and cover the orchids, making them look like a completely different species. Jia takes photos of the orchids for her research.",Does Jia believe the orchids are the rare species she's been researching or a different species?,Jia believes the orchids are a different species.,Jia believes the orchids could still be the rare species she's been researching.,"Jia believes the orchids are *potentially* the rare species she’s been researching, but she’s also taking photos of them. The wind and falling petals have obscured their true appearance, so she hasn’t definitively confirmed it yet. She’s gathering evidence (photos) to help her determine if they match her research. 

So the best answer is: **She believes they *could* be the rare species, and is documenting them to investigate further.**",False,"{""abstracting"": 0, ""accepting"": 0, ""analogical_thinking"": 0, ""analyzing"": 0, ""applying"": 0, ""attentional_deployment"": 0, ""cognition_awareness"": 0, ""concretizing"": 0, ""connecting"": 0, ""convergent_thinking"": 0, ""counterfactual_reasoning"": 0, ""creating"": 0, ""distinguishing"": 5, ""divergent_thinking"": 0, ""emotion_characterizing"": 0, ""emotion_facilitation"": 0, ""emotion_management"": 0, ""emotion_organizing"": 0, ""emotion_perception"": 1, ""emotion_receiving"": 0, ""emotion_responding"": 0, ""emotion_understanding"": 0, ""emotion_valuing"": 0, ""emotional_reappraisal"": 6, ""evaluating"": 0, ""hypothesis_generation"": 4, ""meta_awareness"": 0, ""metacognitive_monitoring"": 1, ""metacognitive_regulation"": 0, ""noticing"": 0, ""pattern_recognition"": 0, ""perspective_taking"": 0, ""questioning"": 2, ""reconsidering"": 0, ""reframing"": 0, ""remembering"": 0, ""response_modulation"": 0, ""self_questioning"": 0, ""situation_modification"": 0, ""situation_selection"": 0, ""suspending_judgment"": 0, ""understanding"": 0, ""updating_beliefs"": 0, ""zooming_in"": 0, ""zooming_out"": 0}","{""abstracting"": 0, ""accepting"": 0, ""analogical_thinking"": 0, ""analyzing"": 0, ""applying"": 0, ""attentional_deployment"": 0, ""cognition_awareness"": 0, ""concretizing"": 0, ""connecting"": 0, ""convergent_thinking"": 7, ""counterfactual_reasoning"": 0, ""creating"": 0, ""distinguishing"": 3, ""divergent_thinking"": 1, ""emotion_characterizing"": 0, ""emotion_facilitation"": 0, ""emotion_management"": 0, ""emotion_organizing"": 0, ""emotion_perception"": 0, ""emotion_receiving"": 0, ""emotion_responding"": 0, ""emotion_understanding"": 1, ""emotion_valuing"": 0, ""emotional_reappraisal"": 1, ""evaluating"": 0, ""hypothesis_generation"": 0, ""meta_awareness"": 0, ""metacognitive_monitoring"": 0, ""metacognitive_regulation"": 0, ""noticing"": 0, ""pattern_recognition"": 0, ""perspective_taking"": 0, ""questioning"": 0, ""reconsidering"": 0, ""reframing"": 0, ""remembering"": 0, ""response_modulation"": 0, ""self_questioning"": 0, ""situation_modification"": 0, ""situation_selection"": 0, ""suspending_judgment"": 0, ""understanding"": 1, ""updating_beliefs"": 0, ""zooming_in"": 0, ""zooming_out"": 0}","Jia initially believes the orchids are the rare species she’s been researching, but the sudden gust of wind and the subsequent covering of petals reveals that they are, in fact, a different species. She meticulously photographs them for her research, suggesting she’s now focused on documenting and analyzing the newly revealed species, rather than the one she initially suspected. 

Therefore, the most accurate answer is: **She initially believes they are, but after the wind, she recognizes them as a different species",True,"{""abstracting"": 0, ""accepting"": 0, ""analogical_thinking"": 0, ""analyzing"": 0, ""applying"": 0, ""attentional_deployment"": 0, ""cognition_awareness"": 0, ""concretizing"": 0, ""connecting"": 0, ""convergent_thinking"": 0, ""counterfactual_reasoning"": 0, ""creating"": 0, ""distinguishing"": 5, ""divergent_thinking"": 0, ""emotion_characterizing"": 0, ""emotion_facilitation"": 0, ""emotion_management"": 0, ""emotion_organizing"": 1, ""emotion_perception"": 0, ""emotion_receiving"": 0, ""emotion_responding"": 1, ""emotion_understanding"": 0, ""emotion_valuing"": 0, ""emotional_reappraisal"": 6, ""evaluating"": 0, ""hypothesis_generation"": 4, ""meta_awareness"": 0, ""metacognitive_monitoring"": 1, ""metacognitive_regulation"": 0, ""noticing"": 0, ""pattern_recognition"": 0, ""perspective_taking"": 0, ""questioning"": 1, ""reconsidering"": 0, ""reframing"": 0, ""remembering"": 0, ""response_modulation"": 0, ""self_questioning"": 0, ""situation_modification"": 0, ""situation_selection"": 0, ""suspending_judgment"": 0, ""understanding"": 0, ""updating_beliefs"": 0, ""zooming_in"": 0, ""zooming_out"": 0}","{""abstracting"": 0, ""accepting"": 0, ""analogical_thinking"": 0, ""analyzing"": 0, ""applying"": 0, ""attentional_deployment"": 0, ""cognition_awareness"": 0, ""concretizing"": 0, ""connecting"": 0, ""convergent_thinking"": 6, ""counterfactual_reasoning"": 0, ""creating"": 0, ""distinguishing"": 6, ""divergent_thinking"": 0, ""emotion_characterizing"": 0, ""emotion_facilitation"": 0, ""emotion_management"": 0, ""emotion_organizing"": 1, ""emotion_perception"": 0, ""emotion_receiving"": 0, ""emotion_responding"": 0, ""emotion_understanding"": 0, ""emotion_valuing"": 0, ""emotional_reappraisal"": 2, ""evaluating"": 0, ""hypothesis_generation"": 1, ""meta_awareness"": 0, ""metacognitive_monitoring"": 0, ""metacognitive_regulation"": 0, ""noticing"": 0, ""pattern_recognition"": 0, ""perspective_taking"": 0, ""questioning"": 0, ""reconsidering"": 0, ""reframing"": 0, ""remembering"": 0, ""response_modulation"": 0, ""self_questioning"": 0, ""situation_modification"": 0, ""situation_selection"": 0, ""suspending_judgment"": 0, ""understanding"": 1, ""updating_beliefs"": 3, ""zooming_in"": 0, ""zooming_out"": 0}","{""emotion_organizing"": 1, ""counterfactual_reasoning"": 0, ""hypothesis_generation"": 0, ""emotion_perception"": -1, ""abstracting"": 0, ""divergent_thinking"": 0, ""analyzing"": 0, ""accepting"": 0, ""metacognitive_monitoring"": 0, ""self_questioning"": 0, ""emotion_valuing"": 0, ""remembering"": 0, ""zooming_out"": 0, ""evaluating"": 0, ""perspective_taking"": 0, ""emotion_responding"": 1, ""attentional_deployment"": 0, ""updating_beliefs"": 0, ""situation_modification"": 0, ""creating"": 0, ""situation_selection"": 0, ""concretizing"": 0, ""emotion_characterizing"": 0, ""zooming_in"": 0, ""noticing"": 0, ""emotion_management"": 0, ""pattern_recognition"": 0, ""reframing"": 0, ""convergent_thinking"": 0, ""connecting"": 0, ""metacognitive_regulation"": 0, ""emotional_reappraisal"": 0, ""reconsidering"": 0, ""analogical_thinking"": 0, ""understanding"": 0, ""distinguishing"": 0, ""cognition_awareness"": 0, ""suspending_judgment"": 0, ""questioning"": -1, ""emotion_understanding"": 0, ""meta_awareness"": 0, ""response_modulation"": 0, ""applying"": 0, ""emotion_facilitation"": 0, ""emotion_receiving"": 0}","{""emotion_organizing"": 1, ""counterfactual_reasoning"": 0, ""hypothesis_generation"": 1, ""emotion_perception"": 0, ""abstracting"": 0, ""divergent_thinking"": -1, ""analyzing"": 0, ""accepting"": 0, ""metacognitive_monitoring"": 0, ""self_questioning"": 0, ""emotion_valuing"": 0, ""remembering"": 0, ""zooming_out"": 0, ""evaluating"": 0, ""perspective_taking"": 0, ""emotion_responding"": 0, ""attentional_deployment"": 0, ""updating_beliefs"": 3, ""situation_modification"": 0, ""creating"": 0, ""situation_selection"": 0, ""concretizing"": 0, ""emotion_characterizing"": 0, ""zooming_in"": 0, ""noticing"": 0, ""emotion_management"": 0, ""pattern_recognition"": 0, ""reframing"": 0, ""convergent_thinking"": -1, ""connecting"": 0, ""metacognitive_regulation"": 0, ""emotional_reappraisal"": 1, ""reconsidering"": 0, ""analogical_thinking"": 0, ""understanding"": 0, ""distinguishing"": 3, ""cognition_awareness"": 0, ""suspending_judgment"": 0, ""questioning"": 0, ""emotion_understanding"": -1, ""meta_awareness"": 0, ""response_modulation"": 0, ""applying"": 0, ""emotion_facilitation"": 0, ""emotion_receiving"": 0}",True
"Isabela is a baker in a small Argentinian town known for its delicious pastries. Isabela wants to make a batch of alfajores, a traditional Argentinian dessert, for her bakery's customers. Isabela gets a bag of powdered sugar from her pantry to dust the alfajores. Her assistant, who was organizing the pantry earlier, accidentally placed a bag of flour in the powdered sugar's spot, and Isabela unknowingly grabs the bag of flour instead. Isabela dusts the alfajores with what she believes is powdered sugar.",Does Isabela believe the bag she took from the pantry contains powdered sugar or flour?,Isabela believes the bag she took from the pantry contains powdered sugar.,Isabela believes the bag she took from the pantry contains flour.,"Isabela believes the bag she took from the pantry contains powdered sugar. She grabbed it from where she usually gets the powdered sugar, and didn't notice the switch.",True,"{""abstracting"": 0, ""accepting"": 0, ""analogical_thinking"": 0, ""analyzing"": 0, ""applying"": 0, ""attentional_deployment"": 0, ""cognition_awareness"": 0, ""concretizing"": 0, ""connecting"": 0, ""convergent_thinking"": 0, ""counterfactual_reasoning"": 0, ""creating"": 0, ""distinguishing"": 7, ""divergent_thinking"": 0, ""emotion_characterizing"": 0, ""emotion_facilitation"": 0, ""emotion_management"": 0, ""emotion_organizing"": 0, ""emotion_perception"": 0, ""emotion_receiving"": 0, ""emotion_responding"": 0, ""emotion_understanding"": 0, ""emotion_valuing"": 0, ""emotional_reappraisal"": 8, ""evaluating"": 0, ""hypothesis_generation"": 5, ""meta_awareness"": 0, ""metacognitive_monitoring"": 0, ""metacognitive_regulation"": 0, ""noticing"": 0, ""pattern_recognition"": 0, ""perspective_taking"": 0, ""questioning"": 1, ""reconsidering"": 0, ""reframing"": 0, ""remembering"": 0, ""response_modulation"": 0, ""self_questioning"": 0, ""situation_modification"": 0, ""situation_selection"": 0, ""suspending_judgment"": 0, ""understanding"": 0, ""updating_beliefs"": 0, ""zooming_in"": 0, ""zooming_out"": 0}","{""abstracting"": 0, ""accepting"": 0, ""analogical_thinking"": 0, ""analyzing"": 0, ""applying"": 0, ""attentional_deployment"": 0, ""cognition_awareness"": 0, ""concretizing"": 0, ""connecting"": 0, ""convergent_thinking"": 3, ""counterfactual_reasoning"": 0, ""creating"": 0, ""distinguishing"": 6, ""divergent_thinking"": 0, ""emotion_characterizing"": 0, ""emotion_facilitation"": 0, ""emotion_management"": 0, ""emotion_organizing"": 0, ""emotion_perception"": 0, ""emotion_receiving"": 0, ""emotion_responding"": 0, ""emotion_understanding"": 0, ""emotion_valuing"": 0, ""emotional_reappraisal"": 5, ""evaluating"": 0, ""hypothesis_generation"": 1, ""meta_awareness"": 0, ""metacognitive_monitoring"": 0, ""metacognitive_regulation"": 0, ""noticing"": 0, ""pattern_recognition"": 0, ""perspective_taking"": 0, ""questioning"": 1, ""reconsidering"": 0, ""reframing"": 0, ""remembering"": 0, ""response_modulation"": 0, ""self_questioning"": 0, ""situation_modification"": 0, ""situation_selection"": 0, ""suspending_judgment"": 0, ""understanding"": 2, ""updating_beliefs"": 2, ""zooming_in"": 0, ""zooming_out"": 0}","Isabela believes the bag she took from the pantry contains powdered sugar. She’s using it to dust the alfajores, and has no prior knowledge of the substitution.",True,"{""abstracting"": 0, ""accepting"": 0, ""analogical_thinking"": 0, ""analyzing"": 0, ""applying"": 0, ""attentional_deployment"": 0, ""cognition_awareness"": 0, ""concretizing"": 0, ""connecting"": 0, ""convergent_thinking"": 0, ""counterfactual_reasoning"": 0, ""creating"": 0, ""distinguishing"": 7, ""divergent_thinking"": 0, ""emotion_characterizing"": 0, ""emotion_facilitation"": 0, ""emotion_management"": 0, ""emotion_organizing"": 0, ""emotion_perception"": 0, ""emotion_receiving"": 0, ""emotion_responding"": 0, ""emotion_understanding"": 0, ""emotion_valuing"": 0, ""emotional_reappraisal"": 7, ""evaluating"": 0, ""hypothesis_generation"": 5, ""meta_awareness"": 0, ""metacognitive_monitoring"": 0, ""metacognitive_regulation"": 0, ""noticing"": 0, ""pattern_recognition"": 0, ""perspective_taking"": 0, ""questioning"": 1, ""reconsidering"": 0, ""reframing"": 0, ""remembering"": 0, ""response_modulation"": 0, ""self_questioning"": 0, ""situation_modification"": 0, ""situation_selection"": 0, ""suspending_judgment"": 0, ""understanding"": 0, ""updating_beliefs"": 0, ""zooming_in"": 0, ""zooming_out"": 0}","{""abstracting"": 0, ""accepting"": 0, ""analogical_thinking"": 0, ""analyzing"": 0, ""applying"": 0, ""attentional_deployment"": 0, ""cognition_awareness"": 0, ""concretizing"": 0, ""connecting"": 0, ""convergent_thinking"": 1, ""counterfactual_reasoning"": 0, ""creating"": 0, ""distinguishing"": 5, ""divergent_thinking"": 0, ""emotion_characterizing"": 0, ""emotion_facilitation"": 0, ""emotion_management"": 0, ""emotion_organizing"": 0, ""emotion_perception"": 0, ""emotion_receiving"": 0, ""emotion_responding"": 0, ""emotion_understanding"": 0, ""emotion_valuing"": 0, ""emotional_reappraisal"": 5, ""evaluating"": 0, ""hypothesis_generation"": 2, ""meta_awareness"": 0, ""metacognitive_monitoring"": 0, ""metacognitive_regulation"": 0, ""noticing"": 0, ""pattern_recognition"": 0, ""perspective_taking"": 0, ""questioning"": 1, ""reconsidering"": 0, ""reframing"": 0, ""remembering"": 0, ""response_modulation"": 0, ""self_questioning"": 0, ""situation_modification"": 0, ""situation_selection"": 0, ""suspending_judgment"": 0, ""understanding"": 3, ""updating_beliefs"": 1, ""zooming_in"": 0, ""zooming_out"": 0}","{""emotion_organizing"": 0, ""counterfactual_reasoning"": 0, ""hypothesis_generation"": 0, ""emotion_perception"": 0, ""abstracting"": 0, ""divergent_thinking"": 0, ""analyzing"": 0, ""accepting"": 0, ""metacognitive_monitoring"": 0, ""self_questioning"": 0, ""emotion_valuing"": 0, ""remembering"": 0, ""zooming_out"": 0, ""evaluating"": 0, ""perspective_taking"": 0, ""emotion_responding"": 0, ""attentional_deployment"": 0, ""updating_beliefs"": 0, ""situation_modification"": 0, ""creating"": 0, ""situation_selection"": 0, ""concretizing"": 0, ""emotion_characterizing"": 0, ""zooming_in"": 0, ""noticing"": 0, ""emotion_management"": 0, ""pattern_recognition"": 0, ""reframing"": 0, ""convergent_thinking"": 0, ""connecting"": 0, ""metacognitive_regulation"": 0, ""emotional_reappraisal"": -1, ""reconsidering"": 0, ""analogical_thinking"": 0, ""understanding"": 0, ""distinguishing"": 0, ""cognition_awareness"": 0, ""suspending_judgment"": 0, ""questioning"": 0, ""emotion_understanding"": 0, ""meta_awareness"": 0, ""response_modulation"": 0, ""applying"": 0, ""emotion_facilitation"": 0, ""emotion_receiving"": 0}","{""emotion_organizing"": 0, ""counterfactual_reasoning"": 0, ""hypothesis_generation"": 1, ""emotion_perception"": 0, ""abstracting"": 0, ""divergent_thinking"": 0, ""analyzing"": 0, ""accepting"": 0, ""metacognitive_monitoring"": 0, ""self_questioning"": 0, ""emotion_valuing"": 0, ""remembering"": 0, ""zooming_out"": 0, ""evaluating"": 0, ""perspective_taking"": 0, ""emotion_responding"": 0, ""attentional_deployment"": 0, ""updating_beliefs"": -1, ""situation_modification"": 0, ""creating"": 0, ""situation_selection"": 0, ""concretizing"": 0, ""emotion_characterizing"": 0, ""zooming_in"": 0, ""noticing"": 0, ""emotion_management"": 0, ""pattern_recognition"": 0, ""reframing"": 0, ""convergent_thinking"": -2, ""connecting"": 0, ""metacognitive_regulation"": 0, ""emotional_reappraisal"": 0, ""reconsidering"": 0, ""analogical_thinking"": 0, ""understanding"": 1, ""distinguishing"": -1, ""cognition_awareness"": 0, ""suspending_judgment"": 0, ""questioning"": 0, ""emotion_understanding"": 0, ""meta_awareness"": 0, ""response_modulation"": 0, ""applying"": 0, ""emotion_facilitation"": 0, ""emotion_receiving"": 0}",False
"Emeka is a farmer in a small village in Nigeria. Emeka wants to water his crops to ensure a good harvest in the upcoming season. Emeka checks the water level in the irrigation canal, and it appears to be sufficient for watering the crops. Overnight, a heavy rainfall causes flooding in the area, and the water level in the irrigation canal rises significantly, becoming too high for safe irrigation. Emeka irrigates his crops with the water from the canal.",Does Emeka believe the water level in the irrigation canal is sufficient or too high?,Emeka believes the water level in the irrigation canal is sufficient.,Emeka believes the water level in the irrigation canal is too high.,"Initially, Emeka believes the water level in the irrigation canal is **sufficient**. However, after the rainfall, he realizes it’s become **too high**.",False,"{""abstracting"": 0, ""accepting"": 0, ""analogical_thinking"": 0, ""analyzing"": 0, ""applying"": 0, ""attentional_deployment"": 0, ""cognition_awareness"": 0, ""concretizing"": 0, ""connecting"": 0, ""convergent_thinking"": 0, ""counterfactual_reasoning"": 0, ""creating"": 0, ""distinguishing"": 7, ""divergent_thinking"": 0, ""emotion_characterizing"": 0, ""emotion_facilitation"": 0, ""emotion_management"": 0, ""emotion_organizing"": 0, ""emotion_perception"": 0, ""emotion_receiving"": 0, ""emotion_responding"": 1, ""emotion_understanding"": 0, ""emotion_valuing"": 0, ""emotional_reappraisal"": 9, ""evaluating"": 0, ""hypothesis_generation"": 4, ""meta_awareness"": 0, ""metacognitive_monitoring"": 0, ""metacognitive_regulation"": 0, ""noticing"": 0, ""pattern_recognition"": 0, ""perspective_taking"": 0, ""questioning"": 2, ""reconsidering"": 0, ""reframing"": 1, ""remembering"": 0, ""response_modulation"": 0, ""self_questioning"": 0, ""situation_modification"": 0, ""situation_selection"": 0, ""suspending_judgment"": 0, ""understanding"": 0, ""updating_beliefs"": 0, ""zooming_in"": 0, ""zooming_out"": 0}","{""abstracting"": 0, ""accepting"": 0, ""analogical_thinking"": 0, ""analyzing"": 0, ""applying"": 0, ""attentional_deployment"": 0, ""cognition_awareness"": 0, ""concretizing"": 0, ""connecting"": 0, ""convergent_thinking"": 0, ""counterfactual_reasoning"": 0, ""creating"": 0, ""distinguishing"": 9, ""divergent_thinking"": 0, ""emotion_characterizing"": 0, ""emotion_facilitation"": 0, ""emotion_management"": 0, ""emotion_organizing"": 0, ""emotion_perception"": 0, ""emotion_receiving"": 0, ""emotion_responding"": 0, ""emotion_understanding"": 0, ""emotion_valuing"": 0, ""emotional_reappraisal"": 4, ""evaluating"": 0, ""hypothesis_generation"": 0, ""meta_awareness"": 0, ""metacognitive_monitoring"": 0, ""metacognitive_regulation"": 0, ""noticing"": 0, ""pattern_recognition"": 0, ""perspective_taking"": 0, ""questioning"": 1, ""reconsidering"": 0, ""reframing"": 0, ""remembering"": 0, ""response_modulation"": 0, ""self_questioning"": 0, ""situation_modification"": 0, ""situation_selection"": 0, ""suspending_judgment"": 0, ""understanding"": 2, ""updating_beliefs"": 2, ""zooming_in"": 0, ""zooming_out"": 0}","Initially, Emeka believed the water level in the irrigation canal was sufficient. However, after the overnight rainfall and subsequent flooding, he now believes it’s too high.",False,"{""abstracting"": 0, ""accepting"": 0, ""analogical_thinking"": 0, ""analyzing"": 0, ""applying"": 0, ""attentional_deployment"": 0, ""cognition_awareness"": 0, ""concretizing"": 0, ""connecting"": 0, ""convergent_thinking"": 0, ""counterfactual_reasoning"": 0, ""creating"": 0, ""distinguishing"": 7, ""divergent_thinking"": 0, ""emotion_characterizing"": 0, ""emotion_facilitation"": 0, ""emotion_management"": 0, ""emotion_organizing"": 1, ""emotion_perception"": 0, ""emotion_receiving"": 0, ""emotion_responding"": 1, ""emotion_understanding"": 0, ""emotion_valuing"": 0, ""emotional_reappraisal"": 9, ""evaluating"": 0, ""hypothesis_generation"": 4, ""meta_awareness"": 0, ""metacognitive_monitoring"": 0, ""metacognitive_regulation"": 0, ""noticing"": 0, ""pattern_recognition"": 0, ""perspective_taking"": 0, ""questioning"": 2, ""reconsidering"": 0, ""reframing"": 1, ""remembering"": 0, ""response_modulation"": 0, ""self_questioning"": 0, ""situation_modification"": 0, ""situation_selection"": 0, ""suspending_judgment"": 0, ""understanding"": 0, ""updating_beliefs"": 0, ""zooming_in"": 0, ""zooming_out"": 0}","{""abstracting"": 0, ""accepting"": 0, ""analogical_thinking"": 0, ""analyzing"": 0, ""applying"": 0, ""attentional_deployment"": 0, ""cognition_awareness"": 0, ""concretizing"": 0, ""connecting"": 0, ""convergent_thinking"": 0, ""counterfactual_reasoning"": 0, ""creating"": 0, ""distinguishing"": 8, ""divergent_thinking"": 0, ""emotion_characterizing"": 0, ""emotion_facilitation"": 0, ""emotion_management"": 0, ""emotion_organizing"": 0, ""emotion_perception"": 0, ""emotion_receiving"": 0, ""emotion_responding"": 0, ""emotion_understanding"": 0, ""emotion_valuing"": 0, ""emotional_reappraisal"": 4, ""evaluating"": 0, ""hypothesis_generation"": 1, ""meta_awareness"": 0, ""metacognitive_monitoring"": 0, ""metacognitive_regulation"": 0, ""noticing"": 0, ""pattern_recognition"": 0, ""perspective_taking"": 0, ""questioning"": 1, ""reconsidering"": 0, ""reframing"": 0, ""remembering"": 0, ""response_modulation"": 0, ""self_questioning"": 0, ""situation_modification"": 0, ""situation_selection"": 0, ""suspending_judgment"": 0, ""understanding"": 2, ""updating_beliefs"": 4, ""zooming_in"": 0, ""zooming_out"": 0}","{""emotion_organizing"": 1, ""counterfactual_reasoning"": 0, ""hypothesis_generation"": 0, ""emotion_perception"": 0, ""abstracting"": 0, ""divergent_thinking"": 0, ""analyzing"": 0, ""accepting"": 0, ""metacognitive_monitoring"": 0, ""self_questioning"": 0, ""emotion_valuing"": 0, ""remembering"": 0, ""zooming_out"": 0, ""evaluating"": 0, ""perspective_taking"": 0, ""emotion_responding"": 0, ""attentional_deployment"": 0, ""updating_beliefs"": 0, ""situation_modification"": 0, ""creating"": 0, ""situation_selection"": 0, ""concretizing"": 0, ""emotion_characterizing"": 0, ""zooming_in"": 0, ""noticing"": 0, ""emotion_management"": 0, ""pattern_recognition"": 0, ""reframing"": 0, ""convergent_thinking"": 0, ""connecting"": 0, ""metacognitive_regulation"": 0, ""emotional_reappraisal"": 0, ""reconsidering"": 0, ""analogical_thinking"": 0, ""understanding"": 0, ""distinguishing"": 0, ""cognition_awareness"": 0, ""suspending_judgment"": 0, ""questioning"": 0, ""emotion_understanding"": 0, ""meta_awareness"": 0, ""response_modulation"": 0, ""applying"": 0, ""emotion_facilitation"": 0, ""emotion_receiving"": 0}","{""emotion_organizing"": 0, ""counterfactual_reasoning"": 0, ""hypothesis_generation"": 1, ""emotion_perception"": 0, ""abstracting"": 0, ""divergent_thinking"": 0, ""analyzing"": 0, ""accepting"": 0, ""metacognitive_monitoring"": 0, ""self_questioning"": 0, ""emotion_valuing"": 0, ""remembering"": 0, ""zooming_out"": 0, ""evaluating"": 0, ""perspective_taking"": 0, ""emotion_responding"": 0, ""attentional_deployment"": 0, ""updating_beliefs"": 2, ""situation_modification"": 0, ""creating"": 0, ""situation_selection"": 0, ""concretizing"": 0, ""emotion_characterizing"": 0, ""zooming_in"": 0, ""noticing"": 0, ""emotion_management"": 0, ""pattern_recognition"": 0, ""reframing"": 0, ""convergent_thinking"": 0, ""connecting"": 0, ""metacognitive_regulation"": 0, ""emotional_reappraisal"": 0, ""reconsidering"": 0, ""analogical_thinking"": 0, ""understanding"": 0, ""distinguishing"": -1, ""cognition_awareness"": 0, ""suspending_judgment"": 0, ""questioning"": 0, ""emotion_understanding"": 0, ""meta_awareness"": 0, ""response_modulation"": 0, ""applying"": 0, ""emotion_facilitation"": 0, ""emotion_receiving"": 0}",False
"Luka is a gardener working in a beautiful park in the middle of the city. Luka wants to water the plants in the park to ensure they stay healthy and vibrant. The sky is cloudy, and Luka assumes that it might rain soon. However, the wind picks up and blows the clouds away, revealing a bright and sunny sky. Luka waits for the rain to water the plants.","Does Luka believe that it will rain soon, or does he think the weather has become sunny?",Luka believes that it will rain soon.,Luka believes the weather has become sunny.,Luka believes that it will rain soon. He initially assumes rain based on the cloudy sky.,True,"{""abstracting"": 0, ""accepting"": 0, ""analogical_thinking"": 0, ""analyzing"": 0, ""applying"": 0, ""attentional_deployment"": 0, ""cognition_awareness"": 0, ""concretizing"": 0, ""connecting"": 0, ""convergent_thinking"": 0, ""counterfactual_reasoning"": 0, ""creating"": 0, ""distinguishing"": 5, ""divergent_thinking"": 0, ""emotion_characterizing"": 0, ""emotion_facilitation"": 0, ""emotion_management"": 0, ""emotion_organizing"": 0, ""emotion_perception"": 1, ""emotion_receiving"": 0, ""emotion_responding"": 1, ""emotion_understanding"": 0, ""emotion_valuing"": 0, ""emotional_reappraisal"": 9, ""evaluating"": 0, ""hypothesis_generation"": 5, ""meta_awareness"": 0, ""metacognitive_monitoring"": 0, ""metacognitive_regulation"": 0, ""noticing"": 0, ""pattern_recognition"": 0, ""perspective_taking"": 0, ""questioning"": 3, ""reconsidering"": 0, ""reframing"": 1, ""remembering"": 0, ""response_modulation"": 0, ""self_questioning"": 0, ""situation_modification"": 0, ""situation_selection"": 0, ""suspending_judgment"": 0, ""understanding"": 0, ""updating_beliefs"": 0, ""zooming_in"": 0, ""zooming_out"": 0}","{""abstracting"": 0, ""accepting"": 0, ""analogical_thinking"": 0, ""analyzing"": 0, ""applying"": 0, ""attentional_deployment"": 0, ""cognition_awareness"": 0, ""concretizing"": 0, ""connecting"": 0, ""convergent_thinking"": 0, ""counterfactual_reasoning"": 0, ""creating"": 0, ""distinguishing"": 7, ""divergent_thinking"": 0, ""emotion_characterizing"": 0, ""emotion_facilitation"": 0, ""emotion_management"": 0, ""emotion_organizing"": 0, ""emotion_perception"": 0, ""emotion_receiving"": 0, ""emotion_responding"": 0, ""emotion_understanding"": 0, ""emotion_valuing"": 0, ""emotional_reappraisal"": 3, ""evaluating"": 0, ""hypothesis_generation"": 1, ""meta_awareness"": 0, ""metacognitive_monitoring"": 0, ""metacognitive_regulation"": 0, ""noticing"": 0, ""pattern_recognition"": 0, ""perspective_taking"": 0, ""questioning"": 2, ""reconsidering"": 0, ""reframing"": 0, ""remembering"": 0, ""response_modulation"": 0, ""self_questioning"": 0, ""situation_modification"": 0, ""situation_selection"": 0, ""suspending_judgment"": 0, ""understanding"": 3, ""updating_beliefs"": 0, ""zooming_in"": 0, ""zooming_out"": 0}","Luka initially believes that it will rain soon, based on the cloudy sky. However, as the wind clears the clouds, he shifts his focus to recognizing the emergence of a sunny sky. 

Therefore, the most accurate answer is: **Luka initially believes it will rain soon, but then realizes the weather has become sunny.**",False,"{""abstracting"": 0, ""accepting"": 0, ""analogical_thinking"": 0, ""analyzing"": 0, ""applying"": 0, ""attentional_deployment"": 0, ""cognition_awareness"": 0, ""concretizing"": 0, ""connecting"": 0, ""convergent_thinking"": 0, ""counterfactual_reasoning"": 0, ""creating"": 0, ""distinguishing"": 5, ""divergent_thinking"": 0, ""emotion_characterizing"": 0, ""emotion_facilitation"": 0, ""emotion_management"": 0, ""emotion_organizing"": 1, ""emotion_perception"": 1, ""emotion_receiving"": 0, ""emotion_responding"": 1, ""emotion_understanding"": 0, ""emotion_valuing"": 0, ""emotional_reappraisal"": 9, ""evaluating"": 0, ""hypothesis_generation"": 5, ""meta_awareness"": 0, ""metacognitive_monitoring"": 0, ""metacognitive_regulation"": 0, ""noticing"": 0, ""pattern_recognition"": 1, ""perspective_taking"": 0, ""questioning"": 1, ""reconsidering"": 0, ""reframing"": 1, ""remembering"": 0, ""response_modulation"": 0, ""self_questioning"": 0, ""situation_modification"": 0, ""situation_selection"": 0, ""suspending_judgment"": 0, ""understanding"": 0, ""updating_beliefs"": 0, ""zooming_in"": 0, ""zooming_out"": 0}","{""abstracting"": 0, ""accepting"": 0, ""analogical_thinking"": 0, ""analyzing"": 0, ""applying"": 0, ""attentional_deployment"": 0, ""cognition_awareness"": 0, ""concretizing"": 0, ""connecting"": 0, ""convergent_thinking"": 3, ""counterfactual_reasoning"": 0, ""creating"": 0, ""distinguishing"": 8, ""divergent_thinking"": 0, ""emotion_characterizing"": 0, ""emotion_facilitation"": 0, ""emotion_management"": 0, ""emotion_organizing"": 0, ""emotion_perception"": 0, ""emotion_receiving"": 0, ""emotion_responding"": 0, ""emotion_understanding"": 0, ""emotion_valuing"": 0, ""emotional_reappraisal"": 7, ""evaluating"": 0, ""hypothesis_generation"": 0, ""meta_awareness"": 0, ""metacognitive_monitoring"": 0, ""metacognitive_regulation"": 0, ""noticing"": 0, ""pattern_recognition"": 0, ""perspective_taking"": 0, ""questioning"": 0, ""reconsidering"": 0, ""reframing"": 0, ""remembering"": 0, ""response_modulation"": 0, ""self_questioning"": 0, ""situation_modification"": 0, ""situation_selection"": 0, ""suspending_judgment"": 0, ""understanding"": 0, ""updating_beliefs"": 3, ""zooming_in"": 0, ""zooming_out"": 0}","{""emotion_organizing"": 1, ""counterfactual_reasoning"": 0, ""hypothesis_generation"": 0, ""emotion_perception"": 0, ""abstracting"": 0, ""divergent_thinking"": 0, ""analyzing"": 0, ""accepting"": 0, ""metacognitive_monitoring"": 0, ""self_questioning"": 0, ""emotion_valuing"": 0, ""remembering"": 0, ""zooming_out"": 0, ""evaluating"": 0, ""perspective_taking"": 0, ""emotion_responding"": 0, ""attentional_deployment"": 0, ""updating_beliefs"": 0, ""situation_modification"": 0, ""creating"": 0, ""situation_selection"": 0, ""concretizing"": 0, ""emotion_characterizing"": 0, ""zooming_in"": 0, ""noticing"": 0, ""emotion_management"": 0, ""pattern_recognition"": 1, ""reframing"": 0, ""convergent_thinking"": 0, ""connecting"": 0, ""metacognitive_regulation"": 0, ""emotional_reappraisal"": 0, ""reconsidering"": 0, ""analogical_thinking"": 0, ""understanding"": 0, ""distinguishing"": 0, ""cognition_awareness"": 0, ""suspending_judgment"": 0, ""questioning"": -2, ""emotion_understanding"": 0, ""meta_awareness"": 0, ""response_modulation"": 0, ""applying"": 0, ""emotion_facilitation"": 0, ""emotion_receiving"": 0}","{""emotion_organizing"": 0, ""counterfactual_reasoning"": 0, ""hypothesis_generation"": -1, ""emotion_perception"": 0, ""abstracting"": 0, ""divergent_thinking"": 0, ""analyzing"": 0, ""accepting"": 0, ""metacognitive_monitoring"": 0, ""self_questioning"": 0, ""emotion_valuing"": 0, ""remembering"": 0, ""zooming_out"": 0, ""evaluating"": 0, ""perspective_taking"": 0, ""emotion_responding"": 0, ""attentional_deployment"": 0, ""updating_beliefs"": 3, ""situation_modification"": 0, ""creating"": 0, ""situation_selection"": 0, ""concretizing"": 0, ""emotion_characterizing"": 0, ""zooming_in"": 0, ""noticing"": 0, ""emotion_management"": 0, ""pattern_recognition"": 0, ""reframing"": 0, ""convergent_thinking"": 3, ""connecting"": 0, ""metacognitive_regulation"": 0, ""emotional_reappraisal"": 4, ""reconsidering"": 0, ""analogical_thinking"": 0, ""understanding"": -3, ""distinguishing"": 1, ""cognition_awareness"": 0, ""suspending_judgment"": 0, ""questioning"": -2, ""emotion_understanding"": 0, ""meta_awareness"": 0, ""response_modulation"": 0, ""applying"": 0, ""emotion_facilitation"": 0, ""emotion_receiving"": 0}",False
"Amaury is a baker in a small village in France. Amaury wants to make pain aux raisins, a pastry filled with raisins and custard, for the customers visiting his bakery. Amaury takes a jar of raisins from the pantry to add to the pastry dough. His assistant, while tidying the pantry, accidentally replaces the raisin jar with a jar containing sultanas without realizing the difference. Amaury adds the contents of the jar to the pastry dough.",Does Amaury believe the jar contains raisins or sultanas?,Amaury believes the jar contains raisins.,Amaury believes the jar contains sultanas.,"Amaury believes the jar contains raisins. He took it from the pantry, assuming it was the raisin jar. He didn't check to see what was actually inside.",True,"{""abstracting"": 0, ""accepting"": 0, ""analogical_thinking"": 0, ""analyzing"": 0, ""applying"": 0, ""attentional_deployment"": 0, ""cognition_awareness"": 0, ""concretizing"": 0, ""connecting"": 0, ""convergent_thinking"": 0, ""counterfactual_reasoning"": 0, ""creating"": 0, ""distinguishing"": 9, ""divergent_thinking"": 0, ""emotion_characterizing"": 0, ""emotion_facilitation"": 0, ""emotion_management"": 0, ""emotion_organizing"": 0, ""emotion_perception"": 0, ""emotion_receiving"": 0, ""emotion_responding"": 0, ""emotion_understanding"": 0, ""emotion_valuing"": 0, ""emotional_reappraisal"": 8, ""evaluating"": 0, ""hypothesis_generation"": 5, ""meta_awareness"": 0, ""metacognitive_monitoring"": 0, ""metacognitive_regulation"": 0, ""noticing"": 0, ""pattern_recognition"": 0, ""perspective_taking"": 0, ""questioning"": 3, ""reconsidering"": 0, ""reframing"": 0, ""remembering"": 0, ""response_modulation"": 0, ""self_questioning"": 0, ""situation_modification"": 0, ""situation_selection"": 0, ""suspending_judgment"": 0, ""understanding"": 0, ""updating_beliefs"": 0, ""zooming_in"": 0, ""zooming_out"": 0}","{""abstracting"": 0, ""accepting"": 0, ""analogical_thinking"": 0, ""analyzing"": 0, ""applying"": 0, ""attentional_deployment"": 0, ""cognition_awareness"": 1, ""concretizing"": 0, ""connecting"": 0, ""convergent_thinking"": 1, ""counterfactual_reasoning"": 0, ""creating"": 0, ""distinguishing"": 7, ""divergent_thinking"": 0, ""emotion_characterizing"": 0, ""emotion_facilitation"": 0, ""emotion_management"": 0, ""emotion_organizing"": 0, ""emotion_perception"": 0, ""emotion_receiving"": 0, ""emotion_responding"": 0, ""emotion_understanding"": 0, ""emotion_valuing"": 0, ""emotional_reappraisal"": 4, ""evaluating"": 0, ""hypothesis_generation"": 2, ""meta_awareness"": 0, ""metacognitive_monitoring"": 0, ""metacognitive_regulation"": 0, ""noticing"": 0, ""pattern_recognition"": 0, ""perspective_taking"": 0, ""questioning"": 1, ""reconsidering"": 0, ""reframing"": 0, ""remembering"": 0, ""response_modulation"": 0, ""self_questioning"": 0, ""situation_modification"": 0, ""situation_selection"": 0, ""suspending_judgment"": 0, ""understanding"": 2, ""updating_beliefs"": 0, ""zooming_in"": 0, ""zooming_out"": 0}","Amaury believes the jar contains raisins. He’s taken it from the pantry, assuming it’s the source of his prized raisins for the pain aux raisins. He hasn’t scrutinized the contents – he simply trusts the provenance of the jar.",True,"{""abstracting"": 0, ""accepting"": 0, ""analogical_thinking"": 0, ""analyzing"": 0, ""applying"": 0, ""attentional_deployment"": 0, ""cognition_awareness"": 0, ""concretizing"": 0, ""connecting"": 0, ""convergent_thinking"": 0, ""counterfactual_reasoning"": 0, ""creating"": 0, ""distinguishing"": 9, ""divergent_thinking"": 0, ""emotion_characterizing"": 0, ""emotion_facilitation"": 0, ""emotion_management"": 0, ""emotion_organizing"": 0, ""emotion_perception"": 0, ""emotion_receiving"": 0, ""emotion_responding"": 0, ""emotion_understanding"": 0, ""emotion_valuing"": 0, ""emotional_reappraisal"": 8, ""evaluating"": 0, ""hypothesis_generation"": 5, ""meta_awareness"": 0, ""metacognitive_monitoring"": 0, ""metacognitive_regulation"": 0, ""noticing"": 0, ""pattern_recognition"": 0, ""perspective_taking"": 0, ""questioning"": 3, ""reconsidering"": 0, ""reframing"": 0, ""remembering"": 2, ""response_modulation"": 0, ""self_questioning"": 0, ""situation_modification"": 0, ""situation_selection"": 0, ""suspending_judgment"": 0, ""understanding"": 0, ""updating_beliefs"": 0, ""zooming_in"": 0, ""zooming_out"": 0}","{""abstracting"": 0, ""accepting"": 0, ""analogical_thinking"": 0, ""analyzing"": 0, ""applying"": 0, ""attentional_deployment"": 0, ""cognition_awareness"": 0, ""concretizing"": 0, ""connecting"": 0, ""convergent_thinking"": 1, ""counterfactual_reasoning"": 0, ""creating"": 0, ""distinguishing"": 2, ""divergent_thinking"": 0, ""emotion_characterizing"": 0, ""emotion_facilitation"": 0, ""emotion_management"": 0, ""emotion_organizing"": 0, ""emotion_perception"": 0, ""emotion_receiving"": 0, ""emotion_responding"": 0, ""emotion_understanding"": 0, ""emotion_valuing"": 0, ""emotional_reappraisal"": 3, ""evaluating"": 0, ""hypothesis_generation"": 2, ""meta_awareness"": 0, ""metacognitive_monitoring"": 0, ""metacognitive_regulation"": 0, ""noticing"": 0, ""pattern_recognition"": 0, ""perspective_taking"": 0, ""questioning"": 1, ""reconsidering"": 0, ""reframing"": 0, ""remembering"": 0, ""response_modulation"": 0, ""self_questioning"": 0, ""situation_modification"": 1, ""situation_selection"": 0, ""suspending_judgment"": 0, ""understanding"": 1, ""updating_beliefs"": 0, ""zooming_in"": 0, ""zooming_out"": 0}","{""emotion_organizing"": 0, ""counterfactual_reasoning"": 0, ""hypothesis_generation"": 0, ""emotion_perception"": 0, ""abstracting"": 0, ""divergent_thinking"": 0, ""analyzing"": 0, ""accepting"": 0, ""metacognitive_monitoring"": 0, ""self_questioning"": 0, ""emotion_valuing"": 0, ""remembering"": 2, ""zooming_out"": 0, ""evaluating"": 0, ""perspective_taking"": 0, ""emotion_responding"": 0, ""attentional_deployment"": 0, ""updating_beliefs"": 0, ""situation_modification"": 0, ""creating"": 0, ""situation_selection"": 0, ""concretizing"": 0, ""emotion_characterizing"": 0, ""zooming_in"": 0, ""noticing"": 0, ""emotion_management"": 0, ""pattern_recognition"": 0, ""reframing"": 0, ""convergent_thinking"": 0, ""connecting"": 0, ""metacognitive_regulation"": 0, ""emotional_reappraisal"": 0, ""reconsidering"": 0, ""analogical_thinking"": 0, ""understanding"": 0, ""distinguishing"": 0, ""cognition_awareness"": 0, ""suspending_judgment"": 0, ""questioning"": 0, ""emotion_understanding"": 0, ""meta_awareness"": 0, ""response_modulation"": 0, ""applying"": 0, ""emotion_facilitation"": 0, ""emotion_receiving"": 0}","{""emotion_organizing"": 0, ""counterfactual_reasoning"": 0, ""hypothesis_generation"": 0, ""emotion_perception"": 0, ""abstracting"": 0, ""divergent_thinking"": 0, ""analyzing"": 0, ""accepting"": 0, ""metacognitive_monitoring"": 0, ""self_questioning"": 0, ""emotion_valuing"": 0, ""remembering"": 0, ""zooming_out"": 0, ""evaluating"": 0, ""perspective_taking"": 0, ""emotion_responding"": 0, ""attentional_deployment"": 0, ""updating_beliefs"": 0, ""situation_modification"": 1, ""creating"": 0, ""situation_selection"": 0, ""concretizing"": 0, ""emotion_characterizing"": 0, ""zooming_in"": 0, ""noticing"": 0, ""emotion_management"": 0, ""pattern_recognition"": 0, ""reframing"": 0, ""convergent_thinking"": 0, ""connecting"": 0, ""metacognitive_regulation"": 0, ""emotional_reappraisal"": -1, ""reconsidering"": 0, ""analogical_thinking"": 0, ""understanding"": -1, ""distinguishing"": -5, ""cognition_awareness"": -1, ""suspending_judgment"": 0, ""questioning"": 0, ""emotion_understanding"": 0, ""meta_awareness"": 0, ""response_modulation"": 0, ""applying"": 0, ""emotion_facilitation"": 0, ""emotion_receiving"": 0}",False
"Chi is a fisherman living on a small island in the South Pacific. Chi wants to go on a fishing trip to catch some fish for his family's dinner. The sea appears calm and inviting. Suddenly, a strong storm rolls in, causing the sea to become rough and dangerous. Chi embarks on his fishing trip.",Does Chi believe the sea is calm and inviting or rough and dangerous?,Chi believes the sea is calm and inviting.,Chi believes the sea is rough and dangerous.,"Chi initially believes the sea is calm and inviting. The story states, “The sea appears calm and inviting.” However, the story then describes a sudden change, stating “Suddenly, a strong storm rolls in, causing the sea to become rough and dangerous.” 

So, the answer is: **Initially, Chi believes the sea is calm and inviting, but the storm changes his perception to rough and dangerous.**",True,"{""abstracting"": 0, ""accepting"": 0, ""analogical_thinking"": 0, ""analyzing"": 0, ""applying"": 0, ""attentional_deployment"": 0, ""cognition_awareness"": 0, ""concretizing"": 0, ""connecting"": 0, ""convergent_thinking"": 0, ""counterfactual_reasoning"": 0, ""creating"": 0, ""distinguishing"": 4, ""divergent_thinking"": 0, ""emotion_characterizing"": 0, ""emotion_facilitation"": 0, ""emotion_management"": 0, ""emotion_organizing"": 0, ""emotion_perception"": 1, ""emotion_receiving"": 0, ""emotion_responding"": 0, ""emotion_understanding"": 0, ""emotion_valuing"": 0, ""emotional_reappraisal"": 9, ""evaluating"": 0, ""hypothesis_generation"": 4, ""meta_awareness"": 0, ""metacognitive_monitoring"": 0, ""metacognitive_regulation"": 0, ""noticing"": 0, ""pattern_recognition"": 0, ""perspective_taking"": 0, ""questioning"": 1, ""reconsidering"": 0, ""reframing"": 0, ""remembering"": 0, ""response_modulation"": 0, ""self_questioning"": 0, ""situation_modification"": 0, ""situation_selection"": 0, ""suspending_judgment"": 0, ""understanding"": 0, ""updating_beliefs"": 0, ""zooming_in"": 0, ""zooming_out"": 0}","{""abstracting"": 0, ""accepting"": 0, ""analogical_thinking"": 0, ""analyzing"": 0, ""applying"": 0, ""attentional_deployment"": 0, ""cognition_awareness"": 0, ""concretizing"": 0, ""connecting"": 0, ""convergent_thinking"": 2, ""counterfactual_reasoning"": 0, ""creating"": 0, ""distinguishing"": 5, ""divergent_thinking"": 0, ""emotion_characterizing"": 0, ""emotion_facilitation"": 0, ""emotion_management"": 0, ""emotion_organizing"": 0, ""emotion_perception"": 0, ""emotion_receiving"": 0, ""emotion_responding"": 0, ""emotion_understanding"": 0, ""emotion_valuing"": 0, ""emotional_reappraisal"": 4, ""evaluating"": 0, ""hypothesis_generation"": 0, ""meta_awareness"": 0, ""metacognitive_monitoring"": 0, ""metacognitive_regulation"": 0, ""noticing"": 0, ""pattern_recognition"": 0, ""perspective_taking"": 0, ""questioning"": 1, ""reconsidering"": 0, ""reframing"": 0, ""remembering"": 0, ""response_modulation"": 0, ""self_questioning"": 0, ""situation_modification"": 0, ""situation_selection"": 0, ""suspending_judgment"": 0, ""understanding"": 1, ""updating_beliefs"": 0, ""zooming_in"": 0, ""zooming_out"": 0}","Chi initially believes the sea is **calm and inviting**. The story explicitly states, ""The sea appears calm and inviting."" However, the narrative then reveals that his perception is deceptive, as a storm swiftly transforms the conditions into something rough and dangerous.",False,"{""abstracting"": 0, ""accepting"": 0, ""analogical_thinking"": 0, ""analyzing"": 0, ""applying"": 0, ""attentional_deployment"": 0, ""cognition_awareness"": 0, ""concretizing"": 0, ""connecting"": 0, ""convergent_thinking"": 0, ""counterfactual_reasoning"": 0, ""creating"": 0, ""distinguishing"": 4, ""divergent_thinking"": 0, ""emotion_characterizing"": 0, ""emotion_facilitation"": 0, ""emotion_management"": 0, ""emotion_organizing"": 0, ""emotion_perception"": 1, ""emotion_receiving"": 0, ""emotion_responding"": 0, ""emotion_understanding"": 0, ""emotion_valuing"": 0, ""emotional_reappraisal"": 9, ""evaluating"": 0, ""hypothesis_generation"": 4, ""meta_awareness"": 0, ""metacognitive_monitoring"": 0, ""metacognitive_regulation"": 0, ""noticing"": 0, ""pattern_recognition"": 0, ""perspective_taking"": 0, ""questioning"": 1, ""reconsidering"": 0, ""reframing"": 0, ""remembering"": 0, ""response_modulation"": 0, ""self_questioning"": 0, ""situation_modification"": 0, ""situation_selection"": 0, ""suspending_judgment"": 0, ""understanding"": 0, ""updating_beliefs"": 0, ""zooming_in"": 0, ""zooming_out"": 0}","{""abstracting"": 0, ""accepting"": 0, ""analogical_thinking"": 0, ""analyzing"": 0, ""applying"": 0, ""attentional_deployment"": 0, ""cognition_awareness"": 0, ""concretizing"": 0, ""connecting"": 0, ""convergent_thinking"": 0, ""counterfactual_reasoning"": 0, ""creating"": 0, ""distinguishing"": 3, ""divergent_thinking"": 0, ""emotion_characterizing"": 0, ""emotion_facilitation"": 0, ""emotion_management"": 0, ""emotion_organizing"": 0, ""emotion_perception"": 0, ""emotion_receiving"": 0, ""emotion_responding"": 0, ""emotion_understanding"": 1, ""emotion_valuing"": 0, ""emotional_reappraisal"": 9, ""evaluating"": 0, ""hypothesis_generation"": 1, ""meta_awareness"": 0, ""metacognitive_monitoring"": 0, ""metacognitive_regulation"": 0, ""noticing"": 0, ""pattern_recognition"": 0, ""perspective_taking"": 0, ""questioning"": 1, ""reconsidering"": 0, ""reframing"": 0, ""remembering"": 0, ""response_modulation"": 0, ""self_questioning"": 0, ""situation_modification"": 0, ""situation_selection"": 0, ""suspending_judgment"": 0, ""understanding"": 0, ""updating_beliefs"": 1, ""zooming_in"": 0, ""zooming_out"": 0}","{""emotion_organizing"": 0, ""counterfactual_reasoning"": 0, ""hypothesis_generation"": 0, ""emotion_perception"": 0, ""abstracting"": 0, ""divergent_thinking"": 0, ""analyzing"": 0, ""accepting"": 0, ""metacognitive_monitoring"": 0, ""self_questioning"": 0, ""emotion_valuing"": 0, ""remembering"": 0, ""zooming_out"": 0, ""evaluating"": 0, ""perspective_taking"": 0, ""emotion_responding"": 0, ""attentional_deployment"": 0, ""updating_beliefs"": 0, ""situation_modification"": 0, ""creating"": 0, ""situation_selection"": 0, ""concretizing"": 0, ""emotion_characterizing"": 0, ""zooming_in"": 0, ""noticing"": 0, ""emotion_management"": 0, ""pattern_recognition"": 0, ""reframing"": 0, ""convergent_thinking"": 0, ""connecting"": 0, ""metacognitive_regulation"": 0, ""emotional_reappraisal"": 0, ""reconsidering"": 0, ""analogical_thinking"": 0, ""understanding"": 0, ""distinguishing"": 0, ""cognition_awareness"": 0, ""suspending_judgment"": 0, ""questioning"": 0, ""emotion_understanding"": 0, ""meta_awareness"": 0, ""response_modulation"": 0, ""applying"": 0, ""emotion_facilitation"": 0, ""emotion_receiving"": 0}","{""emotion_organizing"": 0, ""counterfactual_reasoning"": 0, ""hypothesis_generation"": 1, ""emotion_perception"": 0, ""abstracting"": 0, ""divergent_thinking"": 0, ""analyzing"": 0, ""accepting"": 0, ""metacognitive_monitoring"": 0, ""self_questioning"": 0, ""emotion_valuing"": 0, ""remembering"": 0, ""zooming_out"": 0, ""evaluating"": 0, ""perspective_taking"": 0, ""emotion_responding"": 0, ""attentional_deployment"": 0, ""updating_beliefs"": 1, ""situation_modification"": 0, ""creating"": 0, ""situation_selection"": 0, ""concretizing"": 0, ""emotion_characterizing"": 0, ""zooming_in"": 0, ""noticing"": 0, ""emotion_management"": 0, ""pattern_recognition"": 0, ""reframing"": 0, ""convergent_thinking"": -2, ""connecting"": 0, ""metacognitive_regulation"": 0, ""emotional_reappraisal"": 5, ""reconsidering"": 0, ""analogical_thinking"": 0, ""understanding"": -1, ""distinguishing"": -2, ""cognition_awareness"": 0, ""suspending_judgment"": 0, ""questioning"": 0, ""emotion_understanding"": 1, ""meta_awareness"": 0, ""response_modulation"": 0, ""applying"": 0, ""emotion_facilitation"": 0, ""emotion_receiving"": 0}",False
"Mei is a pearl diver in a small coastal village in Japan. Mei wants to find a perfect pearl to give to her grandmother for her birthday. Mei spots an oyster at the bottom of the sea that looks to be the right size and age to contain a pearl. A curious octopus opens the oyster, revealing that there is no pearl inside, and then swims away. Mei dives down to collect the oyster.",Does Mei believe the oyster she spotted contains a pearl or that it is empty?,Mei believes the oyster she spotted contains a pearl.,Mei believes the oyster she spotted is empty.,"Mei believes the oyster *contained* a pearl. She spotted it specifically because it looked like it *would* have a pearl inside. The octopus opening it and revealing it was empty happened *after* she’d already identified it as a promising candidate. 

So the answer is: **Mei initially believed the oyster contained a pearl.**",True,"{""abstracting"": 0, ""accepting"": 0, ""analogical_thinking"": 0, ""analyzing"": 0, ""applying"": 0, ""attentional_deployment"": 0, ""cognition_awareness"": 0, ""concretizing"": 0, ""connecting"": 0, ""convergent_thinking"": 0, ""counterfactual_reasoning"": 0, ""creating"": 0, ""distinguishing"": 5, ""divergent_thinking"": 0, ""emotion_characterizing"": 0, ""emotion_facilitation"": 0, ""emotion_management"": 0, ""emotion_organizing"": 0, ""emotion_perception"": 1, ""emotion_receiving"": 0, ""emotion_responding"": 0, ""emotion_understanding"": 0, ""emotion_valuing"": 0, ""emotional_reappraisal"": 7, ""evaluating"": 0, ""hypothesis_generation"": 4, ""meta_awareness"": 0, ""metacognitive_monitoring"": 1, ""metacognitive_regulation"": 0, ""noticing"": 0, ""pattern_recognition"": 0, ""perspective_taking"": 0, ""questioning"": 1, ""reconsidering"": 0, ""reframing"": 0, ""remembering"": 0, ""response_modulation"": 0, ""self_questioning"": 0, ""situation_modification"": 0, ""situation_selection"": 0, ""suspending_judgment"": 0, ""understanding"": 0, ""updating_beliefs"": 0, ""zooming_in"": 0, ""zooming_out"": 0}","{""abstracting"": 0, ""accepting"": 0, ""analogical_thinking"": 0, ""analyzing"": 0, ""applying"": 0, ""attentional_deployment"": 0, ""cognition_awareness"": 0, ""concretizing"": 0, ""connecting"": 0, ""convergent_thinking"": 3, ""counterfactual_reasoning"": 0, ""creating"": 0, ""distinguishing"": 3, ""divergent_thinking"": 0, ""emotion_characterizing"": 0, ""emotion_facilitation"": 0, ""emotion_management"": 0, ""emotion_organizing"": 0, ""emotion_perception"": 0, ""emotion_receiving"": 0, ""emotion_responding"": 0, ""emotion_understanding"": 0, ""emotion_valuing"": 0, ""emotional_reappraisal"": 5, ""evaluating"": 0, ""hypothesis_generation"": 0, ""meta_awareness"": 0, ""metacognitive_monitoring"": 0, ""metacognitive_regulation"": 0, ""noticing"": 0, ""pattern_recognition"": 0, ""perspective_taking"": 0, ""questioning"": 2, ""reconsidering"": 0, ""reframing"": 0, ""remembering"": 0, ""response_modulation"": 0, ""self_questioning"": 0, ""situation_modification"": 0, ""situation_selection"": 0, ""suspending_judgment"": 0, ""understanding"": 4, ""updating_beliefs"": 1, ""zooming_in"": 0, ""zooming_out"": 0}","Mei initially believes the oyster she spotted contains a pearl, as she’d identified it as being the right size and age to hold one. However, the octopus’s action of opening it and revealing its emptiness definitively leads her to believe the oyster is empty. 

Therefore, the most accurate answer is: **Initially, she believed it contained a pearl, but ultimately she discovers it is empty.**",False,"{""abstracting"": 0, ""accepting"": 0, ""analogical_thinking"": 0, ""analyzing"": 0, ""applying"": 0, ""attentional_deployment"": 0, ""cognition_awareness"": 0, ""concretizing"": 0, ""connecting"": 0, ""convergent_thinking"": 0, ""counterfactual_reasoning"": 0, ""creating"": 0, ""distinguishing"": 5, ""divergent_thinking"": 0, ""emotion_characterizing"": 0, ""emotion_facilitation"": 0, ""emotion_management"": 0, ""emotion_organizing"": 1, ""emotion_perception"": 1, ""emotion_receiving"": 0, ""emotion_responding"": 0, ""emotion_understanding"": 0, ""emotion_valuing"": 0, ""emotional_reappraisal"": 7, ""evaluating"": 0, ""hypothesis_generation"": 4, ""meta_awareness"": 0, ""metacognitive_monitoring"": 1, ""metacognitive_regulation"": 0, ""noticing"": 0, ""pattern_recognition"": 1, ""perspective_taking"": 0, ""questioning"": 0, ""reconsidering"": 0, ""reframing"": 0, ""remembering"": 0, ""response_modulation"": 0, ""self_questioning"": 0, ""situation_modification"": 0, ""situation_selection"": 0, ""suspending_judgment"": 0, ""understanding"": 0, ""updating_beliefs"": 0, ""zooming_in"": 0, ""zooming_out"": 0}","{""abstracting"": 0, ""accepting"": 0, ""analogical_thinking"": 0, ""analyzing"": 0, ""applying"": 0, ""attentional_deployment"": 0, ""cognition_awareness"": 0, ""concretizing"": 0, ""connecting"": 0, ""convergent_thinking"": 4, ""counterfactual_reasoning"": 0, ""creating"": 0, ""distinguishing"": 7, ""divergent_thinking"": 0, ""emotion_characterizing"": 0, ""emotion_facilitation"": 0, ""emotion_management"": 0, ""emotion_organizing"": 0, ""emotion_perception"": 0, ""emotion_receiving"": 0, ""emotion_responding"": 0, ""emotion_understanding"": 0, ""emotion_valuing"": 0, ""emotional_reappraisal"": 4, ""evaluating"": 0, ""hypothesis_generation"": 0, ""meta_awareness"": 0, ""metacognitive_monitoring"": 0, ""metacognitive_regulation"": 0, ""noticing"": 0, ""pattern_recognition"": 0, ""perspective_taking"": 0, ""questioning"": 0, ""reconsidering"": 0, ""reframing"": 0, ""remembering"": 0, ""response_modulation"": 0, ""self_questioning"": 0, ""situation_modification"": 0, ""situation_selection"": 0, ""suspending_judgment"": 0, ""understanding"": 3, ""updating_beliefs"": 2, ""zooming_in"": 0, ""zooming_out"": 0}","{""emotion_organizing"": 1, ""counterfactual_reasoning"": 0, ""hypothesis_generation"": 0, ""emotion_perception"": 0, ""abstracting"": 0, ""divergent_thinking"": 0, ""analyzing"": 0, ""accepting"": 0, ""metacognitive_monitoring"": 0, ""self_questioning"": 0, ""emotion_valuing"": 0, ""remembering"": 0, ""zooming_out"": 0, ""evaluating"": 0, ""perspective_taking"": 0, ""emotion_responding"": 0, ""attentional_deployment"": 0, ""updating_beliefs"": 0, ""situation_modification"": 0, ""creating"": 0, ""situation_selection"": 0, ""concretizing"": 0, ""emotion_characterizing"": 0, ""zooming_in"": 0, ""noticing"": 0, ""emotion_management"": 0, ""pattern_recognition"": 1, ""reframing"": 0, ""convergent_thinking"": 0, ""connecting"": 0, ""metacognitive_regulation"": 0, ""emotional_reappraisal"": 0, ""reconsidering"": 0, ""analogical_thinking"": 0, ""understanding"": 0, ""distinguishing"": 0, ""cognition_awareness"": 0, ""suspending_judgment"": 0, ""questioning"": -1, ""emotion_understanding"": 0, ""meta_awareness"": 0, ""response_modulation"": 0, ""applying"": 0, ""emotion_facilitation"": 0, ""emotion_receiving"": 0}","{""emotion_organizing"": 0, ""counterfactual_reasoning"": 0, ""hypothesis_generation"": 0, ""emotion_perception"": 0, ""abstracting"": 0, ""divergent_thinking"": 0, ""analyzing"": 0, ""accepting"": 0, ""metacognitive_monitoring"": 0, ""self_questioning"": 0, ""emotion_valuing"": 0, ""remembering"": 0, ""zooming_out"": 0, ""evaluating"": 0, ""perspective_taking"": 0, ""emotion_responding"": 0, ""attentional_deployment"": 0, ""updating_beliefs"": 1, ""situation_modification"": 0, ""creating"": 0, ""situation_selection"": 0, ""concretizing"": 0, ""emotion_characterizing"": 0, ""zooming_in"": 0, ""noticing"": 0, ""emotion_management"": 0, ""pattern_recognition"": 0, ""reframing"": 0, ""convergent_thinking"": 1, ""connecting"": 0, ""metacognitive_regulation"": 0, ""emotional_reappraisal"": -1, ""reconsidering"": 0, ""analogical_thinking"": 0, ""understanding"": -1, ""distinguishing"": 4, ""cognition_awareness"": 0, ""suspending_judgment"": 0, ""questioning"": -2, ""emotion_understanding"": 0, ""meta_awareness"": 0, ""response_modulation"": 0, ""applying"": 0, ""emotion_facilitation"": 0, ""emotion_receiving"": 0}",False
"Mei is a pearl diver in a small coastal town in Japan. Mei wants to dive deep into the sea to find a rare and valuable black pearl for her grandmother's birthday gift. The water in the cove is calm with barely any waves. Suddenly, a storm rolls in, and the once calm water becomes rough and choppy. Mei dives into the calm water to search for the black pearl.",Does Mei believe the water is calm and perfect for diving or rough and choppy due to the storm?,Mei believes the water is calm and perfect for diving.,Mei believes the water is rough and choppy due to the storm.,"Mei believes the water is calm and perfect for diving. The story states, “The water in the cove is calm with barely any waves.”",True,"{""abstracting"": 0, ""accepting"": 0, ""analogical_thinking"": 0, ""analyzing"": 0, ""applying"": 0, ""attentional_deployment"": 0, ""cognition_awareness"": 0, ""concretizing"": 0, ""connecting"": 0, ""convergent_thinking"": 0, ""counterfactual_reasoning"": 0, ""creating"": 0, ""distinguishing"": 5, ""divergent_thinking"": 0, ""emotion_characterizing"": 0, ""emotion_facilitation"": 0, ""emotion_management"": 0, ""emotion_organizing"": 0, ""emotion_perception"": 1, ""emotion_receiving"": 0, ""emotion_responding"": 0, ""emotion_understanding"": 0, ""emotion_valuing"": 0, ""emotional_reappraisal"": 8, ""evaluating"": 0, ""hypothesis_generation"": 4, ""meta_awareness"": 0, ""metacognitive_monitoring"": 0, ""metacognitive_regulation"": 0, ""noticing"": 0, ""pattern_recognition"": 0, ""perspective_taking"": 0, ""questioning"": 2, ""reconsidering"": 0, ""reframing"": 0, ""remembering"": 0, ""response_modulation"": 0, ""self_questioning"": 0, ""situation_modification"": 0, ""situation_selection"": 0, ""suspending_judgment"": 0, ""understanding"": 0, ""updating_beliefs"": 0, ""zooming_in"": 0, ""zooming_out"": 0}","{""abstracting"": 0, ""accepting"": 0, ""analogical_thinking"": 0, ""analyzing"": 0, ""applying"": 0, ""attentional_deployment"": 0, ""cognition_awareness"": 0, ""concretizing"": 0, ""connecting"": 0, ""convergent_thinking"": 2, ""counterfactual_reasoning"": 0, ""creating"": 0, ""distinguishing"": 3, ""divergent_thinking"": 0, ""emotion_characterizing"": 0, ""emotion_facilitation"": 0, ""emotion_management"": 0, ""emotion_organizing"": 0, ""emotion_perception"": 0, ""emotion_receiving"": 0, ""emotion_responding"": 0, ""emotion_understanding"": 0, ""emotion_valuing"": 0, ""emotional_reappraisal"": 5, ""evaluating"": 0, ""hypothesis_generation"": 1, ""meta_awareness"": 0, ""metacognitive_monitoring"": 0, ""metacognitive_regulation"": 0, ""noticing"": 0, ""pattern_recognition"": 0, ""perspective_taking"": 0, ""questioning"": 2, ""reconsidering"": 0, ""reframing"": 0, ""remembering"": 1, ""response_modulation"": 0, ""self_questioning"": 0, ""situation_modification"": 0, ""situation_selection"": 0, ""suspending_judgment"": 0, ""understanding"": 4, ""updating_beliefs"": 0, ""zooming_in"": 0, ""zooming_out"": 0}","Mei initially believes the water is calm and perfect for diving. The narrative explicitly states, “The water in the cove is calm with barely any waves.” However, the story then introduces a dramatic twist – a storm rolling in, transforming the water into something “rough and choppy.” 

Therefore, the most accurate answer is: **Initially, Mei believes the water is calm and perfect for diving, but the arrival of the storm reveals it to be rough and choppy.**",True,"{""abstracting"": 0, ""accepting"": 0, ""analogical_thinking"": 0, ""analyzing"": 0, ""applying"": 0, ""attentional_deployment"": 0, ""cognition_awareness"": 0, ""concretizing"": 0, ""connecting"": 0, ""convergent_thinking"": 0, ""counterfactual_reasoning"": 0, ""creating"": 0, ""distinguishing"": 5, ""divergent_thinking"": 0, ""emotion_characterizing"": 0, ""emotion_facilitation"": 0, ""emotion_management"": 0, ""emotion_organizing"": 0, ""emotion_perception"": 1, ""emotion_receiving"": 0, ""emotion_responding"": 0, ""emotion_understanding"": 0, ""emotion_valuing"": 0, ""emotional_reappraisal"": 8, ""evaluating"": 0, ""hypothesis_generation"": 4, ""meta_awareness"": 0, ""metacognitive_monitoring"": 0, ""metacognitive_regulation"": 0, ""noticing"": 0, ""pattern_recognition"": 0, ""perspective_taking"": 0, ""questioning"": 2, ""reconsidering"": 0, ""reframing"": 0, ""remembering"": 0, ""response_modulation"": 0, ""self_questioning"": 0, ""situation_modification"": 0, ""situation_selection"": 0, ""suspending_judgment"": 0, ""understanding"": 0, ""updating_beliefs"": 0, ""zooming_in"": 0, ""zooming_out"": 0}","{""abstracting"": 0, ""accepting"": 0, ""analogical_thinking"": 0, ""analyzing"": 0, ""applying"": 0, ""attentional_deployment"": 0, ""cognition_awareness"": 0, ""concretizing"": 0, ""connecting"": 0, ""convergent_thinking"": 4, ""counterfactual_reasoning"": 0, ""creating"": 0, ""distinguishing"": 5, ""divergent_thinking"": 0, ""emotion_characterizing"": 0, ""emotion_facilitation"": 0, ""emotion_management"": 0, ""emotion_organizing"": 0, ""emotion_perception"": 0, ""emotion_receiving"": 0, ""emotion_responding"": 0, ""emotion_understanding"": 0, ""emotion_valuing"": 0, ""emotional_reappraisal"": 2, ""evaluating"": 0, ""hypothesis_generation"": 0, ""meta_awareness"": 0, ""metacognitive_monitoring"": 0, ""metacognitive_regulation"": 0, ""noticing"": 0, ""pattern_recognition"": 0, ""perspective_taking"": 0, ""questioning"": 0, ""reconsidering"": 0, ""reframing"": 0, ""remembering"": 0, ""response_modulation"": 0, ""self_questioning"": 0, ""situation_modification"": 0, ""situation_selection"": 0, ""suspending_judgment"": 0, ""understanding"": 2, ""updating_beliefs"": 2, ""zooming_in"": 0, ""zooming_out"": 0}","{""emotion_organizing"": 0, ""counterfactual_reasoning"": 0, ""hypothesis_generation"": 0, ""emotion_perception"": 0, ""abstracting"": 0, ""divergent_thinking"": 0, ""analyzing"": 0, ""accepting"": 0, ""metacognitive_monitoring"": 0, ""self_questioning"": 0, ""emotion_valuing"": 0, ""remembering"": 0, ""zooming_out"": 0, ""evaluating"": 0, ""perspective_taking"": 0, ""emotion_responding"": 0, ""attentional_deployment"": 0, ""updating_beliefs"": 0, ""situation_modification"": 0, ""creating"": 0, ""situation_selection"": 0, ""concretizing"": 0, ""emotion_characterizing"": 0, ""zooming_in"": 0, ""noticing"": 0, ""emotion_management"": 0, ""pattern_recognition"": 0, ""reframing"": 0, ""convergent_thinking"": 0, ""connecting"": 0, ""metacognitive_regulation"": 0, ""emotional_reappraisal"": 0, ""reconsidering"": 0, ""analogical_thinking"": 0, ""understanding"": 0, ""distinguishing"": 0, ""cognition_awareness"": 0, ""suspending_judgment"": 0, ""questioning"": 0, ""emotion_understanding"": 0, ""meta_awareness"": 0, ""response_modulation"": 0, ""applying"": 0, ""emotion_facilitation"": 0, ""emotion_receiving"": 0}","{""emotion_organizing"": 0, ""counterfactual_reasoning"": 0, ""hypothesis_generation"": -1, ""emotion_perception"": 0, ""abstracting"": 0, ""divergent_thinking"": 0, ""analyzing"": 0, ""accepting"": 0, ""metacognitive_monitoring"": 0, ""self_questioning"": 0, ""emotion_valuing"": 0, ""remembering"": -1, ""zooming_out"": 0, ""evaluating"": 0, ""perspective_taking"": 0, ""emotion_responding"": 0, ""attentional_deployment"": 0, ""updating_beliefs"": 2, ""situation_modification"": 0, ""creating"": 0, ""situation_selection"": 0, ""concretizing"": 0, ""emotion_characterizing"": 0, ""zooming_in"": 0, ""noticing"": 0, ""emotion_management"": 0, ""pattern_recognition"": 0, ""reframing"": 0, ""convergent_thinking"": 2, ""connecting"": 0, ""metacognitive_regulation"": 0, ""emotional_reappraisal"": -3, ""reconsidering"": 0, ""analogical_thinking"": 0, ""understanding"": -2, ""distinguishing"": 2, ""cognition_awareness"": 0, ""suspending_judgment"": 0, ""questioning"": -2, ""emotion_understanding"": 0, ""meta_awareness"": 0, ""response_modulation"": 0, ""applying"": 0, ""emotion_facilitation"": 0, ""emotion_receiving"": 0}",False
"Nia is a marine biologist studying coral reefs on a remote island in the South Pacific. Nia wants to collect samples of healthy coral to study their adaptability to changing ocean temperatures. The coral she observes appears to be vibrant and teeming with life. However, a sudden underwater landslide nearby stirs up sediment, which settles on the coral and causes it to become stressed and bleached. Nia collects samples of the healthy coral.",Does Nia believe the coral is healthy and thriving or stressed and bleached?,Nia believes the coral is healthy and thriving.,Nia believes the coral is stressed and bleached.,"Nia believes the coral is **stressed and bleached**. 

The story explicitly states that the landslide caused sediment to settle on the coral, leading to stress and bleaching. While she initially observed vibrant coral, the subsequent event changed its condition.",False,"{""abstracting"": 0, ""accepting"": 0, ""analogical_thinking"": 0, ""analyzing"": 0, ""applying"": 0, ""attentional_deployment"": 0, ""cognition_awareness"": 0, ""concretizing"": 0, ""connecting"": 0, ""convergent_thinking"": 1, ""counterfactual_reasoning"": 0, ""creating"": 0, ""distinguishing"": 6, ""divergent_thinking"": 0, ""emotion_characterizing"": 0, ""emotion_facilitation"": 0, ""emotion_management"": 0, ""emotion_organizing"": 0, ""emotion_perception"": 4, ""emotion_receiving"": 0, ""emotion_responding"": 0, ""emotion_understanding"": 0, ""emotion_valuing"": 0, ""emotional_reappraisal"": 7, ""evaluating"": 0, ""hypothesis_generation"": 4, ""meta_awareness"": 0, ""metacognitive_monitoring"": 1, ""metacognitive_regulation"": 0, ""noticing"": 0, ""pattern_recognition"": 0, ""perspective_taking"": 0, ""questioning"": 1, ""reconsidering"": 0, ""reframing"": 0, ""remembering"": 0, ""response_modulation"": 0, ""self_questioning"": 0, ""situation_modification"": 0, ""situation_selection"": 0, ""suspending_judgment"": 0, ""understanding"": 0, ""updating_beliefs"": 0, ""zooming_in"": 0, ""zooming_out"": 0}","{""abstracting"": 1, ""accepting"": 0, ""analogical_thinking"": 0, ""analyzing"": 0, ""applying"": 0, ""attentional_deployment"": 0, ""cognition_awareness"": 0, ""concretizing"": 0, ""connecting"": 0, ""convergent_thinking"": 4, ""counterfactual_reasoning"": 0, ""creating"": 0, ""distinguishing"": 7, ""divergent_thinking"": 0, ""emotion_characterizing"": 0, ""emotion_facilitation"": 0, ""emotion_management"": 0, ""emotion_organizing"": 0, ""emotion_perception"": 0, ""emotion_receiving"": 0, ""emotion_responding"": 0, ""emotion_understanding"": 1, ""emotion_valuing"": 0, ""emotional_reappraisal"": 3, ""evaluating"": 0, ""hypothesis_generation"": 2, ""meta_awareness"": 0, ""metacognitive_monitoring"": 0, ""metacognitive_regulation"": 0, ""noticing"": 0, ""pattern_recognition"": 0, ""perspective_taking"": 0, ""questioning"": 1, ""reconsidering"": 0, ""reframing"": 0, ""remembering"": 0, ""response_modulation"": 0, ""self_questioning"": 0, ""situation_modification"": 0, ""situation_selection"": 0, ""suspending_judgment"": 0, ""understanding"": 4, ""updating_beliefs"": 0, ""zooming_in"": 0, ""zooming_out"": 0}","Nia initially believes the coral is healthy and thriving – she’s specifically seeking out samples of *healthy* coral to study its adaptability. However, the subsequent landslide reveals that the coral she initially observed is now stressed and bleached. 

Therefore, the most accurate answer is: **Initially, she believes the coral is healthy and thriving, but the landslide reveals it’s now stressed and bleached.**",False,"{""abstracting"": 0, ""accepting"": 0, ""analogical_thinking"": 0, ""analyzing"": 0, ""applying"": 0, ""attentional_deployment"": 0, ""cognition_awareness"": 0, ""concretizing"": 0, ""connecting"": 0, ""convergent_thinking"": 1, ""counterfactual_reasoning"": 0, ""creating"": 0, ""distinguishing"": 6, ""divergent_thinking"": 0, ""emotion_characterizing"": 0, ""emotion_facilitation"": 0, ""emotion_management"": 0, ""emotion_organizing"": 1, ""emotion_perception"": 4, ""emotion_receiving"": 0, ""emotion_responding"": 0, ""emotion_understanding"": 0, ""emotion_valuing"": 0, ""emotional_reappraisal"": 7, ""evaluating"": 0, ""hypothesis_generation"": 4, ""meta_awareness"": 0, ""metacognitive_monitoring"": 1, ""metacognitive_regulation"": 0, ""noticing"": 0, ""pattern_recognition"": 0, ""perspective_taking"": 0, ""questioning"": 0, ""reconsidering"": 0, ""reframing"": 0, ""remembering"": 0, ""response_modulation"": 0, ""self_questioning"": 0, ""situation_modification"": 0, ""situation_selection"": 0, ""suspending_judgment"": 0, ""understanding"": 0, ""updating_beliefs"": 0, ""zooming_in"": 0, ""zooming_out"": 0}","{""abstracting"": 0, ""accepting"": 0, ""analogical_thinking"": 0, ""analyzing"": 0, ""applying"": 0, ""attentional_deployment"": 0, ""cognition_awareness"": 0, ""concretizing"": 0, ""connecting"": 0, ""convergent_thinking"": 3, ""counterfactual_reasoning"": 0, ""creating"": 0, ""distinguishing"": 7, ""divergent_thinking"": 0, ""emotion_characterizing"": 0, ""emotion_facilitation"": 0, ""emotion_management"": 0, ""emotion_organizing"": 0, ""emotion_perception"": 0, ""emotion_receiving"": 0, ""emotion_responding"": 0, ""emotion_understanding"": 1, ""emotion_valuing"": 0, ""emotional_reappraisal"": 3, ""evaluating"": 0, ""hypothesis_generation"": 1, ""meta_awareness"": 0, ""metacognitive_monitoring"": 0, ""metacognitive_regulation"": 0, ""noticing"": 0, ""pattern_recognition"": 0, ""perspective_taking"": 0, ""questioning"": 0, ""reconsidering"": 0, ""reframing"": 0, ""remembering"": 0, ""response_modulation"": 0, ""self_questioning"": 0, ""situation_modification"": 0, ""situation_selection"": 0, ""suspending_judgment"": 0, ""understanding"": 0, ""updating_beliefs"": 3, ""zooming_in"": 0, ""zooming_out"": 0}","{""emotion_organizing"": 1, ""counterfactual_reasoning"": 0, ""hypothesis_generation"": 0, ""emotion_perception"": 0, ""abstracting"": 0, ""divergent_thinking"": 0, ""analyzing"": 0, ""accepting"": 0, ""metacognitive_monitoring"": 0, ""self_questioning"": 0, ""emotion_valuing"": 0, ""remembering"": 0, ""zooming_out"": 0, ""evaluating"": 0, ""perspective_taking"": 0, ""emotion_responding"": 0, ""attentional_deployment"": 0, ""updating_beliefs"": 0, ""situation_modification"": 0, ""creating"": 0, ""situation_selection"": 0, ""concretizing"": 0, ""emotion_characterizing"": 0, ""zooming_in"": 0, ""noticing"": 0, ""emotion_management"": 0, ""pattern_recognition"": 0, ""reframing"": 0, ""convergent_thinking"": 0, ""connecting"": 0, ""metacognitive_regulation"": 0, ""emotional_reappraisal"": 0, ""reconsidering"": 0, ""analogical_thinking"": 0, ""understanding"": 0, ""distinguishing"": 0, ""cognition_awareness"": 0, ""suspending_judgment"": 0, ""questioning"": -1, ""emotion_understanding"": 0, ""meta_awareness"": 0, ""response_modulation"": 0, ""applying"": 0, ""emotion_facilitation"": 0, ""emotion_receiving"": 0}","{""emotion_organizing"": 0, ""counterfactual_reasoning"": 0, ""hypothesis_generation"": -1, ""emotion_perception"": 0, ""abstracting"": -1, ""divergent_thinking"": 0, ""analyzing"": 0, ""accepting"": 0, ""metacognitive_monitoring"": 0, ""self_questioning"": 0, ""emotion_valuing"": 0, ""remembering"": 0, ""zooming_out"": 0, ""evaluating"": 0, ""perspective_taking"": 0, ""emotion_responding"": 0, ""attentional_deployment"": 0, ""updating_beliefs"": 3, ""situation_modification"": 0, ""creating"": 0, ""situation_selection"": 0, ""concretizing"": 0, ""emotion_characterizing"": 0, ""zooming_in"": 0, ""noticing"": 0, ""emotion_management"": 0, ""pattern_recognition"": 0, ""reframing"": 0, ""convergent_thinking"": -1, ""connecting"": 0, ""metacognitive_regulation"": 0, ""emotional_reappraisal"": 0, ""reconsidering"": 0, ""analogical_thinking"": 0, ""understanding"": -4, ""distinguishing"": 0, ""cognition_awareness"": 0, ""suspending_judgment"": 0, ""questioning"": -1, ""emotion_understanding"": 0, ""meta_awareness"": 0, ""response_modulation"": 0, ""applying"": 0, ""emotion_facilitation"": 0, ""emotion_receiving"": 0}",False
"Heiwa is a skilled fisherman in a coastal village in Japan. Heiwa wants to catch a large number of fish to sell at the local market. The sea appears calm and full of fish, making it an ideal time for fishing. Suddenly, a massive school of fish moves away from the area, leaving very few fish near Heiwa's fishing spot. Heiwa stays in the current fishing spot and tries to catch fish.",Does Heiwa believe the sea is calm and full of fish or that the fish have moved away?,Heiwa believes the sea is calm and full of fish.,Heiwa believes the fish have moved away.,"Heiwa believes the sea is calm and full of fish. The story states “The sea appears calm and full of fish, making it an ideal time for fishing.” He’s operating under that assumption until the fish unexpectedly move away.",True,"{""abstracting"": 0, ""accepting"": 0, ""analogical_thinking"": 0, ""analyzing"": 0, ""applying"": 0, ""attentional_deployment"": 0, ""cognition_awareness"": 0, ""concretizing"": 0, ""connecting"": 0, ""convergent_thinking"": 0, ""counterfactual_reasoning"": 0, ""creating"": 0, ""distinguishing"": 4, ""divergent_thinking"": 0, ""emotion_characterizing"": 0, ""emotion_facilitation"": 0, ""emotion_management"": 0, ""emotion_organizing"": 0, ""emotion_perception"": 0, ""emotion_receiving"": 0, ""emotion_responding"": 0, ""emotion_understanding"": 0, ""emotion_valuing"": 0, ""emotional_reappraisal"": 8, ""evaluating"": 0, ""hypothesis_generation"": 4, ""meta_awareness"": 0, ""metacognitive_monitoring"": 1, ""metacognitive_regulation"": 0, ""noticing"": 0, ""pattern_recognition"": 0, ""perspective_taking"": 0, ""questioning"": 2, ""reconsidering"": 0, ""reframing"": 1, ""remembering"": 0, ""response_modulation"": 0, ""self_questioning"": 0, ""situation_modification"": 0, ""situation_selection"": 0, ""suspending_judgment"": 0, ""understanding"": 0, ""updating_beliefs"": 0, ""zooming_in"": 0, ""zooming_out"": 0}","{""abstracting"": 0, ""accepting"": 0, ""analogical_thinking"": 0, ""analyzing"": 0, ""applying"": 0, ""attentional_deployment"": 0, ""cognition_awareness"": 0, ""concretizing"": 0, ""connecting"": 0, ""convergent_thinking"": 0, ""counterfactual_reasoning"": 0, ""creating"": 0, ""distinguishing"": 1, ""divergent_thinking"": 0, ""emotion_characterizing"": 0, ""emotion_facilitation"": 0, ""emotion_management"": 0, ""emotion_organizing"": 0, ""emotion_perception"": 0, ""emotion_receiving"": 0, ""emotion_responding"": 0, ""emotion_understanding"": 0, ""emotion_valuing"": 0, ""emotional_reappraisal"": 5, ""evaluating"": 0, ""hypothesis_generation"": 1, ""meta_awareness"": 0, ""metacognitive_monitoring"": 0, ""metacognitive_regulation"": 0, ""noticing"": 0, ""pattern_recognition"": 0, ""perspective_taking"": 0, ""questioning"": 2, ""reconsidering"": 0, ""reframing"": 0, ""remembering"": 0, ""response_modulation"": 0, ""self_questioning"": 0, ""situation_modification"": 0, ""situation_selection"": 0, ""suspending_judgment"": 0, ""understanding"": 1, ""updating_beliefs"": 0, ""zooming_in"": 0, ""zooming_out"": 0}","Heiwa initially believes the sea is calm and full of fish. The narrative explicitly states, “The sea appears calm and full of fish, making it an ideal time for fishing.” However, the subsequent revelation – the massive school of fish moving away – reveals that his initial assessment was correct *before* the shift. 

Therefore, the most accurate answer is: **Heiwa initially believes the sea is calm and full of fish, but the story reveals that the fish have moved away.**",True,"{""abstracting"": 0, ""accepting"": 0, ""analogical_thinking"": 0, ""analyzing"": 0, ""applying"": 0, ""attentional_deployment"": 0, ""cognition_awareness"": 0, ""concretizing"": 0, ""connecting"": 0, ""convergent_thinking"": 0, ""counterfactual_reasoning"": 0, ""creating"": 0, ""distinguishing"": 4, ""divergent_thinking"": 0, ""emotion_characterizing"": 0, ""emotion_facilitation"": 0, ""emotion_management"": 0, ""emotion_organizing"": 0, ""emotion_perception"": 0, ""emotion_receiving"": 0, ""emotion_responding"": 0, ""emotion_understanding"": 0, ""emotion_valuing"": 0, ""emotional_reappraisal"": 8, ""evaluating"": 0, ""hypothesis_generation"": 5, ""meta_awareness"": 0, ""metacognitive_monitoring"": 1, ""metacognitive_regulation"": 0, ""noticing"": 0, ""pattern_recognition"": 0, ""perspective_taking"": 0, ""questioning"": 1, ""reconsidering"": 0, ""reframing"": 1, ""remembering"": 0, ""response_modulation"": 0, ""self_questioning"": 0, ""situation_modification"": 0, ""situation_selection"": 0, ""suspending_judgment"": 0, ""understanding"": 0, ""updating_beliefs"": 0, ""zooming_in"": 0, ""zooming_out"": 0}","{""abstracting"": 0, ""accepting"": 0, ""analogical_thinking"": 0, ""analyzing"": 0, ""applying"": 0, ""attentional_deployment"": 0, ""cognition_awareness"": 0, ""concretizing"": 0, ""connecting"": 0, ""convergent_thinking"": 4, ""counterfactual_reasoning"": 0, ""creating"": 0, ""distinguishing"": 8, ""divergent_thinking"": 0, ""emotion_characterizing"": 0, ""emotion_facilitation"": 0, ""emotion_management"": 0, ""emotion_organizing"": 0, ""emotion_perception"": 0, ""emotion_receiving"": 0, ""emotion_responding"": 0, ""emotion_understanding"": 2, ""emotion_valuing"": 0, ""emotional_reappraisal"": 1, ""evaluating"": 0, ""hypothesis_generation"": 1, ""meta_awareness"": 0, ""metacognitive_monitoring"": 0, ""metacognitive_regulation"": 0, ""noticing"": 0, ""pattern_recognition"": 0, ""perspective_taking"": 0, ""questioning"": 1, ""reconsidering"": 0, ""reframing"": 0, ""remembering"": 0, ""response_modulation"": 0, ""self_questioning"": 0, ""situation_modification"": 0, ""situation_selection"": 0, ""suspending_judgment"": 0, ""understanding"": 3, ""updating_beliefs"": 2, ""zooming_in"": 0, ""zooming_out"": 0}","{""emotion_organizing"": 0, ""counterfactual_reasoning"": 0, ""hypothesis_generation"": 1, ""emotion_perception"": 0, ""abstracting"": 0, ""divergent_thinking"": 0, ""analyzing"": 0, ""accepting"": 0, ""metacognitive_monitoring"": 0, ""self_questioning"": 0, ""emotion_valuing"": 0, ""remembering"": 0, ""zooming_out"": 0, ""evaluating"": 0, ""perspective_taking"": 0, ""emotion_responding"": 0, ""attentional_deployment"": 0, ""updating_beliefs"": 0, ""situation_modification"": 0, ""creating"": 0, ""situation_selection"": 0, ""concretizing"": 0, ""emotion_characterizing"": 0, ""zooming_in"": 0, ""noticing"": 0, ""emotion_management"": 0, ""pattern_recognition"": 0, ""reframing"": 0, ""convergent_thinking"": 0, ""connecting"": 0, ""metacognitive_regulation"": 0, ""emotional_reappraisal"": 0, ""reconsidering"": 0, ""analogical_thinking"": 0, ""understanding"": 0, ""distinguishing"": 0, ""cognition_awareness"": 0, ""suspending_judgment"": 0, ""questioning"": -1, ""emotion_understanding"": 0, ""meta_awareness"": 0, ""response_modulation"": 0, ""applying"": 0, ""emotion_facilitation"": 0, ""emotion_receiving"": 0}","{""emotion_organizing"": 0, ""counterfactual_reasoning"": 0, ""hypothesis_generation"": 0, ""emotion_perception"": 0, ""abstracting"": 0, ""divergent_thinking"": 0, ""analyzing"": 0, ""accepting"": 0, ""metacognitive_monitoring"": 0, ""self_questioning"": 0, ""emotion_valuing"": 0, ""remembering"": 0, ""zooming_out"": 0, ""evaluating"": 0, ""perspective_taking"": 0, ""emotion_responding"": 0, ""attentional_deployment"": 0, ""updating_beliefs"": 2, ""situation_modification"": 0, ""creating"": 0, ""situation_selection"": 0, ""concretizing"": 0, ""emotion_characterizing"": 0, ""zooming_in"": 0, ""noticing"": 0, ""emotion_management"": 0, ""pattern_recognition"": 0, ""reframing"": 0, ""convergent_thinking"": 4, ""connecting"": 0, ""metacognitive_regulation"": 0, ""emotional_reappraisal"": -4, ""reconsidering"": 0, ""analogical_thinking"": 0, ""understanding"": 2, ""distinguishing"": 7, ""cognition_awareness"": 0, ""suspending_judgment"": 0, ""questioning"": -1, ""emotion_understanding"": 2, ""meta_awareness"": 0, ""response_modulation"": 0, ""applying"": 0, ""emotion_facilitation"": 0, ""emotion_receiving"": 0}",False
"Amina is an artist in a small town in Morocco, working in her home studio. She wants to complete her latest painting by adding a few final brushstrokes. Amina mixed a specific shade of blue paint before taking a short break. While she is away, her mischievous cat jumps onto the table, knocking over the paint, which spills and dries on the floor. Amina uses the blue paint to finish her painting.",Does Amina believe that her mixed shade of blue paint is still fresh or spilled and dried?,Amina believes the shade of blue paint is still fresh and ready to use.,Amina believes the shade of blue paint has spilled and dried.,"Spilled and dried. 

The story explicitly states the paint “spills and dries on the floor.” This indicates it’s no longer fresh. Amina then *uses* the dried paint to finish her painting, confirming it’s not usable in its original state.",False,"{""abstracting"": 0, ""accepting"": 0, ""analogical_thinking"": 0, ""analyzing"": 0, ""applying"": 0, ""attentional_deployment"": 0, ""cognition_awareness"": 0, ""concretizing"": 0, ""connecting"": 0, ""convergent_thinking"": 0, ""counterfactual_reasoning"": 0, ""creating"": 0, ""distinguishing"": 8, ""divergent_thinking"": 0, ""emotion_characterizing"": 0, ""emotion_facilitation"": 0, ""emotion_management"": 0, ""emotion_organizing"": 0, ""emotion_perception"": 0, ""emotion_receiving"": 0, ""emotion_responding"": 0, ""emotion_understanding"": 0, ""emotion_valuing"": 0, ""emotional_reappraisal"": 7, ""evaluating"": 0, ""hypothesis_generation"": 3, ""meta_awareness"": 0, ""metacognitive_monitoring"": 0, ""metacognitive_regulation"": 0, ""noticing"": 0, ""pattern_recognition"": 0, ""perspective_taking"": 0, ""questioning"": 1, ""reconsidering"": 0, ""reframing"": 0, ""remembering"": 1, ""response_modulation"": 0, ""self_questioning"": 0, ""situation_modification"": 0, ""situation_selection"": 0, ""suspending_judgment"": 0, ""understanding"": 0, ""updating_beliefs"": 0, ""zooming_in"": 0, ""zooming_out"": 0}","{""abstracting"": 0, ""accepting"": 0, ""analogical_thinking"": 0, ""analyzing"": 0, ""applying"": 0, ""attentional_deployment"": 0, ""cognition_awareness"": 0, ""concretizing"": 0, ""connecting"": 0, ""convergent_thinking"": 5, ""counterfactual_reasoning"": 0, ""creating"": 0, ""distinguishing"": 6, ""divergent_thinking"": 0, ""emotion_characterizing"": 0, ""emotion_facilitation"": 0, ""emotion_management"": 0, ""emotion_organizing"": 0, ""emotion_perception"": 0, ""emotion_receiving"": 0, ""emotion_responding"": 0, ""emotion_understanding"": 0, ""emotion_valuing"": 0, ""emotional_reappraisal"": 0, ""evaluating"": 0, ""hypothesis_generation"": 0, ""meta_awareness"": 0, ""metacognitive_monitoring"": 0, ""metacognitive_regulation"": 0, ""noticing"": 0, ""pattern_recognition"": 0, ""perspective_taking"": 0, ""questioning"": 2, ""reconsidering"": 0, ""reframing"": 0, ""remembering"": 0, ""response_modulation"": 0, ""self_questioning"": 0, ""situation_modification"": 0, ""situation_selection"": 0, ""suspending_judgment"": 0, ""understanding"": 3, ""updating_beliefs"": 0, ""zooming_in"": 0, ""zooming_out"": 0}","Amina believes her mixed shade of blue paint is still fresh. She intentionally used it to complete her painting, implying she considered it to be the precise shade she’d created and hadn’t detected any change or alteration during her brief absence.",True,"{""abstracting"": 0, ""accepting"": 0, ""analogical_thinking"": 0, ""analyzing"": 0, ""applying"": 0, ""attentional_deployment"": 0, ""cognition_awareness"": 0, ""concretizing"": 0, ""connecting"": 0, ""convergent_thinking"": 0, ""counterfactual_reasoning"": 0, ""creating"": 0, ""distinguishing"": 8, ""divergent_thinking"": 0, ""emotion_characterizing"": 0, ""emotion_facilitation"": 0, ""emotion_management"": 0, ""emotion_organizing"": 1, ""emotion_perception"": 0, ""emotion_receiving"": 0, ""emotion_responding"": 0, ""emotion_understanding"": 0, ""emotion_valuing"": 0, ""emotional_reappraisal"": 7, ""evaluating"": 0, ""hypothesis_generation"": 3, ""meta_awareness"": 0, ""metacognitive_monitoring"": 0, ""metacognitive_regulation"": 0, ""noticing"": 0, ""pattern_recognition"": 0, ""perspective_taking"": 0, ""questioning"": 1, ""reconsidering"": 0, ""reframing"": 0, ""remembering"": 1, ""response_modulation"": 0, ""self_questioning"": 0, ""situation_modification"": 0, ""situation_selection"": 0, ""suspending_judgment"": 0, ""understanding"": 0, ""updating_beliefs"": 0, ""zooming_in"": 0, ""zooming_out"": 0}","{""abstracting"": 0, ""accepting"": 0, ""analogical_thinking"": 0, ""analyzing"": 0, ""applying"": 0, ""attentional_deployment"": 0, ""cognition_awareness"": 0, ""concretizing"": 0, ""connecting"": 0, ""convergent_thinking"": 5, ""counterfactual_reasoning"": 0, ""creating"": 0, ""distinguishing"": 6, ""divergent_thinking"": 0, ""emotion_characterizing"": 0, ""emotion_facilitation"": 0, ""emotion_management"": 0, ""emotion_organizing"": 0, ""emotion_perception"": 0, ""emotion_receiving"": 0, ""emotion_responding"": 0, ""emotion_understanding"": 1, ""emotion_valuing"": 0, ""emotional_reappraisal"": 5, ""evaluating"": 0, ""hypothesis_generation"": 2, ""meta_awareness"": 0, ""metacognitive_monitoring"": 0, ""metacognitive_regulation"": 0, ""noticing"": 0, ""pattern_recognition"": 0, ""perspective_taking"": 0, ""questioning"": 0, ""reconsidering"": 0, ""reframing"": 0, ""remembering"": 0, ""response_modulation"": 0, ""self_questioning"": 0, ""situation_modification"": 1, ""situation_selection"": 0, ""suspending_judgment"": 0, ""understanding"": 2, ""updating_beliefs"": 0, ""zooming_in"": 0, ""zooming_out"": 0}","{""emotion_organizing"": 1, ""counterfactual_reasoning"": 0, ""hypothesis_generation"": 0, ""emotion_perception"": 0, ""abstracting"": 0, ""divergent_thinking"": 0, ""analyzing"": 0, ""accepting"": 0, ""metacognitive_monitoring"": 0, ""self_questioning"": 0, ""emotion_valuing"": 0, ""remembering"": 0, ""zooming_out"": 0, ""evaluating"": 0, ""perspective_taking"": 0, ""emotion_responding"": 0, ""attentional_deployment"": 0, ""updating_beliefs"": 0, ""situation_modification"": 0, ""creating"": 0, ""situation_selection"": 0, ""concretizing"": 0, ""emotion_characterizing"": 0, ""zooming_in"": 0, ""noticing"": 0, ""emotion_management"": 0, ""pattern_recognition"": 0, ""reframing"": 0, ""convergent_thinking"": 0, ""connecting"": 0, ""metacognitive_regulation"": 0, ""emotional_reappraisal"": 0, ""reconsidering"": 0, ""analogical_thinking"": 0, ""understanding"": 0, ""distinguishing"": 0, ""cognition_awareness"": 0, ""suspending_judgment"": 0, ""questioning"": 0, ""emotion_understanding"": 0, ""meta_awareness"": 0, ""response_modulation"": 0, ""applying"": 0, ""emotion_facilitation"": 0, ""emotion_receiving"": 0}","{""emotion_organizing"": 0, ""counterfactual_reasoning"": 0, ""hypothesis_generation"": 2, ""emotion_perception"": 0, ""abstracting"": 0, ""divergent_thinking"": 0, ""analyzing"": 0, ""accepting"": 0, ""metacognitive_monitoring"": 0, ""self_questioning"": 0, ""emotion_valuing"": 0, ""remembering"": 0, ""zooming_out"": 0, ""evaluating"": 0, ""perspective_taking"": 0, ""emotion_responding"": 0, ""attentional_deployment"": 0, ""updating_beliefs"": 0, ""situation_modification"": 1, ""creating"": 0, ""situation_selection"": 0, ""concretizing"": 0, ""emotion_characterizing"": 0, ""zooming_in"": 0, ""noticing"": 0, ""emotion_management"": 0, ""pattern_recognition"": 0, ""reframing"": 0, ""convergent_thinking"": 0, ""connecting"": 0, ""metacognitive_regulation"": 0, ""emotional_reappraisal"": 5, ""reconsidering"": 0, ""analogical_thinking"": 0, ""understanding"": -1, ""distinguishing"": 0, ""cognition_awareness"": 0, ""suspending_judgment"": 0, ""questioning"": -2, ""emotion_understanding"": 1, ""meta_awareness"": 0, ""response_modulation"": 0, ""applying"": 0, ""emotion_facilitation"": 0, ""emotion_receiving"": 0}",True
"Fatima is an archaeologist working at an excavation site in Egypt. Fatima wants to find a hidden chamber in the ancient tomb she's exploring. Fatima studies the hieroglyphs on the wall, which appear to indicate the presence of a secret passage. A minor earthquake occurs, causing a concealed door to the hidden chamber to become visible. Fatima continues to search for clues about the hidden chamber.","Does Fatima believe there is a hidden chamber based on the hieroglyphs, or does she now know about the concealed door?",Fatima believes there is a hidden chamber based on the hieroglyphs.,Fatima knows about the concealed door.,"Fatima believes there is a hidden chamber **based on the hieroglyphs**. The story states the hieroglyphs “appear to indicate the presence of a secret passage,” which strongly suggests she *believed* a chamber was hidden before the earthquake. The earthquake simply revealed a door that confirms what the hieroglyphs suggested. 

It’s important to distinguish between belief and knowledge – she had a belief based on the symbols, and now she has *knowledge* of the door’s existence",True,"{""abstracting"": 0, ""accepting"": 0, ""analogical_thinking"": 0, ""analyzing"": 0, ""applying"": 0, ""attentional_deployment"": 0, ""cognition_awareness"": 0, ""concretizing"": 0, ""connecting"": 0, ""convergent_thinking"": 0, ""counterfactual_reasoning"": 0, ""creating"": 0, ""distinguishing"": 5, ""divergent_thinking"": 0, ""emotion_characterizing"": 0, ""emotion_facilitation"": 0, ""emotion_management"": 0, ""emotion_organizing"": 1, ""emotion_perception"": 1, ""emotion_receiving"": 0, ""emotion_responding"": 0, ""emotion_understanding"": 0, ""emotion_valuing"": 0, ""emotional_reappraisal"": 6, ""evaluating"": 0, ""hypothesis_generation"": 5, ""meta_awareness"": 0, ""metacognitive_monitoring"": 0, ""metacognitive_regulation"": 0, ""noticing"": 0, ""pattern_recognition"": 0, ""perspective_taking"": 0, ""questioning"": 0, ""reconsidering"": 0, ""reframing"": 0, ""remembering"": 0, ""response_modulation"": 0, ""self_questioning"": 0, ""situation_modification"": 0, ""situation_selection"": 0, ""suspending_judgment"": 0, ""understanding"": 0, ""updating_beliefs"": 0, ""zooming_in"": 0, ""zooming_out"": 0}","{""abstracting"": 3, ""accepting"": 0, ""analogical_thinking"": 0, ""analyzing"": 0, ""applying"": 0, ""attentional_deployment"": 0, ""cognition_awareness"": 0, ""concretizing"": 0, ""connecting"": 0, ""convergent_thinking"": 1, ""counterfactual_reasoning"": 0, ""creating"": 0, ""distinguishing"": 8, ""divergent_thinking"": 0, ""emotion_characterizing"": 1, ""emotion_facilitation"": 0, ""emotion_management"": 0, ""emotion_organizing"": 0, ""emotion_perception"": 0, ""emotion_receiving"": 0, ""emotion_responding"": 0, ""emotion_understanding"": 1, ""emotion_valuing"": 0, ""emotional_reappraisal"": 0, ""evaluating"": 0, ""hypothesis_generation"": 2, ""meta_awareness"": 0, ""metacognitive_monitoring"": 0, ""metacognitive_regulation"": 0, ""noticing"": 0, ""pattern_recognition"": 0, ""perspective_taking"": 0, ""questioning"": 0, ""reconsidering"": 0, ""reframing"": 0, ""remembering"": 0, ""response_modulation"": 0, ""self_questioning"": 0, ""situation_modification"": 0, ""situation_selection"": 0, ""suspending_judgment"": 0, ""understanding"": 1, ""updating_beliefs"": 0, ""zooming_in"": 0, ""zooming_out"": 0}","Fatima initially believed there was a hidden chamber based on the **hieroglyphs**. The discovery of the concealed door is a *confirmation* of that belief, not the genesis of it. She’s now aware of the chamber’s existence through a combination of her prior research and the newly revealed mechanism.

Therefore, the most accurate answer is: **She initially believed there was a hidden chamber based on the hieroglyphs, and now she knows about the concealed door, which confirms her belief",True,"{""abstracting"": 0, ""accepting"": 0, ""analogical_thinking"": 0, ""analyzing"": 0, ""applying"": 0, ""attentional_deployment"": 0, ""cognition_awareness"": 0, ""concretizing"": 0, ""connecting"": 0, ""convergent_thinking"": 0, ""counterfactual_reasoning"": 0, ""creating"": 0, ""distinguishing"": 5, ""divergent_thinking"": 0, ""emotion_characterizing"": 0, ""emotion_facilitation"": 0, ""emotion_management"": 0, ""emotion_organizing"": 1, ""emotion_perception"": 1, ""emotion_receiving"": 0, ""emotion_responding"": 0, ""emotion_understanding"": 0, ""emotion_valuing"": 0, ""emotional_reappraisal"": 6, ""evaluating"": 0, ""hypothesis_generation"": 5, ""meta_awareness"": 0, ""metacognitive_monitoring"": 0, ""metacognitive_regulation"": 0, ""noticing"": 0, ""pattern_recognition"": 1, ""perspective_taking"": 0, ""questioning"": 0, ""reconsidering"": 0, ""reframing"": 0, ""remembering"": 0, ""response_modulation"": 0, ""self_questioning"": 0, ""situation_modification"": 0, ""situation_selection"": 0, ""suspending_judgment"": 0, ""understanding"": 0, ""updating_beliefs"": 0, ""zooming_in"": 0, ""zooming_out"": 0}","{""abstracting"": 1, ""accepting"": 0, ""analogical_thinking"": 0, ""analyzing"": 0, ""applying"": 0, ""attentional_deployment"": 0, ""cognition_awareness"": 0, ""concretizing"": 0, ""connecting"": 0, ""convergent_thinking"": 5, ""counterfactual_reasoning"": 0, ""creating"": 0, ""distinguishing"": 9, ""divergent_thinking"": 0, ""emotion_characterizing"": 0, ""emotion_facilitation"": 0, ""emotion_management"": 0, ""emotion_organizing"": 1, ""emotion_perception"": 0, ""emotion_receiving"": 0, ""emotion_responding"": 0, ""emotion_understanding"": 1, ""emotion_valuing"": 0, ""emotional_reappraisal"": 2, ""evaluating"": 0, ""hypothesis_generation"": 1, ""meta_awareness"": 0, ""metacognitive_monitoring"": 0, ""metacognitive_regulation"": 0, ""noticing"": 0, ""pattern_recognition"": 0, ""perspective_taking"": 0, ""questioning"": 0, ""reconsidering"": 0, ""reframing"": 0, ""remembering"": 0, ""response_modulation"": 0, ""self_questioning"": 0, ""situation_modification"": 0, ""situation_selection"": 0, ""suspending_judgment"": 0, ""understanding"": 4, ""updating_beliefs"": 2, ""zooming_in"": 0, ""zooming_out"": 0}","{""emotion_organizing"": 0, ""counterfactual_reasoning"": 0, ""hypothesis_generation"": 0, ""emotion_perception"": 0, ""abstracting"": 0, ""divergent_thinking"": 0, ""analyzing"": 0, ""accepting"": 0, ""metacognitive_monitoring"": 0, ""self_questioning"": 0, ""emotion_valuing"": 0, ""remembering"": 0, ""zooming_out"": 0, ""evaluating"": 0, ""perspective_taking"": 0, ""emotion_responding"": 0, ""attentional_deployment"": 0, ""updating_beliefs"": 0, ""situation_modification"": 0, ""creating"": 0, ""situation_selection"": 0, ""concretizing"": 0, ""emotion_characterizing"": 0, ""zooming_in"": 0, ""noticing"": 0, ""emotion_management"": 0, ""pattern_recognition"": 1, ""reframing"": 0, ""convergent_thinking"": 0, ""connecting"": 0, ""metacognitive_regulation"": 0, ""emotional_reappraisal"": 0, ""reconsidering"": 0, ""analogical_thinking"": 0, ""understanding"": 0, ""distinguishing"": 0, ""cognition_awareness"": 0, ""suspending_judgment"": 0, ""questioning"": 0, ""emotion_understanding"": 0, ""meta_awareness"": 0, ""response_modulation"": 0, ""applying"": 0, ""emotion_facilitation"": 0, ""emotion_receiving"": 0}","{""emotion_organizing"": 1, ""counterfactual_reasoning"": 0, ""hypothesis_generation"": -1, ""emotion_perception"": 0, ""abstracting"": -2, ""divergent_thinking"": 0, ""analyzing"": 0, ""accepting"": 0, ""metacognitive_monitoring"": 0, ""self_questioning"": 0, ""emotion_valuing"": 0, ""remembering"": 0, ""zooming_out"": 0, ""evaluating"": 0, ""perspective_taking"": 0, ""emotion_responding"": 0, ""attentional_deployment"": 0, ""updating_beliefs"": 2, ""situation_modification"": 0, ""creating"": 0, ""situation_selection"": 0, ""concretizing"": 0, ""emotion_characterizing"": -1, ""zooming_in"": 0, ""noticing"": 0, ""emotion_management"": 0, ""pattern_recognition"": 0, ""reframing"": 0, ""convergent_thinking"": 4, ""connecting"": 0, ""metacognitive_regulation"": 0, ""emotional_reappraisal"": 2, ""reconsidering"": 0, ""analogical_thinking"": 0, ""understanding"": 3, ""distinguishing"": 1, ""cognition_awareness"": 0, ""suspending_judgment"": 0, ""questioning"": 0, ""emotion_understanding"": 0, ""meta_awareness"": 0, ""response_modulation"": 0, ""applying"": 0, ""emotion_facilitation"": 0, ""emotion_receiving"": 0}",False
"Fatima is a potter in a small Moroccan village known for its vibrant ceramics. Fatima wants to create a beautiful vase as a wedding gift for her cousin. Fatima has left her kiln turned off overnight to cool down. A power surge during the night causes the kiln to turn on unexpectedly, making it dangerously hot. Fatima begins working on the vase.",Does Fatima believe her kiln is off and cool or unexpectedly hot?,Fatima believes her kiln is off and cool.,Fatima believes her kiln is unexpectedly hot.,Fatima believes her kiln is off and cool. The story states she “has left her kiln turned off to cool down.”,True,"{""abstracting"": 0, ""accepting"": 0, ""analogical_thinking"": 0, ""analyzing"": 0, ""applying"": 0, ""attentional_deployment"": 0, ""cognition_awareness"": 0, ""concretizing"": 0, ""connecting"": 0, ""convergent_thinking"": 0, ""counterfactual_reasoning"": 0, ""creating"": 0, ""distinguishing"": 8, ""divergent_thinking"": 0, ""emotion_characterizing"": 0, ""emotion_facilitation"": 0, ""emotion_management"": 0, ""emotion_organizing"": 0, ""emotion_perception"": 0, ""emotion_receiving"": 0, ""emotion_responding"": 0, ""emotion_understanding"": 0, ""emotion_valuing"": 0, ""emotional_reappraisal"": 9, ""evaluating"": 0, ""hypothesis_generation"": 4, ""meta_awareness"": 0, ""metacognitive_monitoring"": 0, ""metacognitive_regulation"": 0, ""noticing"": 0, ""pattern_recognition"": 0, ""perspective_taking"": 0, ""questioning"": 2, ""reconsidering"": 0, ""reframing"": 0, ""remembering"": 0, ""response_modulation"": 0, ""self_questioning"": 0, ""situation_modification"": 0, ""situation_selection"": 0, ""suspending_judgment"": 0, ""understanding"": 0, ""updating_beliefs"": 0, ""zooming_in"": 0, ""zooming_out"": 0}","{""abstracting"": 0, ""accepting"": 0, ""analogical_thinking"": 0, ""analyzing"": 0, ""applying"": 0, ""attentional_deployment"": 0, ""cognition_awareness"": 0, ""concretizing"": 0, ""connecting"": 0, ""convergent_thinking"": 0, ""counterfactual_reasoning"": 0, ""creating"": 0, ""distinguishing"": 9, ""divergent_thinking"": 0, ""emotion_characterizing"": 0, ""emotion_facilitation"": 0, ""emotion_management"": 0, ""emotion_organizing"": 0, ""emotion_perception"": 0, ""emotion_receiving"": 0, ""emotion_responding"": 0, ""emotion_understanding"": 0, ""emotion_valuing"": 0, ""emotional_reappraisal"": 5, ""evaluating"": 0, ""hypothesis_generation"": 2, ""meta_awareness"": 0, ""metacognitive_monitoring"": 0, ""metacognitive_regulation"": 0, ""noticing"": 0, ""pattern_recognition"": 0, ""perspective_taking"": 0, ""questioning"": 1, ""reconsidering"": 0, ""reframing"": 0, ""remembering"": 0, ""response_modulation"": 0, ""self_questioning"": 0, ""situation_modification"": 0, ""situation_selection"": 0, ""suspending_judgment"": 0, ""understanding"": 3, ""updating_beliefs"": 1, ""zooming_in"": 0, ""zooming_out"": 0}",Fatima believes her kiln is off and cool. The story explicitly states she “left her kiln turned off to cool down.”,True,"{""abstracting"": 0, ""accepting"": 0, ""analogical_thinking"": 0, ""analyzing"": 0, ""applying"": 0, ""attentional_deployment"": 0, ""cognition_awareness"": 0, ""concretizing"": 0, ""connecting"": 0, ""convergent_thinking"": 0, ""counterfactual_reasoning"": 0, ""creating"": 0, ""distinguishing"": 8, ""divergent_thinking"": 0, ""emotion_characterizing"": 0, ""emotion_facilitation"": 0, ""emotion_management"": 0, ""emotion_organizing"": 0, ""emotion_perception"": 0, ""emotion_receiving"": 0, ""emotion_responding"": 0, ""emotion_understanding"": 0, ""emotion_valuing"": 0, ""emotional_reappraisal"": 9, ""evaluating"": 0, ""hypothesis_generation"": 4, ""meta_awareness"": 0, ""metacognitive_monitoring"": 0, ""metacognitive_regulation"": 0, ""noticing"": 0, ""pattern_recognition"": 0, ""perspective_taking"": 0, ""questioning"": 2, ""reconsidering"": 0, ""reframing"": 0, ""remembering"": 0, ""response_modulation"": 0, ""self_questioning"": 0, ""situation_modification"": 0, ""situation_selection"": 0, ""suspending_judgment"": 0, ""understanding"": 0, ""updating_beliefs"": 0, ""zooming_in"": 0, ""zooming_out"": 0}","{""abstracting"": 0, ""accepting"": 0, ""analogical_thinking"": 0, ""analyzing"": 0, ""applying"": 0, ""attentional_deployment"": 0, ""cognition_awareness"": 0, ""concretizing"": 0, ""connecting"": 0, ""convergent_thinking"": 0, ""counterfactual_reasoning"": 0, ""creating"": 0, ""distinguishing"": 9, ""divergent_thinking"": 0, ""emotion_characterizing"": 0, ""emotion_facilitation"": 0, ""emotion_management"": 0, ""emotion_organizing"": 0, ""emotion_perception"": 0, ""emotion_receiving"": 0, ""emotion_responding"": 0, ""emotion_understanding"": 0, ""emotion_valuing"": 0, ""emotional_reappraisal"": 5, ""evaluating"": 0, ""hypothesis_generation"": 2, ""meta_awareness"": 0, ""metacognitive_monitoring"": 0, ""metacognitive_regulation"": 0, ""noticing"": 0, ""pattern_recognition"": 0, ""perspective_taking"": 0, ""questioning"": 1, ""reconsidering"": 0, ""reframing"": 0, ""remembering"": 0, ""response_modulation"": 0, ""self_questioning"": 0, ""situation_modification"": 0, ""situation_selection"": 0, ""suspending_judgment"": 0, ""understanding"": 3, ""updating_beliefs"": 1, ""zooming_in"": 0, ""zooming_out"": 0}","{""emotion_organizing"": 0, ""counterfactual_reasoning"": 0, ""hypothesis_generation"": 0, ""emotion_perception"": 0, ""abstracting"": 0, ""divergent_thinking"": 0, ""analyzing"": 0, ""accepting"": 0, ""metacognitive_monitoring"": 0, ""self_questioning"": 0, ""emotion_valuing"": 0, ""remembering"": 0, ""zooming_out"": 0, ""evaluating"": 0, ""perspective_taking"": 0, ""emotion_responding"": 0, ""attentional_deployment"": 0, ""updating_beliefs"": 0, ""situation_modification"": 0, ""creating"": 0, ""situation_selection"": 0, ""concretizing"": 0, ""emotion_characterizing"": 0, ""zooming_in"": 0, ""noticing"": 0, ""emotion_management"": 0, ""pattern_recognition"": 0, ""reframing"": 0, ""convergent_thinking"": 0, ""connecting"": 0, ""metacognitive_regulation"": 0, ""emotional_reappraisal"": 0, ""reconsidering"": 0, ""analogical_thinking"": 0, ""understanding"": 0, ""distinguishing"": 0, ""cognition_awareness"": 0, ""suspending_judgment"": 0, ""questioning"": 0, ""emotion_understanding"": 0, ""meta_awareness"": 0, ""response_modulation"": 0, ""applying"": 0, ""emotion_facilitation"": 0, ""emotion_receiving"": 0}","{""emotion_organizing"": 0, ""counterfactual_reasoning"": 0, ""hypothesis_generation"": 0, ""emotion_perception"": 0, ""abstracting"": 0, ""divergent_thinking"": 0, ""analyzing"": 0, ""accepting"": 0, ""metacognitive_monitoring"": 0, ""self_questioning"": 0, ""emotion_valuing"": 0, ""remembering"": 0, ""zooming_out"": 0, ""evaluating"": 0, ""perspective_taking"": 0, ""emotion_responding"": 0, ""attentional_deployment"": 0, ""updating_beliefs"": 0, ""situation_modification"": 0, ""creating"": 0, ""situation_selection"": 0, ""concretizing"": 0, ""emotion_characterizing"": 0, ""zooming_in"": 0, ""noticing"": 0, ""emotion_management"": 0, ""pattern_recognition"": 0, ""reframing"": 0, ""convergent_thinking"": 0, ""connecting"": 0, ""metacognitive_regulation"": 0, ""emotional_reappraisal"": 0, ""reconsidering"": 0, ""analogical_thinking"": 0, ""understanding"": 0, ""distinguishing"": 0, ""cognition_awareness"": 0, ""suspending_judgment"": 0, ""questioning"": 0, ""emotion_understanding"": 0, ""meta_awareness"": 0, ""response_modulation"": 0, ""applying"": 0, ""emotion_facilitation"": 0, ""emotion_receiving"": 0}",False
"Nneka is a talented artist living in Lagos, Nigeria. She wants to complete a painting for an upcoming art exhibition. Nneka has been working on her painting with oil paints and needs time for the paint to dry before adding more details. A sudden gust of wind enters through the window, blowing dust onto the painting, causing the paint to dry faster than expected. Nneka waits for the paint to dry before working on it further.",Does Nneka believe her painting is still wet or has it dried faster due to the dust?,Nneka believes her painting is still wet.,Nneka believes her painting has dried faster due to the dust.,"Nneka believes her painting has dried faster due to the dust. The story states the wind blew dust onto the painting, causing the paint to dry “faster than expected.” This implies a change in the drying process, not that it’s still wet.",False,"{""abstracting"": 0, ""accepting"": 0, ""analogical_thinking"": 0, ""analyzing"": 0, ""applying"": 0, ""attentional_deployment"": 0, ""cognition_awareness"": 0, ""concretizing"": 0, ""connecting"": 0, ""convergent_thinking"": 0, ""counterfactual_reasoning"": 0, ""creating"": 0, ""distinguishing"": 6, ""divergent_thinking"": 0, ""emotion_characterizing"": 0, ""emotion_facilitation"": 0, ""emotion_management"": 0, ""emotion_organizing"": 0, ""emotion_perception"": 2, ""emotion_receiving"": 0, ""emotion_responding"": 0, ""emotion_understanding"": 0, ""emotion_valuing"": 0, ""emotional_reappraisal"": 9, ""evaluating"": 0, ""hypothesis_generation"": 4, ""meta_awareness"": 0, ""metacognitive_monitoring"": 0, ""metacognitive_regulation"": 0, ""noticing"": 0, ""pattern_recognition"": 0, ""perspective_taking"": 0, ""questioning"": 1, ""reconsidering"": 0, ""reframing"": 0, ""remembering"": 0, ""response_modulation"": 0, ""self_questioning"": 0, ""situation_modification"": 0, ""situation_selection"": 0, ""suspending_judgment"": 0, ""understanding"": 0, ""updating_beliefs"": 0, ""zooming_in"": 0, ""zooming_out"": 0}","{""abstracting"": 0, ""accepting"": 0, ""analogical_thinking"": 0, ""analyzing"": 0, ""applying"": 0, ""attentional_deployment"": 0, ""cognition_awareness"": 0, ""concretizing"": 0, ""connecting"": 0, ""convergent_thinking"": 1, ""counterfactual_reasoning"": 0, ""creating"": 0, ""distinguishing"": 6, ""divergent_thinking"": 0, ""emotion_characterizing"": 0, ""emotion_facilitation"": 0, ""emotion_management"": 0, ""emotion_organizing"": 0, ""emotion_perception"": 1, ""emotion_receiving"": 0, ""emotion_responding"": 0, ""emotion_understanding"": 0, ""emotion_valuing"": 0, ""emotional_reappraisal"": 6, ""evaluating"": 0, ""hypothesis_generation"": 2, ""meta_awareness"": 0, ""metacognitive_monitoring"": 0, ""metacognitive_regulation"": 0, ""noticing"": 0, ""pattern_recognition"": 0, ""perspective_taking"": 0, ""questioning"": 1, ""reconsidering"": 0, ""reframing"": 0, ""remembering"": 0, ""response_modulation"": 0, ""self_questioning"": 0, ""situation_modification"": 0, ""situation_selection"": 0, ""suspending_judgment"": 0, ""understanding"": 2, ""updating_beliefs"": 0, ""zooming_in"": 0, ""zooming_out"": 0}","Nneka believes her painting has dried faster due to the dust. The prompt explicitly states the dust caused the paint to dry “faster than expected.” While she initially had the time to work with a wet surface, the accelerated drying process has shifted her perspective.",False,"{""abstracting"": 0, ""accepting"": 0, ""analogical_thinking"": 0, ""analyzing"": 0, ""applying"": 0, ""attentional_deployment"": 0, ""cognition_awareness"": 0, ""concretizing"": 0, ""connecting"": 0, ""convergent_thinking"": 0, ""counterfactual_reasoning"": 0, ""creating"": 0, ""distinguishing"": 6, ""divergent_thinking"": 0, ""emotion_characterizing"": 0, ""emotion_facilitation"": 0, ""emotion_management"": 0, ""emotion_organizing"": 1, ""emotion_perception"": 2, ""emotion_receiving"": 0, ""emotion_responding"": 1, ""emotion_understanding"": 0, ""emotion_valuing"": 0, ""emotional_reappraisal"": 9, ""evaluating"": 0, ""hypothesis_generation"": 4, ""meta_awareness"": 0, ""metacognitive_monitoring"": 0, ""metacognitive_regulation"": 0, ""noticing"": 0, ""pattern_recognition"": 1, ""perspective_taking"": 0, ""questioning"": 0, ""reconsidering"": 0, ""reframing"": 0, ""remembering"": 0, ""response_modulation"": 0, ""self_questioning"": 0, ""situation_modification"": 0, ""situation_selection"": 0, ""suspending_judgment"": 0, ""understanding"": 0, ""updating_beliefs"": 0, ""zooming_in"": 0, ""zooming_out"": 0}","{""abstracting"": 0, ""accepting"": 0, ""analogical_thinking"": 0, ""analyzing"": 0, ""applying"": 0, ""attentional_deployment"": 0, ""cognition_awareness"": 0, ""concretizing"": 0, ""connecting"": 0, ""convergent_thinking"": 0, ""counterfactual_reasoning"": 0, ""creating"": 0, ""distinguishing"": 3, ""divergent_thinking"": 0, ""emotion_characterizing"": 0, ""emotion_facilitation"": 0, ""emotion_management"": 0, ""emotion_organizing"": 0, ""emotion_perception"": 0, ""emotion_receiving"": 0, ""emotion_responding"": 0, ""emotion_understanding"": 2, ""emotion_valuing"": 0, ""emotional_reappraisal"": 4, ""evaluating"": 0, ""hypothesis_generation"": 2, ""meta_awareness"": 0, ""metacognitive_monitoring"": 0, ""metacognitive_regulation"": 0, ""noticing"": 0, ""pattern_recognition"": 0, ""perspective_taking"": 0, ""questioning"": 0, ""reconsidering"": 0, ""reframing"": 0, ""remembering"": 0, ""response_modulation"": 0, ""self_questioning"": 0, ""situation_modification"": 0, ""situation_selection"": 0, ""suspending_judgment"": 0, ""understanding"": 3, ""updating_beliefs"": 0, ""zooming_in"": 0, ""zooming_out"": 0}","{""emotion_organizing"": 1, ""counterfactual_reasoning"": 0, ""hypothesis_generation"": 0, ""emotion_perception"": 0, ""abstracting"": 0, ""divergent_thinking"": 0, ""analyzing"": 0, ""accepting"": 0, ""metacognitive_monitoring"": 0, ""self_questioning"": 0, ""emotion_valuing"": 0, ""remembering"": 0, ""zooming_out"": 0, ""evaluating"": 0, ""perspective_taking"": 0, ""emotion_responding"": 1, ""attentional_deployment"": 0, ""updating_beliefs"": 0, ""situation_modification"": 0, ""creating"": 0, ""situation_selection"": 0, ""concretizing"": 0, ""emotion_characterizing"": 0, ""zooming_in"": 0, ""noticing"": 0, ""emotion_management"": 0, ""pattern_recognition"": 1, ""reframing"": 0, ""convergent_thinking"": 0, ""connecting"": 0, ""metacognitive_regulation"": 0, ""emotional_reappraisal"": 0, ""reconsidering"": 0, ""analogical_thinking"": 0, ""understanding"": 0, ""distinguishing"": 0, ""cognition_awareness"": 0, ""suspending_judgment"": 0, ""questioning"": -1, ""emotion_understanding"": 0, ""meta_awareness"": 0, ""response_modulation"": 0, ""applying"": 0, ""emotion_facilitation"": 0, ""emotion_receiving"": 0}","{""emotion_organizing"": 0, ""counterfactual_reasoning"": 0, ""hypothesis_generation"": 0, ""emotion_perception"": -1, ""abstracting"": 0, ""divergent_thinking"": 0, ""analyzing"": 0, ""accepting"": 0, ""metacognitive_monitoring"": 0, ""self_questioning"": 0, ""emotion_valuing"": 0, ""remembering"": 0, ""zooming_out"": 0, ""evaluating"": 0, ""perspective_taking"": 0, ""emotion_responding"": 0, ""attentional_deployment"": 0, ""updating_beliefs"": 0, ""situation_modification"": 0, ""creating"": 0, ""situation_selection"": 0, ""concretizing"": 0, ""emotion_characterizing"": 0, ""zooming_in"": 0, ""noticing"": 0, ""emotion_management"": 0, ""pattern_recognition"": 0, ""reframing"": 0, ""convergent_thinking"": -1, ""connecting"": 0, ""metacognitive_regulation"": 0, ""emotional_reappraisal"": -2, ""reconsidering"": 0, ""analogical_thinking"": 0, ""understanding"": 1, ""distinguishing"": -3, ""cognition_awareness"": 0, ""suspending_judgment"": 0, ""questioning"": -1, ""emotion_understanding"": 2, ""meta_awareness"": 0, ""response_modulation"": 0, ""applying"": 0, ""emotion_facilitation"": 0, ""emotion_receiving"": 0}",False
"Fatima is a florist in a bustling market in Marrakech, Morocco. Fatima wants to create a beautiful bouquet for a customer's wedding. Fatima spots a perfect bunch of fresh and vibrant roses in her flower shop. A curious cat sneaks into the shop and nibbles on the roses, leaving them wilted and damaged. Fatima uses the roses to create the bouquet.",Does Fatima believe the roses are fresh and vibrant or wilted and damaged?,Fatima believes the roses are fresh and vibrant.,Fatima believes the roses are wilted and damaged.,"Wilted and damaged. 

The story explicitly states the cat nibbled on the roses, leaving them “wilted and damaged.”",False,"{""abstracting"": 0, ""accepting"": 0, ""analogical_thinking"": 0, ""analyzing"": 0, ""applying"": 0, ""attentional_deployment"": 0, ""cognition_awareness"": 0, ""concretizing"": 0, ""connecting"": 0, ""convergent_thinking"": 0, ""counterfactual_reasoning"": 0, ""creating"": 0, ""distinguishing"": 9, ""divergent_thinking"": 0, ""emotion_characterizing"": 0, ""emotion_facilitation"": 0, ""emotion_management"": 0, ""emotion_organizing"": 0, ""emotion_perception"": 1, ""emotion_receiving"": 0, ""emotion_responding"": 0, ""emotion_understanding"": 0, ""emotion_valuing"": 0, ""emotional_reappraisal"": 7, ""evaluating"": 0, ""hypothesis_generation"": 4, ""meta_awareness"": 0, ""metacognitive_monitoring"": 0, ""metacognitive_regulation"": 0, ""noticing"": 0, ""pattern_recognition"": 0, ""perspective_taking"": 0, ""questioning"": 1, ""reconsidering"": 0, ""reframing"": 0, ""remembering"": 0, ""response_modulation"": 0, ""self_questioning"": 0, ""situation_modification"": 0, ""situation_selection"": 0, ""suspending_judgment"": 0, ""understanding"": 0, ""updating_beliefs"": 0, ""zooming_in"": 0, ""zooming_out"": 0}","{""abstracting"": 0, ""accepting"": 0, ""analogical_thinking"": 0, ""analyzing"": 0, ""applying"": 0, ""attentional_deployment"": 0, ""cognition_awareness"": 0, ""concretizing"": 0, ""connecting"": 0, ""convergent_thinking"": 5, ""counterfactual_reasoning"": 0, ""creating"": 0, ""distinguishing"": 3, ""divergent_thinking"": 0, ""emotion_characterizing"": 0, ""emotion_facilitation"": 0, ""emotion_management"": 0, ""emotion_organizing"": 0, ""emotion_perception"": 0, ""emotion_receiving"": 0, ""emotion_responding"": 0, ""emotion_understanding"": 0, ""emotion_valuing"": 0, ""emotional_reappraisal"": 1, ""evaluating"": 0, ""hypothesis_generation"": 1, ""meta_awareness"": 0, ""metacognitive_monitoring"": 0, ""metacognitive_regulation"": 0, ""noticing"": 0, ""pattern_recognition"": 0, ""perspective_taking"": 0, ""questioning"": 1, ""reconsidering"": 0, ""reframing"": 0, ""remembering"": 0, ""response_modulation"": 0, ""self_questioning"": 0, ""situation_modification"": 0, ""situation_selection"": 0, ""suspending_judgment"": 0, ""understanding"": 3, ""updating_beliefs"": 0, ""zooming_in"": 0, ""zooming_out"": 0}","Fatima initially believed the roses were fresh and vibrant, having just spotted a perfect bunch. However, after the cat’s intervention, she now knows they are **wilted and damaged**. 

The story explicitly states the cat’s action resulted in the roses’ condition changing.",True,"{""abstracting"": 0, ""accepting"": 0, ""analogical_thinking"": 0, ""analyzing"": 0, ""applying"": 0, ""attentional_deployment"": 0, ""cognition_awareness"": 0, ""concretizing"": 0, ""connecting"": 0, ""convergent_thinking"": 0, ""counterfactual_reasoning"": 0, ""creating"": 0, ""distinguishing"": 9, ""divergent_thinking"": 0, ""emotion_characterizing"": 0, ""emotion_facilitation"": 0, ""emotion_management"": 0, ""emotion_organizing"": 1, ""emotion_perception"": 1, ""emotion_receiving"": 0, ""emotion_responding"": 0, ""emotion_understanding"": 0, ""emotion_valuing"": 0, ""emotional_reappraisal"": 7, ""evaluating"": 0, ""hypothesis_generation"": 4, ""meta_awareness"": 0, ""metacognitive_monitoring"": 0, ""metacognitive_regulation"": 0, ""noticing"": 0, ""pattern_recognition"": 0, ""perspective_taking"": 0, ""questioning"": 0, ""reconsidering"": 0, ""reframing"": 0, ""remembering"": 0, ""response_modulation"": 0, ""self_questioning"": 0, ""situation_modification"": 0, ""situation_selection"": 0, ""suspending_judgment"": 0, ""understanding"": 0, ""updating_beliefs"": 0, ""zooming_in"": 0, ""zooming_out"": 0}","{""abstracting"": 0, ""accepting"": 0, ""analogical_thinking"": 0, ""analyzing"": 0, ""applying"": 0, ""attentional_deployment"": 0, ""cognition_awareness"": 0, ""concretizing"": 0, ""connecting"": 0, ""convergent_thinking"": 0, ""counterfactual_reasoning"": 0, ""creating"": 0, ""distinguishing"": 5, ""divergent_thinking"": 0, ""emotion_characterizing"": 0, ""emotion_facilitation"": 0, ""emotion_management"": 0, ""emotion_organizing"": 0, ""emotion_perception"": 0, ""emotion_receiving"": 0, ""emotion_responding"": 0, ""emotion_understanding"": 0, ""emotion_valuing"": 0, ""emotional_reappraisal"": 3, ""evaluating"": 0, ""hypothesis_generation"": 0, ""meta_awareness"": 0, ""metacognitive_monitoring"": 0, ""metacognitive_regulation"": 0, ""noticing"": 0, ""pattern_recognition"": 0, ""perspective_taking"": 0, ""questioning"": 1, ""reconsidering"": 0, ""reframing"": 0, ""remembering"": 0, ""response_modulation"": 0, ""self_questioning"": 0, ""situation_modification"": 1, ""situation_selection"": 0, ""suspending_judgment"": 0, ""understanding"": 3, ""updating_beliefs"": 3, ""zooming_in"": 0, ""zooming_out"": 0}","{""emotion_organizing"": 1, ""counterfactual_reasoning"": 0, ""hypothesis_generation"": 0, ""emotion_perception"": 0, ""abstracting"": 0, ""divergent_thinking"": 0, ""analyzing"": 0, ""accepting"": 0, ""metacognitive_monitoring"": 0, ""self_questioning"": 0, ""emotion_valuing"": 0, ""remembering"": 0, ""zooming_out"": 0, ""evaluating"": 0, ""perspective_taking"": 0, ""emotion_responding"": 0, ""attentional_deployment"": 0, ""updating_beliefs"": 0, ""situation_modification"": 0, ""creating"": 0, ""situation_selection"": 0, ""concretizing"": 0, ""emotion_characterizing"": 0, ""zooming_in"": 0, ""noticing"": 0, ""emotion_management"": 0, ""pattern_recognition"": 0, ""reframing"": 0, ""convergent_thinking"": 0, ""connecting"": 0, ""metacognitive_regulation"": 0, ""emotional_reappraisal"": 0, ""reconsidering"": 0, ""analogical_thinking"": 0, ""understanding"": 0, ""distinguishing"": 0, ""cognition_awareness"": 0, ""suspending_judgment"": 0, ""questioning"": -1, ""emotion_understanding"": 0, ""meta_awareness"": 0, ""response_modulation"": 0, ""applying"": 0, ""emotion_facilitation"": 0, ""emotion_receiving"": 0}","{""emotion_organizing"": 0, ""counterfactual_reasoning"": 0, ""hypothesis_generation"": -1, ""emotion_perception"": 0, ""abstracting"": 0, ""divergent_thinking"": 0, ""analyzing"": 0, ""accepting"": 0, ""metacognitive_monitoring"": 0, ""self_questioning"": 0, ""emotion_valuing"": 0, ""remembering"": 0, ""zooming_out"": 0, ""evaluating"": 0, ""perspective_taking"": 0, ""emotion_responding"": 0, ""attentional_deployment"": 0, ""updating_beliefs"": 3, ""situation_modification"": 1, ""creating"": 0, ""situation_selection"": 0, ""concretizing"": 0, ""emotion_characterizing"": 0, ""zooming_in"": 0, ""noticing"": 0, ""emotion_management"": 0, ""pattern_recognition"": 0, ""reframing"": 0, ""convergent_thinking"": -5, ""connecting"": 0, ""metacognitive_regulation"": 0, ""emotional_reappraisal"": 2, ""reconsidering"": 0, ""analogical_thinking"": 0, ""understanding"": 0, ""distinguishing"": 2, ""cognition_awareness"": 0, ""suspending_judgment"": 0, ""questioning"": 0, ""emotion_understanding"": 0, ""meta_awareness"": 0, ""response_modulation"": 0, ""applying"": 0, ""emotion_facilitation"": 0, ""emotion_receiving"": 0}",True
"Amina is an archaeologist working on an excavation site in Egypt. Amina wants to carefully remove a valuable artifact from the ground using her brush and trowel. The artifact appears to be intact and undamaged. Suddenly, the ground shifts slightly, causing a small crack to form on the artifact. Amina carefully removes the intact artifact.",Does Amina believe the artifact is in perfect condition or cracked?,Amina believes the artifact is in perfect condition.,Amina believes the artifact is cracked.,"Amina believes the artifact is in perfect condition. The story states it “appears to be intact and undamaged” and she carefully removes it *because* it seems fine. The crack forming *after* she removes it is a separate, subsequent event.",True,"{""abstracting"": 0, ""accepting"": 0, ""analogical_thinking"": 0, ""analyzing"": 0, ""applying"": 0, ""attentional_deployment"": 0, ""cognition_awareness"": 0, ""concretizing"": 0, ""connecting"": 0, ""convergent_thinking"": 1, ""counterfactual_reasoning"": 0, ""creating"": 0, ""distinguishing"": 5, ""divergent_thinking"": 0, ""emotion_characterizing"": 0, ""emotion_facilitation"": 0, ""emotion_management"": 0, ""emotion_organizing"": 1, ""emotion_perception"": 4, ""emotion_receiving"": 0, ""emotion_responding"": 0, ""emotion_understanding"": 0, ""emotion_valuing"": 0, ""emotional_reappraisal"": 7, ""evaluating"": 0, ""hypothesis_generation"": 4, ""meta_awareness"": 0, ""metacognitive_monitoring"": 0, ""metacognitive_regulation"": 0, ""noticing"": 0, ""pattern_recognition"": 0, ""perspective_taking"": 0, ""questioning"": 2, ""reconsidering"": 0, ""reframing"": 0, ""remembering"": 0, ""response_modulation"": 0, ""self_questioning"": 0, ""situation_modification"": 0, ""situation_selection"": 0, ""suspending_judgment"": 0, ""understanding"": 0, ""updating_beliefs"": 0, ""zooming_in"": 0, ""zooming_out"": 0}","{""abstracting"": 0, ""accepting"": 0, ""analogical_thinking"": 0, ""analyzing"": 0, ""applying"": 0, ""attentional_deployment"": 0, ""cognition_awareness"": 0, ""concretizing"": 0, ""connecting"": 0, ""convergent_thinking"": 6, ""counterfactual_reasoning"": 0, ""creating"": 0, ""distinguishing"": 4, ""divergent_thinking"": 0, ""emotion_characterizing"": 0, ""emotion_facilitation"": 0, ""emotion_management"": 0, ""emotion_organizing"": 0, ""emotion_perception"": 2, ""emotion_receiving"": 0, ""emotion_responding"": 0, ""emotion_understanding"": 0, ""emotion_valuing"": 0, ""emotional_reappraisal"": 1, ""evaluating"": 0, ""hypothesis_generation"": 1, ""meta_awareness"": 0, ""metacognitive_monitoring"": 0, ""metacognitive_regulation"": 0, ""noticing"": 0, ""pattern_recognition"": 0, ""perspective_taking"": 0, ""questioning"": 0, ""reconsidering"": 0, ""reframing"": 0, ""remembering"": 0, ""response_modulation"": 0, ""self_questioning"": 0, ""situation_modification"": 1, ""situation_selection"": 0, ""suspending_judgment"": 0, ""understanding"": 2, ""updating_beliefs"": 0, ""zooming_in"": 0, ""zooming_out"": 0}","Amina believes the artifact is in perfect condition – she’s carefully removed it, suggesting she’s assessing its integrity and preserving it as it is. The fact that she’s extracting it after observing a crack indicates she’s prioritizing its preservation and believes it remains largely intact despite the newly formed fissure.",True,"{""abstracting"": 0, ""accepting"": 0, ""analogical_thinking"": 0, ""analyzing"": 0, ""applying"": 0, ""attentional_deployment"": 0, ""cognition_awareness"": 0, ""concretizing"": 0, ""connecting"": 0, ""convergent_thinking"": 1, ""counterfactual_reasoning"": 0, ""creating"": 0, ""distinguishing"": 5, ""divergent_thinking"": 0, ""emotion_characterizing"": 0, ""emotion_facilitation"": 0, ""emotion_management"": 0, ""emotion_organizing"": 2, ""emotion_perception"": 4, ""emotion_receiving"": 0, ""emotion_responding"": 0, ""emotion_understanding"": 0, ""emotion_valuing"": 0, ""emotional_reappraisal"": 7, ""evaluating"": 0, ""hypothesis_generation"": 4, ""meta_awareness"": 0, ""metacognitive_monitoring"": 0, ""metacognitive_regulation"": 0, ""noticing"": 0, ""pattern_recognition"": 1, ""perspective_taking"": 0, ""questioning"": 1, ""reconsidering"": 0, ""reframing"": 0, ""remembering"": 0, ""response_modulation"": 0, ""self_questioning"": 0, ""situation_modification"": 0, ""situation_selection"": 0, ""suspending_judgment"": 0, ""understanding"": 0, ""updating_beliefs"": 0, ""zooming_in"": 0, ""zooming_out"": 0}","{""abstracting"": 0, ""accepting"": 0, ""analogical_thinking"": 0, ""analyzing"": 0, ""applying"": 0, ""attentional_deployment"": 0, ""cognition_awareness"": 0, ""concretizing"": 0, ""connecting"": 0, ""convergent_thinking"": 2, ""counterfactual_reasoning"": 0, ""creating"": 0, ""distinguishing"": 1, ""divergent_thinking"": 0, ""emotion_characterizing"": 0, ""emotion_facilitation"": 0, ""emotion_management"": 0, ""emotion_organizing"": 0, ""emotion_perception"": 3, ""emotion_receiving"": 0, ""emotion_responding"": 0, ""emotion_understanding"": 1, ""emotion_valuing"": 0, ""emotional_reappraisal"": 2, ""evaluating"": 0, ""hypothesis_generation"": 2, ""meta_awareness"": 0, ""metacognitive_monitoring"": 0, ""metacognitive_regulation"": 0, ""noticing"": 0, ""pattern_recognition"": 0, ""perspective_taking"": 0, ""questioning"": 0, ""reconsidering"": 0, ""reframing"": 0, ""remembering"": 0, ""response_modulation"": 0, ""self_questioning"": 0, ""situation_modification"": 0, ""situation_selection"": 0, ""suspending_judgment"": 0, ""understanding"": 2, ""updating_beliefs"": 0, ""zooming_in"": 0, ""zooming_out"": 0}","{""emotion_organizing"": 1, ""counterfactual_reasoning"": 0, ""hypothesis_generation"": 0, ""emotion_perception"": 0, ""abstracting"": 0, ""divergent_thinking"": 0, ""analyzing"": 0, ""accepting"": 0, ""metacognitive_monitoring"": 0, ""self_questioning"": 0, ""emotion_valuing"": 0, ""remembering"": 0, ""zooming_out"": 0, ""evaluating"": 0, ""perspective_taking"": 0, ""emotion_responding"": 0, ""attentional_deployment"": 0, ""updating_beliefs"": 0, ""situation_modification"": 0, ""creating"": 0, ""situation_selection"": 0, ""concretizing"": 0, ""emotion_characterizing"": 0, ""zooming_in"": 0, ""noticing"": 0, ""emotion_management"": 0, ""pattern_recognition"": 1, ""reframing"": 0, ""convergent_thinking"": 0, ""connecting"": 0, ""metacognitive_regulation"": 0, ""emotional_reappraisal"": 0, ""reconsidering"": 0, ""analogical_thinking"": 0, ""understanding"": 0, ""distinguishing"": 0, ""cognition_awareness"": 0, ""suspending_judgment"": 0, ""questioning"": -1, ""emotion_understanding"": 0, ""meta_awareness"": 0, ""response_modulation"": 0, ""applying"": 0, ""emotion_facilitation"": 0, ""emotion_receiving"": 0}","{""emotion_organizing"": 0, ""counterfactual_reasoning"": 0, ""hypothesis_generation"": 1, ""emotion_perception"": 1, ""abstracting"": 0, ""divergent_thinking"": 0, ""analyzing"": 0, ""accepting"": 0, ""metacognitive_monitoring"": 0, ""self_questioning"": 0, ""emotion_valuing"": 0, ""remembering"": 0, ""zooming_out"": 0, ""evaluating"": 0, ""perspective_taking"": 0, ""emotion_responding"": 0, ""attentional_deployment"": 0, ""updating_beliefs"": 0, ""situation_modification"": -1, ""creating"": 0, ""situation_selection"": 0, ""concretizing"": 0, ""emotion_characterizing"": 0, ""zooming_in"": 0, ""noticing"": 0, ""emotion_management"": 0, ""pattern_recognition"": 0, ""reframing"": 0, ""convergent_thinking"": -4, ""connecting"": 0, ""metacognitive_regulation"": 0, ""emotional_reappraisal"": 1, ""reconsidering"": 0, ""analogical_thinking"": 0, ""understanding"": 0, ""distinguishing"": -3, ""cognition_awareness"": 0, ""suspending_judgment"": 0, ""questioning"": 0, ""emotion_understanding"": 1, ""meta_awareness"": 0, ""response_modulation"": 0, ""applying"": 0, ""emotion_facilitation"": 0, ""emotion_receiving"": 0}",False
"Aiko is a florist in a small Japanese town. Aiko wants to create an exquisite flower arrangement for a customer's wedding. Aiko sees a vase filled with fresh, colorful flowers in her shop. Overnight, a sudden drop in temperature causes the flowers in the vase to wilt. Aiko creates the flower arrangement using the flowers in the vase.","Does Aiko believe the vase contains fresh, colorful flowers or wilted flowers?","Aiko believes the vase contains fresh, colorful flowers.",Aiko believes the vase contains wilted flowers.,"Aiko believes the vase contains **wilted flowers**. 

The story explicitly states that “Overnight, a sudden drop in temperature caused the flowers in the vase to wilt.” She then uses those wilted flowers to create her arrangement.",False,"{""abstracting"": 0, ""accepting"": 0, ""analogical_thinking"": 0, ""analyzing"": 0, ""applying"": 0, ""attentional_deployment"": 0, ""cognition_awareness"": 0, ""concretizing"": 0, ""connecting"": 0, ""convergent_thinking"": 0, ""counterfactual_reasoning"": 0, ""creating"": 0, ""distinguishing"": 7, ""divergent_thinking"": 0, ""emotion_characterizing"": 0, ""emotion_facilitation"": 0, ""emotion_management"": 0, ""emotion_organizing"": 0, ""emotion_perception"": 1, ""emotion_receiving"": 0, ""emotion_responding"": 0, ""emotion_understanding"": 0, ""emotion_valuing"": 0, ""emotional_reappraisal"": 7, ""evaluating"": 0, ""hypothesis_generation"": 4, ""meta_awareness"": 0, ""metacognitive_monitoring"": 0, ""metacognitive_regulation"": 0, ""noticing"": 0, ""pattern_recognition"": 0, ""perspective_taking"": 0, ""questioning"": 1, ""reconsidering"": 0, ""reframing"": 0, ""remembering"": 0, ""response_modulation"": 0, ""self_questioning"": 0, ""situation_modification"": 0, ""situation_selection"": 0, ""suspending_judgment"": 0, ""understanding"": 0, ""updating_beliefs"": 0, ""zooming_in"": 0, ""zooming_out"": 0}","{""abstracting"": 0, ""accepting"": 0, ""analogical_thinking"": 0, ""analyzing"": 0, ""applying"": 0, ""attentional_deployment"": 0, ""cognition_awareness"": 0, ""concretizing"": 0, ""connecting"": 0, ""convergent_thinking"": 3, ""counterfactual_reasoning"": 1, ""creating"": 0, ""distinguishing"": 5, ""divergent_thinking"": 0, ""emotion_characterizing"": 0, ""emotion_facilitation"": 0, ""emotion_management"": 0, ""emotion_organizing"": 0, ""emotion_perception"": 0, ""emotion_receiving"": 0, ""emotion_responding"": 0, ""emotion_understanding"": 1, ""emotion_valuing"": 0, ""emotional_reappraisal"": 4, ""evaluating"": 0, ""hypothesis_generation"": 1, ""meta_awareness"": 0, ""metacognitive_monitoring"": 0, ""metacognitive_regulation"": 0, ""noticing"": 0, ""pattern_recognition"": 0, ""perspective_taking"": 0, ""questioning"": 1, ""reconsidering"": 0, ""reframing"": 0, ""remembering"": 0, ""response_modulation"": 0, ""self_questioning"": 0, ""situation_modification"": 0, ""situation_selection"": 0, ""suspending_judgment"": 0, ""understanding"": 2, ""updating_beliefs"": 0, ""zooming_in"": 0, ""zooming_out"": 0}","Aiko believes the vase contains **wilted** flowers. The story explicitly states that “Overnight, a sudden drop in temperature caused the flowers in the vase to wilt.” She then uses those very same, now-wilted flowers to create her arrangement.",False,"{""abstracting"": 0, ""accepting"": 0, ""analogical_thinking"": 0, ""analyzing"": 0, ""applying"": 0, ""attentional_deployment"": 0, ""cognition_awareness"": 0, ""concretizing"": 0, ""connecting"": 0, ""convergent_thinking"": 0, ""counterfactual_reasoning"": 0, ""creating"": 0, ""distinguishing"": 7, ""divergent_thinking"": 0, ""emotion_characterizing"": 0, ""emotion_facilitation"": 0, ""emotion_management"": 0, ""emotion_organizing"": 0, ""emotion_perception"": 1, ""emotion_receiving"": 0, ""emotion_responding"": 0, ""emotion_understanding"": 0, ""emotion_valuing"": 0, ""emotional_reappraisal"": 7, ""evaluating"": 0, ""hypothesis_generation"": 4, ""meta_awareness"": 0, ""metacognitive_monitoring"": 0, ""metacognitive_regulation"": 0, ""noticing"": 0, ""pattern_recognition"": 0, ""perspective_taking"": 0, ""questioning"": 0, ""reconsidering"": 0, ""reframing"": 0, ""remembering"": 0, ""response_modulation"": 0, ""self_questioning"": 0, ""situation_modification"": 0, ""situation_selection"": 0, ""suspending_judgment"": 0, ""understanding"": 0, ""updating_beliefs"": 0, ""zooming_in"": 0, ""zooming_out"": 0}","{""abstracting"": 0, ""accepting"": 0, ""analogical_thinking"": 0, ""analyzing"": 0, ""applying"": 0, ""attentional_deployment"": 0, ""cognition_awareness"": 0, ""concretizing"": 0, ""connecting"": 0, ""convergent_thinking"": 2, ""counterfactual_reasoning"": 0, ""creating"": 0, ""distinguishing"": 7, ""divergent_thinking"": 0, ""emotion_characterizing"": 0, ""emotion_facilitation"": 0, ""emotion_management"": 0, ""emotion_organizing"": 0, ""emotion_perception"": 0, ""emotion_receiving"": 0, ""emotion_responding"": 0, ""emotion_understanding"": 1, ""emotion_valuing"": 0, ""emotional_reappraisal"": 3, ""evaluating"": 0, ""hypothesis_generation"": 1, ""meta_awareness"": 0, ""metacognitive_monitoring"": 0, ""metacognitive_regulation"": 0, ""noticing"": 0, ""pattern_recognition"": 0, ""perspective_taking"": 0, ""questioning"": 1, ""reconsidering"": 0, ""reframing"": 0, ""remembering"": 0, ""response_modulation"": 0, ""self_questioning"": 0, ""situation_modification"": 0, ""situation_selection"": 0, ""suspending_judgment"": 0, ""understanding"": 2, ""updating_beliefs"": 0, ""zooming_in"": 0, ""zooming_out"": 0}","{""emotion_organizing"": 0, ""counterfactual_reasoning"": 0, ""hypothesis_generation"": 0, ""emotion_perception"": 0, ""abstracting"": 0, ""divergent_thinking"": 0, ""analyzing"": 0, ""accepting"": 0, ""metacognitive_monitoring"": 0, ""self_questioning"": 0, ""emotion_valuing"": 0, ""remembering"": 0, ""zooming_out"": 0, ""evaluating"": 0, ""perspective_taking"": 0, ""emotion_responding"": 0, ""attentional_deployment"": 0, ""updating_beliefs"": 0, ""situation_modification"": 0, ""creating"": 0, ""situation_selection"": 0, ""concretizing"": 0, ""emotion_characterizing"": 0, ""zooming_in"": 0, ""noticing"": 0, ""emotion_management"": 0, ""pattern_recognition"": 0, ""reframing"": 0, ""convergent_thinking"": 0, ""connecting"": 0, ""metacognitive_regulation"": 0, ""emotional_reappraisal"": 0, ""reconsidering"": 0, ""analogical_thinking"": 0, ""understanding"": 0, ""distinguishing"": 0, ""cognition_awareness"": 0, ""suspending_judgment"": 0, ""questioning"": -1, ""emotion_understanding"": 0, ""meta_awareness"": 0, ""response_modulation"": 0, ""applying"": 0, ""emotion_facilitation"": 0, ""emotion_receiving"": 0}","{""emotion_organizing"": 0, ""counterfactual_reasoning"": -1, ""hypothesis_generation"": 0, ""emotion_perception"": 0, ""abstracting"": 0, ""divergent_thinking"": 0, ""analyzing"": 0, ""accepting"": 0, ""metacognitive_monitoring"": 0, ""self_questioning"": 0, ""emotion_valuing"": 0, ""remembering"": 0, ""zooming_out"": 0, ""evaluating"": 0, ""perspective_taking"": 0, ""emotion_responding"": 0, ""attentional_deployment"": 0, ""updating_beliefs"": 0, ""situation_modification"": 0, ""creating"": 0, ""situation_selection"": 0, ""concretizing"": 0, ""emotion_characterizing"": 0, ""zooming_in"": 0, ""noticing"": 0, ""emotion_management"": 0, ""pattern_recognition"": 0, ""reframing"": 0, ""convergent_thinking"": -1, ""connecting"": 0, ""metacognitive_regulation"": 0, ""emotional_reappraisal"": -1, ""reconsidering"": 0, ""analogical_thinking"": 0, ""understanding"": 0, ""distinguishing"": 2, ""cognition_awareness"": 0, ""suspending_judgment"": 0, ""questioning"": 0, ""emotion_understanding"": 0, ""meta_awareness"": 0, ""response_modulation"": 0, ""applying"": 0, ""emotion_facilitation"": 0, ""emotion_receiving"": 0}",False
"Carlos is a farmer in a small village in Mexico. Carlos wants to harvest his corn crop before the rainy season begins. The corn plants are tall, strong, and ready for harvest in his field. A sudden and unexpected hailstorm strikes, severely damaging the corn plants. Carlos prepares to harvest the ripe corn crop.","Does Carlos believe the corn plants are tall, strong, and ready for harvest, or does he believe they are severely damaged?","Carlos believes the corn plants are tall, strong, and ready for harvest.",Carlos believes the corn plants are severely damaged.,"Carlos believes the corn plants are tall, strong, and ready for harvest. The story states, “The corn plants are tall, strong, and ready for harvest…” before the hailstorm. The fact that he *prepares* to harvest them indicates his initial belief in their condition.",True,"{""abstracting"": 0, ""accepting"": 0, ""analogical_thinking"": 0, ""analyzing"": 0, ""applying"": 0, ""attentional_deployment"": 0, ""cognition_awareness"": 0, ""concretizing"": 0, ""connecting"": 0, ""convergent_thinking"": 0, ""counterfactual_reasoning"": 0, ""creating"": 0, ""distinguishing"": 6, ""divergent_thinking"": 0, ""emotion_characterizing"": 0, ""emotion_facilitation"": 0, ""emotion_management"": 0, ""emotion_organizing"": 0, ""emotion_perception"": 1, ""emotion_receiving"": 0, ""emotion_responding"": 1, ""emotion_understanding"": 0, ""emotion_valuing"": 0, ""emotional_reappraisal"": 9, ""evaluating"": 0, ""hypothesis_generation"": 4, ""meta_awareness"": 0, ""metacognitive_monitoring"": 0, ""metacognitive_regulation"": 0, ""noticing"": 0, ""pattern_recognition"": 0, ""perspective_taking"": 0, ""questioning"": 3, ""reconsidering"": 0, ""reframing"": 1, ""remembering"": 0, ""response_modulation"": 0, ""self_questioning"": 0, ""situation_modification"": 1, ""situation_selection"": 0, ""suspending_judgment"": 0, ""understanding"": 0, ""updating_beliefs"": 0, ""zooming_in"": 0, ""zooming_out"": 0}","{""abstracting"": 0, ""accepting"": 0, ""analogical_thinking"": 0, ""analyzing"": 0, ""applying"": 0, ""attentional_deployment"": 0, ""cognition_awareness"": 0, ""concretizing"": 0, ""connecting"": 0, ""convergent_thinking"": 0, ""counterfactual_reasoning"": 0, ""creating"": 0, ""distinguishing"": 3, ""divergent_thinking"": 0, ""emotion_characterizing"": 0, ""emotion_facilitation"": 0, ""emotion_management"": 0, ""emotion_organizing"": 0, ""emotion_perception"": 0, ""emotion_receiving"": 0, ""emotion_responding"": 0, ""emotion_understanding"": 0, ""emotion_valuing"": 0, ""emotional_reappraisal"": 4, ""evaluating"": 0, ""hypothesis_generation"": 1, ""meta_awareness"": 0, ""metacognitive_monitoring"": 0, ""metacognitive_regulation"": 0, ""noticing"": 0, ""pattern_recognition"": 0, ""perspective_taking"": 0, ""questioning"": 2, ""reconsidering"": 0, ""reframing"": 0, ""remembering"": 0, ""response_modulation"": 0, ""self_questioning"": 0, ""situation_modification"": 1, ""situation_selection"": 0, ""suspending_judgment"": 0, ""understanding"": 1, ""updating_beliefs"": 0, ""zooming_in"": 0, ""zooming_out"": 0}","Carlos believes the corn plants are tall, strong, and ready for harvest. The story explicitly states this – “The corn plants are tall, strong, and ready for harvest in his field.” The subsequent revelation of the hailstorm adds a layer of anticipation and a touch of potential melancholy, but his initial assessment was one of readiness.",True,"{""abstracting"": 0, ""accepting"": 0, ""analogical_thinking"": 0, ""analyzing"": 0, ""applying"": 0, ""attentional_deployment"": 0, ""cognition_awareness"": 0, ""concretizing"": 0, ""connecting"": 0, ""convergent_thinking"": 0, ""counterfactual_reasoning"": 0, ""creating"": 0, ""distinguishing"": 6, ""divergent_thinking"": 0, ""emotion_characterizing"": 0, ""emotion_facilitation"": 0, ""emotion_management"": 0, ""emotion_organizing"": 0, ""emotion_perception"": 1, ""emotion_receiving"": 0, ""emotion_responding"": 1, ""emotion_understanding"": 0, ""emotion_valuing"": 0, ""emotional_reappraisal"": 9, ""evaluating"": 0, ""hypothesis_generation"": 4, ""meta_awareness"": 0, ""metacognitive_monitoring"": 0, ""metacognitive_regulation"": 0, ""noticing"": 0, ""pattern_recognition"": 0, ""perspective_taking"": 0, ""questioning"": 2, ""reconsidering"": 0, ""reframing"": 1, ""remembering"": 0, ""response_modulation"": 0, ""self_questioning"": 0, ""situation_modification"": 2, ""situation_selection"": 0, ""suspending_judgment"": 0, ""understanding"": 0, ""updating_beliefs"": 0, ""zooming_in"": 0, ""zooming_out"": 0}","{""abstracting"": 0, ""accepting"": 0, ""analogical_thinking"": 0, ""analyzing"": 0, ""applying"": 0, ""attentional_deployment"": 0, ""cognition_awareness"": 0, ""concretizing"": 0, ""connecting"": 0, ""convergent_thinking"": 0, ""counterfactual_reasoning"": 0, ""creating"": 0, ""distinguishing"": 6, ""divergent_thinking"": 0, ""emotion_characterizing"": 0, ""emotion_facilitation"": 0, ""emotion_management"": 0, ""emotion_organizing"": 0, ""emotion_perception"": 2, ""emotion_receiving"": 0, ""emotion_responding"": 0, ""emotion_understanding"": 1, ""emotion_valuing"": 0, ""emotional_reappraisal"": 5, ""evaluating"": 0, ""hypothesis_generation"": 1, ""meta_awareness"": 0, ""metacognitive_monitoring"": 0, ""metacognitive_regulation"": 0, ""noticing"": 0, ""pattern_recognition"": 0, ""perspective_taking"": 0, ""questioning"": 0, ""reconsidering"": 0, ""reframing"": 0, ""remembering"": 0, ""response_modulation"": 0, ""self_questioning"": 0, ""situation_modification"": 0, ""situation_selection"": 0, ""suspending_judgment"": 0, ""understanding"": 0, ""updating_beliefs"": 0, ""zooming_in"": 0, ""zooming_out"": 0}","{""emotion_organizing"": 0, ""counterfactual_reasoning"": 0, ""hypothesis_generation"": 0, ""emotion_perception"": 0, ""abstracting"": 0, ""divergent_thinking"": 0, ""analyzing"": 0, ""accepting"": 0, ""metacognitive_monitoring"": 0, ""self_questioning"": 0, ""emotion_valuing"": 0, ""remembering"": 0, ""zooming_out"": 0, ""evaluating"": 0, ""perspective_taking"": 0, ""emotion_responding"": 0, ""attentional_deployment"": 0, ""updating_beliefs"": 0, ""situation_modification"": 1, ""creating"": 0, ""situation_selection"": 0, ""concretizing"": 0, ""emotion_characterizing"": 0, ""zooming_in"": 0, ""noticing"": 0, ""emotion_management"": 0, ""pattern_recognition"": 0, ""reframing"": 0, ""convergent_thinking"": 0, ""connecting"": 0, ""metacognitive_regulation"": 0, ""emotional_reappraisal"": 0, ""reconsidering"": 0, ""analogical_thinking"": 0, ""understanding"": 0, ""distinguishing"": 0, ""cognition_awareness"": 0, ""suspending_judgment"": 0, ""questioning"": -1, ""emotion_understanding"": 0, ""meta_awareness"": 0, ""response_modulation"": 0, ""applying"": 0, ""emotion_facilitation"": 0, ""emotion_receiving"": 0}","{""emotion_organizing"": 0, ""counterfactual_reasoning"": 0, ""hypothesis_generation"": 0, ""emotion_perception"": 2, ""abstracting"": 0, ""divergent_thinking"": 0, ""analyzing"": 0, ""accepting"": 0, ""metacognitive_monitoring"": 0, ""self_questioning"": 0, ""emotion_valuing"": 0, ""remembering"": 0, ""zooming_out"": 0, ""evaluating"": 0, ""perspective_taking"": 0, ""emotion_responding"": 0, ""attentional_deployment"": 0, ""updating_beliefs"": 0, ""situation_modification"": -1, ""creating"": 0, ""situation_selection"": 0, ""concretizing"": 0, ""emotion_characterizing"": 0, ""zooming_in"": 0, ""noticing"": 0, ""emotion_management"": 0, ""pattern_recognition"": 0, ""reframing"": 0, ""convergent_thinking"": 0, ""connecting"": 0, ""metacognitive_regulation"": 0, ""emotional_reappraisal"": 1, ""reconsidering"": 0, ""analogical_thinking"": 0, ""understanding"": -1, ""distinguishing"": 3, ""cognition_awareness"": 0, ""suspending_judgment"": 0, ""questioning"": -2, ""emotion_understanding"": 1, ""meta_awareness"": 0, ""response_modulation"": 0, ""applying"": 0, ""emotion_facilitation"": 0, ""emotion_receiving"": 0}",False
"Mateo is a beekeeper in a small Argentinian village. Mateo wants to collect honey from his beehives to sell at the local market. The beehives appear to be full of honey, ready for harvest. A sudden, heavy rainstorm washes away most of the honey from the beehives overnight. Mateo collects the honey from the beehives.","Does Mateo believe the beehives are full of honey, or that the honey has been washed away by the rainstorm?",Mateo believes the beehives are full of honey.,Mateo believes the honey has been washed away by the rainstorm.,"Mateo believes the beehives are full of honey. He *collected* the honey from them, implying he still thought they were full before the storm. The fact that the honey was washed away is a separate, unfortunate event that happened *after* he collected it.",True,"{""abstracting"": 0, ""accepting"": 0, ""analogical_thinking"": 0, ""analyzing"": 0, ""applying"": 0, ""attentional_deployment"": 0, ""cognition_awareness"": 0, ""concretizing"": 0, ""connecting"": 0, ""convergent_thinking"": 0, ""counterfactual_reasoning"": 0, ""creating"": 0, ""distinguishing"": 7, ""divergent_thinking"": 0, ""emotion_characterizing"": 0, ""emotion_facilitation"": 0, ""emotion_management"": 0, ""emotion_organizing"": 0, ""emotion_perception"": 0, ""emotion_receiving"": 0, ""emotion_responding"": 0, ""emotion_understanding"": 0, ""emotion_valuing"": 0, ""emotional_reappraisal"": 9, ""evaluating"": 0, ""hypothesis_generation"": 4, ""meta_awareness"": 0, ""metacognitive_monitoring"": 0, ""metacognitive_regulation"": 0, ""noticing"": 0, ""pattern_recognition"": 0, ""perspective_taking"": 0, ""questioning"": 4, ""reconsidering"": 0, ""reframing"": 0, ""remembering"": 0, ""response_modulation"": 0, ""self_questioning"": 0, ""situation_modification"": 1, ""situation_selection"": 0, ""suspending_judgment"": 0, ""understanding"": 0, ""updating_beliefs"": 0, ""zooming_in"": 0, ""zooming_out"": 0}","{""abstracting"": 0, ""accepting"": 0, ""analogical_thinking"": 0, ""analyzing"": 0, ""applying"": 0, ""attentional_deployment"": 0, ""cognition_awareness"": 0, ""concretizing"": 0, ""connecting"": 0, ""convergent_thinking"": 1, ""counterfactual_reasoning"": 0, ""creating"": 0, ""distinguishing"": 6, ""divergent_thinking"": 0, ""emotion_characterizing"": 0, ""emotion_facilitation"": 0, ""emotion_management"": 0, ""emotion_organizing"": 0, ""emotion_perception"": 0, ""emotion_receiving"": 0, ""emotion_responding"": 0, ""emotion_understanding"": 0, ""emotion_valuing"": 0, ""emotional_reappraisal"": 5, ""evaluating"": 0, ""hypothesis_generation"": 1, ""meta_awareness"": 0, ""metacognitive_monitoring"": 0, ""metacognitive_regulation"": 0, ""noticing"": 0, ""pattern_recognition"": 0, ""perspective_taking"": 0, ""questioning"": 1, ""reconsidering"": 0, ""reframing"": 0, ""remembering"": 0, ""response_modulation"": 0, ""self_questioning"": 0, ""situation_modification"": 1, ""situation_selection"": 0, ""suspending_judgment"": 0, ""understanding"": 2, ""updating_beliefs"": 0, ""zooming_in"": 0, ""zooming_out"": 0}","Mateo believes the beehives are full of honey. He’s already collected the honey from them, suggesting he initially assessed them as being ready for harvest – a sign of a full hive. The fact that the honey was subsequently washed away is a separate, devastating event that alters the reality of the situation, but his initial assessment remains his belief before the storm.",True,"{""abstracting"": 0, ""accepting"": 0, ""analogical_thinking"": 0, ""analyzing"": 0, ""applying"": 0, ""attentional_deployment"": 0, ""cognition_awareness"": 0, ""concretizing"": 0, ""connecting"": 0, ""convergent_thinking"": 0, ""counterfactual_reasoning"": 0, ""creating"": 0, ""distinguishing"": 7, ""divergent_thinking"": 0, ""emotion_characterizing"": 0, ""emotion_facilitation"": 0, ""emotion_management"": 0, ""emotion_organizing"": 0, ""emotion_perception"": 0, ""emotion_receiving"": 0, ""emotion_responding"": 1, ""emotion_understanding"": 0, ""emotion_valuing"": 0, ""emotional_reappraisal"": 9, ""evaluating"": 0, ""hypothesis_generation"": 4, ""meta_awareness"": 0, ""metacognitive_monitoring"": 0, ""metacognitive_regulation"": 0, ""noticing"": 0, ""pattern_recognition"": 0, ""perspective_taking"": 0, ""questioning"": 3, ""reconsidering"": 0, ""reframing"": 0, ""remembering"": 0, ""response_modulation"": 0, ""self_questioning"": 0, ""situation_modification"": 2, ""situation_selection"": 0, ""suspending_judgment"": 0, ""understanding"": 0, ""updating_beliefs"": 0, ""zooming_in"": 0, ""zooming_out"": 0}","{""abstracting"": 0, ""accepting"": 0, ""analogical_thinking"": 0, ""analyzing"": 0, ""applying"": 0, ""attentional_deployment"": 0, ""cognition_awareness"": 0, ""concretizing"": 0, ""connecting"": 0, ""convergent_thinking"": 0, ""counterfactual_reasoning"": 0, ""creating"": 0, ""distinguishing"": 5, ""divergent_thinking"": 0, ""emotion_characterizing"": 0, ""emotion_facilitation"": 0, ""emotion_management"": 0, ""emotion_organizing"": 0, ""emotion_perception"": 0, ""emotion_receiving"": 0, ""emotion_responding"": 0, ""emotion_understanding"": 0, ""emotion_valuing"": 0, ""emotional_reappraisal"": 6, ""evaluating"": 0, ""hypothesis_generation"": 1, ""meta_awareness"": 0, ""metacognitive_monitoring"": 0, ""metacognitive_regulation"": 0, ""noticing"": 0, ""pattern_recognition"": 0, ""perspective_taking"": 0, ""questioning"": 0, ""reconsidering"": 0, ""reframing"": 0, ""remembering"": 0, ""response_modulation"": 0, ""self_questioning"": 0, ""situation_modification"": 1, ""situation_selection"": 0, ""suspending_judgment"": 0, ""understanding"": 1, ""updating_beliefs"": 0, ""zooming_in"": 0, ""zooming_out"": 0}","{""emotion_organizing"": 0, ""counterfactual_reasoning"": 0, ""hypothesis_generation"": 0, ""emotion_perception"": 0, ""abstracting"": 0, ""divergent_thinking"": 0, ""analyzing"": 0, ""accepting"": 0, ""metacognitive_monitoring"": 0, ""self_questioning"": 0, ""emotion_valuing"": 0, ""remembering"": 0, ""zooming_out"": 0, ""evaluating"": 0, ""perspective_taking"": 0, ""emotion_responding"": 1, ""attentional_deployment"": 0, ""updating_beliefs"": 0, ""situation_modification"": 1, ""creating"": 0, ""situation_selection"": 0, ""concretizing"": 0, ""emotion_characterizing"": 0, ""zooming_in"": 0, ""noticing"": 0, ""emotion_management"": 0, ""pattern_recognition"": 0, ""reframing"": 0, ""convergent_thinking"": 0, ""connecting"": 0, ""metacognitive_regulation"": 0, ""emotional_reappraisal"": 0, ""reconsidering"": 0, ""analogical_thinking"": 0, ""understanding"": 0, ""distinguishing"": 0, ""cognition_awareness"": 0, ""suspending_judgment"": 0, ""questioning"": -1, ""emotion_understanding"": 0, ""meta_awareness"": 0, ""response_modulation"": 0, ""applying"": 0, ""emotion_facilitation"": 0, ""emotion_receiving"": 0}","{""emotion_organizing"": 0, ""counterfactual_reasoning"": 0, ""hypothesis_generation"": 0, ""emotion_perception"": 0, ""abstracting"": 0, ""divergent_thinking"": 0, ""analyzing"": 0, ""accepting"": 0, ""metacognitive_monitoring"": 0, ""self_questioning"": 0, ""emotion_valuing"": 0, ""remembering"": 0, ""zooming_out"": 0, ""evaluating"": 0, ""perspective_taking"": 0, ""emotion_responding"": 0, ""attentional_deployment"": 0, ""updating_beliefs"": 0, ""situation_modification"": 0, ""creating"": 0, ""situation_selection"": 0, ""concretizing"": 0, ""emotion_characterizing"": 0, ""zooming_in"": 0, ""noticing"": 0, ""emotion_management"": 0, ""pattern_recognition"": 0, ""reframing"": 0, ""convergent_thinking"": -1, ""connecting"": 0, ""metacognitive_regulation"": 0, ""emotional_reappraisal"": 1, ""reconsidering"": 0, ""analogical_thinking"": 0, ""understanding"": -1, ""distinguishing"": -1, ""cognition_awareness"": 0, ""suspending_judgment"": 0, ""questioning"": -1, ""emotion_understanding"": 0, ""meta_awareness"": 0, ""response_modulation"": 0, ""applying"": 0, ""emotion_facilitation"": 0, ""emotion_receiving"": 0}",False
"Miguel is a chef at a popular restaurant in Mexico City. Miguel wants to prepare a delicious and authentic mole sauce for the evening's special dish. Miguel notices that the chocolate he has in the pantry is of high quality and perfect for the sauce. A sudden power outage causes the temperature in the pantry to rise, melting the chocolate. Miguel uses the high-quality chocolate from the pantry to make the mole sauce.",Does Miguel believe the chocolate is perfect for making the mole sauce or that the chocolate has melted?,Miguel believes the chocolate is perfect for making the mole sauce.,Miguel believes the chocolate has melted.,"Miguel believes the chocolate is perfect for making the mole sauce *before* it melts. He specifically notes it's ""high quality and perfect"" for the sauce. The melting is a subsequent event that changes the state of the chocolate, but his initial assessment was positive.

So the answer is: **Miguel believes the chocolate is perfect for making the mole sauce.**",True,"{""abstracting"": 0, ""accepting"": 0, ""analogical_thinking"": 0, ""analyzing"": 0, ""applying"": 0, ""attentional_deployment"": 0, ""cognition_awareness"": 0, ""concretizing"": 0, ""connecting"": 0, ""convergent_thinking"": 0, ""counterfactual_reasoning"": 0, ""creating"": 0, ""distinguishing"": 7, ""divergent_thinking"": 0, ""emotion_characterizing"": 0, ""emotion_facilitation"": 0, ""emotion_management"": 0, ""emotion_organizing"": 0, ""emotion_perception"": 2, ""emotion_receiving"": 0, ""emotion_responding"": 1, ""emotion_understanding"": 0, ""emotion_valuing"": 0, ""emotional_reappraisal"": 7, ""evaluating"": 0, ""hypothesis_generation"": 4, ""meta_awareness"": 0, ""metacognitive_monitoring"": 0, ""metacognitive_regulation"": 0, ""noticing"": 0, ""pattern_recognition"": 0, ""perspective_taking"": 0, ""questioning"": 2, ""reconsidering"": 0, ""reframing"": 0, ""remembering"": 0, ""response_modulation"": 0, ""self_questioning"": 0, ""situation_modification"": 0, ""situation_selection"": 0, ""suspending_judgment"": 0, ""understanding"": 0, ""updating_beliefs"": 0, ""zooming_in"": 0, ""zooming_out"": 0}","{""abstracting"": 0, ""accepting"": 0, ""analogical_thinking"": 0, ""analyzing"": 0, ""applying"": 0, ""attentional_deployment"": 0, ""cognition_awareness"": 0, ""concretizing"": 0, ""connecting"": 0, ""convergent_thinking"": 4, ""counterfactual_reasoning"": 0, ""creating"": 0, ""distinguishing"": 7, ""divergent_thinking"": 0, ""emotion_characterizing"": 0, ""emotion_facilitation"": 0, ""emotion_management"": 0, ""emotion_organizing"": 0, ""emotion_perception"": 0, ""emotion_receiving"": 0, ""emotion_responding"": 0, ""emotion_understanding"": 1, ""emotion_valuing"": 0, ""emotional_reappraisal"": 4, ""evaluating"": 0, ""hypothesis_generation"": 0, ""meta_awareness"": 0, ""metacognitive_monitoring"": 0, ""metacognitive_regulation"": 0, ""noticing"": 0, ""pattern_recognition"": 0, ""perspective_taking"": 0, ""questioning"": 3, ""reconsidering"": 0, ""reframing"": 0, ""remembering"": 0, ""response_modulation"": 0, ""self_questioning"": 0, ""situation_modification"": 0, ""situation_selection"": 0, ""suspending_judgment"": 0, ""understanding"": 0, ""updating_beliefs"": 1, ""zooming_in"": 0, ""zooming_out"": 0}","Miguel believes the chocolate is perfect for making the mole sauce – initially. However, the narrative reveals that it has subsequently melted due to the power outage. 

Therefore, the most accurate answer is: **He initially believes the chocolate is perfect, but it has now melted.**",True,"{""abstracting"": 0, ""accepting"": 0, ""analogical_thinking"": 0, ""analyzing"": 0, ""applying"": 0, ""attentional_deployment"": 0, ""cognition_awareness"": 0, ""concretizing"": 0, ""connecting"": 0, ""convergent_thinking"": 0, ""counterfactual_reasoning"": 0, ""creating"": 0, ""distinguishing"": 7, ""divergent_thinking"": 0, ""emotion_characterizing"": 0, ""emotion_facilitation"": 0, ""emotion_management"": 0, ""emotion_organizing"": 1, ""emotion_perception"": 0, ""emotion_receiving"": 0, ""emotion_responding"": 1, ""emotion_understanding"": 0, ""emotion_valuing"": 0, ""emotional_reappraisal"": 7, ""evaluating"": 0, ""hypothesis_generation"": 4, ""meta_awareness"": 0, ""metacognitive_monitoring"": 0, ""metacognitive_regulation"": 0, ""noticing"": 0, ""pattern_recognition"": 1, ""perspective_taking"": 0, ""questioning"": 1, ""reconsidering"": 0, ""reframing"": 0, ""remembering"": 1, ""response_modulation"": 0, ""self_questioning"": 0, ""situation_modification"": 0, ""situation_selection"": 0, ""suspending_judgment"": 0, ""understanding"": 0, ""updating_beliefs"": 0, ""zooming_in"": 0, ""zooming_out"": 0}","{""abstracting"": 0, ""accepting"": 0, ""analogical_thinking"": 0, ""analyzing"": 0, ""applying"": 0, ""attentional_deployment"": 0, ""cognition_awareness"": 0, ""concretizing"": 0, ""connecting"": 0, ""convergent_thinking"": 3, ""counterfactual_reasoning"": 0, ""creating"": 0, ""distinguishing"": 8, ""divergent_thinking"": 0, ""emotion_characterizing"": 0, ""emotion_facilitation"": 0, ""emotion_management"": 0, ""emotion_organizing"": 0, ""emotion_perception"": 0, ""emotion_receiving"": 0, ""emotion_responding"": 0, ""emotion_understanding"": 2, ""emotion_valuing"": 0, ""emotional_reappraisal"": 2, ""evaluating"": 0, ""hypothesis_generation"": 1, ""meta_awareness"": 0, ""metacognitive_monitoring"": 0, ""metacognitive_regulation"": 0, ""noticing"": 0, ""pattern_recognition"": 0, ""perspective_taking"": 0, ""questioning"": 0, ""reconsidering"": 0, ""reframing"": 0, ""remembering"": 1, ""response_modulation"": 0, ""self_questioning"": 0, ""situation_modification"": 0, ""situation_selection"": 0, ""suspending_judgment"": 0, ""understanding"": 0, ""updating_beliefs"": 2, ""zooming_in"": 0, ""zooming_out"": 0}","{""emotion_organizing"": 1, ""counterfactual_reasoning"": 0, ""hypothesis_generation"": 0, ""emotion_perception"": -2, ""abstracting"": 0, ""divergent_thinking"": 0, ""analyzing"": 0, ""accepting"": 0, ""metacognitive_monitoring"": 0, ""self_questioning"": 0, ""emotion_valuing"": 0, ""remembering"": 1, ""zooming_out"": 0, ""evaluating"": 0, ""perspective_taking"": 0, ""emotion_responding"": 0, ""attentional_deployment"": 0, ""updating_beliefs"": 0, ""situation_modification"": 0, ""creating"": 0, ""situation_selection"": 0, ""concretizing"": 0, ""emotion_characterizing"": 0, ""zooming_in"": 0, ""noticing"": 0, ""emotion_management"": 0, ""pattern_recognition"": 1, ""reframing"": 0, ""convergent_thinking"": 0, ""connecting"": 0, ""metacognitive_regulation"": 0, ""emotional_reappraisal"": 0, ""reconsidering"": 0, ""analogical_thinking"": 0, ""understanding"": 0, ""distinguishing"": 0, ""cognition_awareness"": 0, ""suspending_judgment"": 0, ""questioning"": -1, ""emotion_understanding"": 0, ""meta_awareness"": 0, ""response_modulation"": 0, ""applying"": 0, ""emotion_facilitation"": 0, ""emotion_receiving"": 0}","{""emotion_organizing"": 0, ""counterfactual_reasoning"": 0, ""hypothesis_generation"": 1, ""emotion_perception"": 0, ""abstracting"": 0, ""divergent_thinking"": 0, ""analyzing"": 0, ""accepting"": 0, ""metacognitive_monitoring"": 0, ""self_questioning"": 0, ""emotion_valuing"": 0, ""remembering"": 1, ""zooming_out"": 0, ""evaluating"": 0, ""perspective_taking"": 0, ""emotion_responding"": 0, ""attentional_deployment"": 0, ""updating_beliefs"": 1, ""situation_modification"": 0, ""creating"": 0, ""situation_selection"": 0, ""concretizing"": 0, ""emotion_characterizing"": 0, ""zooming_in"": 0, ""noticing"": 0, ""emotion_management"": 0, ""pattern_recognition"": 0, ""reframing"": 0, ""convergent_thinking"": -1, ""connecting"": 0, ""metacognitive_regulation"": 0, ""emotional_reappraisal"": -2, ""reconsidering"": 0, ""analogical_thinking"": 0, ""understanding"": 0, ""distinguishing"": 1, ""cognition_awareness"": 0, ""suspending_judgment"": 0, ""questioning"": -3, ""emotion_understanding"": 1, ""meta_awareness"": 0, ""response_modulation"": 0, ""applying"": 0, ""emotion_facilitation"": 0, ""emotion_receiving"": 0}",False
Carlos is a farmer in a small village in the Andes. Carlos wants to collect fresh eggs from his chickens to sell at the local market. The nest appears to be full of eggs when Carlos checks it in the morning. A crafty fox sneaks into the chicken coop and steals all the eggs from the nest. Carlos prepares to collect the eggs to sell at the market.,Does Carlos believe the nest contains eggs or that the fox has stolen them?,Carlos believes the nest contains eggs.,Carlos believes the fox has stolen the eggs.,"Carlos believes the nest contains eggs. The story states, “The nest appears to be full of eggs when Carlos checks it in the morning.” He’s preparing to collect them, indicating his assumption of their presence.",True,"{""abstracting"": 0, ""accepting"": 0, ""analogical_thinking"": 0, ""analyzing"": 0, ""applying"": 0, ""attentional_deployment"": 0, ""cognition_awareness"": 0, ""concretizing"": 0, ""connecting"": 0, ""convergent_thinking"": 0, ""counterfactual_reasoning"": 0, ""creating"": 0, ""distinguishing"": 6, ""divergent_thinking"": 0, ""emotion_characterizing"": 0, ""emotion_facilitation"": 0, ""emotion_management"": 0, ""emotion_organizing"": 0, ""emotion_perception"": 0, ""emotion_receiving"": 0, ""emotion_responding"": 0, ""emotion_understanding"": 0, ""emotion_valuing"": 0, ""emotional_reappraisal"": 7, ""evaluating"": 0, ""hypothesis_generation"": 4, ""meta_awareness"": 0, ""metacognitive_monitoring"": 1, ""metacognitive_regulation"": 0, ""noticing"": 0, ""pattern_recognition"": 0, ""perspective_taking"": 0, ""questioning"": 2, ""reconsidering"": 0, ""reframing"": 0, ""remembering"": 0, ""response_modulation"": 0, ""self_questioning"": 0, ""situation_modification"": 1, ""situation_selection"": 0, ""suspending_judgment"": 0, ""understanding"": 0, ""updating_beliefs"": 0, ""zooming_in"": 0, ""zooming_out"": 0}","{""abstracting"": 0, ""accepting"": 0, ""analogical_thinking"": 0, ""analyzing"": 0, ""applying"": 0, ""attentional_deployment"": 0, ""cognition_awareness"": 0, ""concretizing"": 0, ""connecting"": 0, ""convergent_thinking"": 0, ""counterfactual_reasoning"": 0, ""creating"": 0, ""distinguishing"": 1, ""divergent_thinking"": 0, ""emotion_characterizing"": 0, ""emotion_facilitation"": 0, ""emotion_management"": 0, ""emotion_organizing"": 0, ""emotion_perception"": 0, ""emotion_receiving"": 0, ""emotion_responding"": 0, ""emotion_understanding"": 0, ""emotion_valuing"": 0, ""emotional_reappraisal"": 5, ""evaluating"": 0, ""hypothesis_generation"": 1, ""meta_awareness"": 0, ""metacognitive_monitoring"": 0, ""metacognitive_regulation"": 0, ""noticing"": 0, ""pattern_recognition"": 0, ""perspective_taking"": 0, ""questioning"": 2, ""reconsidering"": 0, ""reframing"": 0, ""remembering"": 0, ""response_modulation"": 0, ""self_questioning"": 0, ""situation_modification"": 0, ""situation_selection"": 0, ""suspending_judgment"": 0, ""understanding"": 3, ""updating_beliefs"": 0, ""zooming_in"": 0, ""zooming_out"": 0}","Carlos believes the nest contains eggs. The story states, “The nest appears to be full of eggs when Carlos checks it in the morning.” This establishes his initial belief before the revelation of the fox’s theft.",True,"{""abstracting"": 0, ""accepting"": 0, ""analogical_thinking"": 0, ""analyzing"": 0, ""applying"": 0, ""attentional_deployment"": 0, ""cognition_awareness"": 0, ""concretizing"": 0, ""connecting"": 0, ""convergent_thinking"": 0, ""counterfactual_reasoning"": 0, ""creating"": 0, ""distinguishing"": 6, ""divergent_thinking"": 0, ""emotion_characterizing"": 0, ""emotion_facilitation"": 0, ""emotion_management"": 0, ""emotion_organizing"": 0, ""emotion_perception"": 0, ""emotion_receiving"": 0, ""emotion_responding"": 1, ""emotion_understanding"": 0, ""emotion_valuing"": 0, ""emotional_reappraisal"": 6, ""evaluating"": 0, ""hypothesis_generation"": 4, ""meta_awareness"": 0, ""metacognitive_monitoring"": 1, ""metacognitive_regulation"": 0, ""noticing"": 0, ""pattern_recognition"": 1, ""perspective_taking"": 0, ""questioning"": 1, ""reconsidering"": 0, ""reframing"": 0, ""remembering"": 0, ""response_modulation"": 0, ""self_questioning"": 0, ""situation_modification"": 1, ""situation_selection"": 0, ""suspending_judgment"": 0, ""understanding"": 0, ""updating_beliefs"": 0, ""zooming_in"": 0, ""zooming_out"": 0}","{""abstracting"": 0, ""accepting"": 0, ""analogical_thinking"": 0, ""analyzing"": 0, ""applying"": 0, ""attentional_deployment"": 0, ""cognition_awareness"": 0, ""concretizing"": 0, ""connecting"": 0, ""convergent_thinking"": 0, ""counterfactual_reasoning"": 0, ""creating"": 0, ""distinguishing"": 1, ""divergent_thinking"": 0, ""emotion_characterizing"": 0, ""emotion_facilitation"": 0, ""emotion_management"": 0, ""emotion_organizing"": 0, ""emotion_perception"": 0, ""emotion_receiving"": 0, ""emotion_responding"": 0, ""emotion_understanding"": 1, ""emotion_valuing"": 0, ""emotional_reappraisal"": 6, ""evaluating"": 0, ""hypothesis_generation"": 1, ""meta_awareness"": 0, ""metacognitive_monitoring"": 0, ""metacognitive_regulation"": 0, ""noticing"": 0, ""pattern_recognition"": 0, ""perspective_taking"": 0, ""questioning"": 1, ""reconsidering"": 0, ""reframing"": 0, ""remembering"": 0, ""response_modulation"": 0, ""self_questioning"": 0, ""situation_modification"": 0, ""situation_selection"": 0, ""suspending_judgment"": 0, ""understanding"": 2, ""updating_beliefs"": 0, ""zooming_in"": 0, ""zooming_out"": 0}","{""emotion_organizing"": 0, ""counterfactual_reasoning"": 0, ""hypothesis_generation"": 0, ""emotion_perception"": 0, ""abstracting"": 0, ""divergent_thinking"": 0, ""analyzing"": 0, ""accepting"": 0, ""metacognitive_monitoring"": 0, ""self_questioning"": 0, ""emotion_valuing"": 0, ""remembering"": 0, ""zooming_out"": 0, ""evaluating"": 0, ""perspective_taking"": 0, ""emotion_responding"": 1, ""attentional_deployment"": 0, ""updating_beliefs"": 0, ""situation_modification"": 0, ""creating"": 0, ""situation_selection"": 0, ""concretizing"": 0, ""emotion_characterizing"": 0, ""zooming_in"": 0, ""noticing"": 0, ""emotion_management"": 0, ""pattern_recognition"": 1, ""reframing"": 0, ""convergent_thinking"": 0, ""connecting"": 0, ""metacognitive_regulation"": 0, ""emotional_reappraisal"": -1, ""reconsidering"": 0, ""analogical_thinking"": 0, ""understanding"": 0, ""distinguishing"": 0, ""cognition_awareness"": 0, ""suspending_judgment"": 0, ""questioning"": -1, ""emotion_understanding"": 0, ""meta_awareness"": 0, ""response_modulation"": 0, ""applying"": 0, ""emotion_facilitation"": 0, ""emotion_receiving"": 0}","{""emotion_organizing"": 0, ""counterfactual_reasoning"": 0, ""hypothesis_generation"": 0, ""emotion_perception"": 0, ""abstracting"": 0, ""divergent_thinking"": 0, ""analyzing"": 0, ""accepting"": 0, ""metacognitive_monitoring"": 0, ""self_questioning"": 0, ""emotion_valuing"": 0, ""remembering"": 0, ""zooming_out"": 0, ""evaluating"": 0, ""perspective_taking"": 0, ""emotion_responding"": 0, ""attentional_deployment"": 0, ""updating_beliefs"": 0, ""situation_modification"": 0, ""creating"": 0, ""situation_selection"": 0, ""concretizing"": 0, ""emotion_characterizing"": 0, ""zooming_in"": 0, ""noticing"": 0, ""emotion_management"": 0, ""pattern_recognition"": 0, ""reframing"": 0, ""convergent_thinking"": 0, ""connecting"": 0, ""metacognitive_regulation"": 0, ""emotional_reappraisal"": 1, ""reconsidering"": 0, ""analogical_thinking"": 0, ""understanding"": -1, ""distinguishing"": 0, ""cognition_awareness"": 0, ""suspending_judgment"": 0, ""questioning"": -1, ""emotion_understanding"": 1, ""meta_awareness"": 0, ""response_modulation"": 0, ""applying"": 0, ""emotion_facilitation"": 0, ""emotion_receiving"": 0}",False
"Carlos is a skilled chef working at a renowned restaurant in Mexico City. Carlos wants to perfect his mole sauce recipe for a special charity event. He tastes the mole sauce and finds it to be rich and balanced in flavors. A few hours before the event, a kitchen assistant accidentally adds too much chili powder to the mole sauce, making it extremely spicy. Carlos confidently serves the mole sauce at the charity event.",Does Carlos believe the mole sauce has a perfect taste or that it is extremely spicy?,Carlos believes that the mole sauce has the perfect taste.,Carlos believes the mole sauce is extremely spicy.,"Carlos believes the mole sauce has a **perfect taste**. He confidently served it, indicating he was satisfied with its flavor profile *before* the mistake. The chili powder addition was a later, unfortunate event.",True,"{""abstracting"": 0, ""accepting"": 0, ""analogical_thinking"": 0, ""analyzing"": 0, ""applying"": 0, ""attentional_deployment"": 0, ""cognition_awareness"": 0, ""concretizing"": 0, ""connecting"": 0, ""convergent_thinking"": 0, ""counterfactual_reasoning"": 0, ""creating"": 0, ""distinguishing"": 6, ""divergent_thinking"": 0, ""emotion_characterizing"": 0, ""emotion_facilitation"": 0, ""emotion_management"": 0, ""emotion_organizing"": 1, ""emotion_perception"": 0, ""emotion_receiving"": 0, ""emotion_responding"": 1, ""emotion_understanding"": 0, ""emotion_valuing"": 0, ""emotional_reappraisal"": 9, ""evaluating"": 0, ""hypothesis_generation"": 2, ""meta_awareness"": 0, ""metacognitive_monitoring"": 0, ""metacognitive_regulation"": 0, ""noticing"": 0, ""pattern_recognition"": 0, ""perspective_taking"": 0, ""questioning"": 0, ""reconsidering"": 0, ""reframing"": 1, ""remembering"": 0, ""response_modulation"": 0, ""self_questioning"": 0, ""situation_modification"": 0, ""situation_selection"": 0, ""suspending_judgment"": 0, ""understanding"": 0, ""updating_beliefs"": 0, ""zooming_in"": 0, ""zooming_out"": 0}","{""abstracting"": 0, ""accepting"": 0, ""analogical_thinking"": 0, ""analyzing"": 0, ""applying"": 0, ""attentional_deployment"": 0, ""cognition_awareness"": 0, ""concretizing"": 0, ""connecting"": 0, ""convergent_thinking"": 5, ""counterfactual_reasoning"": 0, ""creating"": 0, ""distinguishing"": 4, ""divergent_thinking"": 0, ""emotion_characterizing"": 0, ""emotion_facilitation"": 0, ""emotion_management"": 0, ""emotion_organizing"": 0, ""emotion_perception"": 0, ""emotion_receiving"": 0, ""emotion_responding"": 0, ""emotion_understanding"": 0, ""emotion_valuing"": 0, ""emotional_reappraisal"": 6, ""evaluating"": 0, ""hypothesis_generation"": 0, ""meta_awareness"": 0, ""metacognitive_monitoring"": 0, ""metacognitive_regulation"": 0, ""noticing"": 0, ""pattern_recognition"": 0, ""perspective_taking"": 0, ""questioning"": 1, ""reconsidering"": 0, ""reframing"": 0, ""remembering"": 0, ""response_modulation"": 0, ""self_questioning"": 0, ""situation_modification"": 0, ""situation_selection"": 0, ""suspending_judgment"": 0, ""understanding"": 1, ""updating_beliefs"": 1, ""zooming_in"": 0, ""zooming_out"": 0}","Carlos believes the mole sauce has a perfect taste. He confidently served it, indicating his assessment of its flavor profile before the unfortunate addition of chili powder.",True,"{""abstracting"": 0, ""accepting"": 0, ""analogical_thinking"": 0, ""analyzing"": 0, ""applying"": 0, ""attentional_deployment"": 0, ""cognition_awareness"": 0, ""concretizing"": 0, ""connecting"": 0, ""convergent_thinking"": 0, ""counterfactual_reasoning"": 0, ""creating"": 0, ""distinguishing"": 5, ""divergent_thinking"": 0, ""emotion_characterizing"": 0, ""emotion_facilitation"": 0, ""emotion_management"": 0, ""emotion_organizing"": 1, ""emotion_perception"": 0, ""emotion_receiving"": 0, ""emotion_responding"": 1, ""emotion_understanding"": 0, ""emotion_valuing"": 0, ""emotional_reappraisal"": 9, ""evaluating"": 0, ""hypothesis_generation"": 2, ""meta_awareness"": 0, ""metacognitive_monitoring"": 0, ""metacognitive_regulation"": 0, ""noticing"": 0, ""pattern_recognition"": 1, ""perspective_taking"": 0, ""questioning"": 0, ""reconsidering"": 0, ""reframing"": 1, ""remembering"": 0, ""response_modulation"": 0, ""self_questioning"": 0, ""situation_modification"": 0, ""situation_selection"": 0, ""suspending_judgment"": 0, ""understanding"": 0, ""updating_beliefs"": 0, ""zooming_in"": 0, ""zooming_out"": 0}","{""abstracting"": 0, ""accepting"": 0, ""analogical_thinking"": 1, ""analyzing"": 0, ""applying"": 0, ""attentional_deployment"": 0, ""cognition_awareness"": 0, ""concretizing"": 0, ""connecting"": 0, ""convergent_thinking"": 2, ""counterfactual_reasoning"": 0, ""creating"": 0, ""distinguishing"": 1, ""divergent_thinking"": 0, ""emotion_characterizing"": 0, ""emotion_facilitation"": 0, ""emotion_management"": 1, ""emotion_organizing"": 0, ""emotion_perception"": 0, ""emotion_receiving"": 0, ""emotion_responding"": 0, ""emotion_understanding"": 1, ""emotion_valuing"": 0, ""emotional_reappraisal"": 5, ""evaluating"": 0, ""hypothesis_generation"": 0, ""meta_awareness"": 0, ""metacognitive_monitoring"": 0, ""metacognitive_regulation"": 0, ""noticing"": 0, ""pattern_recognition"": 0, ""perspective_taking"": 0, ""questioning"": 1, ""reconsidering"": 0, ""reframing"": 0, ""remembering"": 0, ""response_modulation"": 0, ""self_questioning"": 0, ""situation_modification"": 1, ""situation_selection"": 0, ""suspending_judgment"": 0, ""understanding"": 1, ""updating_beliefs"": 1, ""zooming_in"": 0, ""zooming_out"": 0}","{""emotion_organizing"": 0, ""counterfactual_reasoning"": 0, ""hypothesis_generation"": 0, ""emotion_perception"": 0, ""abstracting"": 0, ""divergent_thinking"": 0, ""analyzing"": 0, ""accepting"": 0, ""metacognitive_monitoring"": 0, ""self_questioning"": 0, ""emotion_valuing"": 0, ""remembering"": 0, ""zooming_out"": 0, ""evaluating"": 0, ""perspective_taking"": 0, ""emotion_responding"": 0, ""attentional_deployment"": 0, ""updating_beliefs"": 0, ""situation_modification"": 0, ""creating"": 0, ""situation_selection"": 0, ""concretizing"": 0, ""emotion_characterizing"": 0, ""zooming_in"": 0, ""noticing"": 0, ""emotion_management"": 0, ""pattern_recognition"": 1, ""reframing"": 0, ""convergent_thinking"": 0, ""connecting"": 0, ""metacognitive_regulation"": 0, ""emotional_reappraisal"": 0, ""reconsidering"": 0, ""analogical_thinking"": 0, ""understanding"": 0, ""distinguishing"": -1, ""cognition_awareness"": 0, ""suspending_judgment"": 0, ""questioning"": 0, ""emotion_understanding"": 0, ""meta_awareness"": 0, ""response_modulation"": 0, ""applying"": 0, ""emotion_facilitation"": 0, ""emotion_receiving"": 0}","{""emotion_organizing"": 0, ""counterfactual_reasoning"": 0, ""hypothesis_generation"": 0, ""emotion_perception"": 0, ""abstracting"": 0, ""divergent_thinking"": 0, ""analyzing"": 0, ""accepting"": 0, ""metacognitive_monitoring"": 0, ""self_questioning"": 0, ""emotion_valuing"": 0, ""remembering"": 0, ""zooming_out"": 0, ""evaluating"": 0, ""perspective_taking"": 0, ""emotion_responding"": 0, ""attentional_deployment"": 0, ""updating_beliefs"": 0, ""situation_modification"": 1, ""creating"": 0, ""situation_selection"": 0, ""concretizing"": 0, ""emotion_characterizing"": 0, ""zooming_in"": 0, ""noticing"": 0, ""emotion_management"": 1, ""pattern_recognition"": 0, ""reframing"": 0, ""convergent_thinking"": -3, ""connecting"": 0, ""metacognitive_regulation"": 0, ""emotional_reappraisal"": -1, ""reconsidering"": 0, ""analogical_thinking"": 1, ""understanding"": 0, ""distinguishing"": -3, ""cognition_awareness"": 0, ""suspending_judgment"": 0, ""questioning"": 0, ""emotion_understanding"": 1, ""meta_awareness"": 0, ""response_modulation"": 0, ""applying"": 0, ""emotion_facilitation"": 0, ""emotion_receiving"": 0}",False
"Amara is an artist living in a bustling city in Nigeria. She wants to create a beautiful painting for her friend's birthday present. She finds a smooth, flawless canvas in her art studio. Later, her mischievous little brother accidentally spills black paint all over the canvas, leaving it ruined. Amara begins painting on the canvas.",Does Amara believe the canvas is smooth and flawless or ruined with black paint?,Amara believes the canvas is smooth and flawless.,Amara believes the canvas is ruined with black paint.,"Amara initially believed the canvas was smooth and flawless. However, after her brother ruined it, she now believes it is ruined with black paint. 

So the answer is: **Ruined with black paint.**",False,"{""abstracting"": 0, ""accepting"": 0, ""analogical_thinking"": 0, ""analyzing"": 0, ""applying"": 0, ""attentional_deployment"": 0, ""cognition_awareness"": 0, ""concretizing"": 0, ""connecting"": 0, ""convergent_thinking"": 0, ""counterfactual_reasoning"": 0, ""creating"": 0, ""distinguishing"": 8, ""divergent_thinking"": 0, ""emotion_characterizing"": 0, ""emotion_facilitation"": 0, ""emotion_management"": 0, ""emotion_organizing"": 1, ""emotion_perception"": 0, ""emotion_receiving"": 0, ""emotion_responding"": 0, ""emotion_understanding"": 0, ""emotion_valuing"": 0, ""emotional_reappraisal"": 8, ""evaluating"": 0, ""hypothesis_generation"": 4, ""meta_awareness"": 0, ""metacognitive_monitoring"": 0, ""metacognitive_regulation"": 0, ""noticing"": 0, ""pattern_recognition"": 0, ""perspective_taking"": 0, ""questioning"": 1, ""reconsidering"": 0, ""reframing"": 0, ""remembering"": 0, ""response_modulation"": 0, ""self_questioning"": 0, ""situation_modification"": 0, ""situation_selection"": 0, ""suspending_judgment"": 0, ""understanding"": 0, ""updating_beliefs"": 0, ""zooming_in"": 0, ""zooming_out"": 0}","{""abstracting"": 0, ""accepting"": 0, ""analogical_thinking"": 0, ""analyzing"": 0, ""applying"": 0, ""attentional_deployment"": 0, ""cognition_awareness"": 0, ""concretizing"": 0, ""connecting"": 0, ""convergent_thinking"": 4, ""counterfactual_reasoning"": 0, ""creating"": 0, ""distinguishing"": 8, ""divergent_thinking"": 0, ""emotion_characterizing"": 0, ""emotion_facilitation"": 0, ""emotion_management"": 0, ""emotion_organizing"": 1, ""emotion_perception"": 0, ""emotion_receiving"": 0, ""emotion_responding"": 0, ""emotion_understanding"": 0, ""emotion_valuing"": 0, ""emotional_reappraisal"": 5, ""evaluating"": 0, ""hypothesis_generation"": 0, ""meta_awareness"": 0, ""metacognitive_monitoring"": 0, ""metacognitive_regulation"": 0, ""noticing"": 0, ""pattern_recognition"": 0, ""perspective_taking"": 0, ""questioning"": 1, ""reconsidering"": 0, ""reframing"": 0, ""remembering"": 0, ""response_modulation"": 0, ""self_questioning"": 0, ""situation_modification"": 0, ""situation_selection"": 0, ""suspending_judgment"": 0, ""understanding"": 0, ""updating_beliefs"": 2, ""zooming_in"": 0, ""zooming_out"": 0}","Initially, Amara believed the canvas was smooth and flawless. However, after her brother’s accident, she now believes it’s ruined with black paint. 

Therefore, the most accurate answer is: **Ruined with black paint.**",False,"{""abstracting"": 0, ""accepting"": 0, ""analogical_thinking"": 0, ""analyzing"": 0, ""applying"": 0, ""attentional_deployment"": 0, ""cognition_awareness"": 0, ""concretizing"": 0, ""connecting"": 0, ""convergent_thinking"": 0, ""counterfactual_reasoning"": 0, ""creating"": 0, ""distinguishing"": 7, ""divergent_thinking"": 0, ""emotion_characterizing"": 0, ""emotion_facilitation"": 0, ""emotion_management"": 0, ""emotion_organizing"": 2, ""emotion_perception"": 1, ""emotion_receiving"": 0, ""emotion_responding"": 0, ""emotion_understanding"": 0, ""emotion_valuing"": 0, ""emotional_reappraisal"": 8, ""evaluating"": 0, ""hypothesis_generation"": 4, ""meta_awareness"": 0, ""metacognitive_monitoring"": 0, ""metacognitive_regulation"": 0, ""noticing"": 0, ""pattern_recognition"": 1, ""perspective_taking"": 0, ""questioning"": 0, ""reconsidering"": 0, ""reframing"": 0, ""remembering"": 0, ""response_modulation"": 0, ""self_questioning"": 0, ""situation_modification"": 0, ""situation_selection"": 0, ""suspending_judgment"": 0, ""understanding"": 0, ""updating_beliefs"": 0, ""zooming_in"": 0, ""zooming_out"": 0}","{""abstracting"": 0, ""accepting"": 0, ""analogical_thinking"": 0, ""analyzing"": 0, ""applying"": 0, ""attentional_deployment"": 0, ""cognition_awareness"": 0, ""concretizing"": 0, ""connecting"": 0, ""convergent_thinking"": 4, ""counterfactual_reasoning"": 0, ""creating"": 0, ""distinguishing"": 10, ""divergent_thinking"": 0, ""emotion_characterizing"": 0, ""emotion_facilitation"": 0, ""emotion_management"": 0, ""emotion_organizing"": 0, ""emotion_perception"": 0, ""emotion_receiving"": 0, ""emotion_responding"": 0, ""emotion_understanding"": 0, ""emotion_valuing"": 0, ""emotional_reappraisal"": 6, ""evaluating"": 0, ""hypothesis_generation"": 0, ""meta_awareness"": 0, ""metacognitive_monitoring"": 0, ""metacognitive_regulation"": 0, ""noticing"": 0, ""pattern_recognition"": 0, ""perspective_taking"": 0, ""questioning"": 0, ""reconsidering"": 0, ""reframing"": 0, ""remembering"": 1, ""response_modulation"": 0, ""self_questioning"": 0, ""situation_modification"": 0, ""situation_selection"": 0, ""suspending_judgment"": 0, ""understanding"": 1, ""updating_beliefs"": 3, ""zooming_in"": 0, ""zooming_out"": 0}","{""emotion_organizing"": 1, ""counterfactual_reasoning"": 0, ""hypothesis_generation"": 0, ""emotion_perception"": 1, ""abstracting"": 0, ""divergent_thinking"": 0, ""analyzing"": 0, ""accepting"": 0, ""metacognitive_monitoring"": 0, ""self_questioning"": 0, ""emotion_valuing"": 0, ""remembering"": 0, ""zooming_out"": 0, ""evaluating"": 0, ""perspective_taking"": 0, ""emotion_responding"": 0, ""attentional_deployment"": 0, ""updating_beliefs"": 0, ""situation_modification"": 0, ""creating"": 0, ""situation_selection"": 0, ""concretizing"": 0, ""emotion_characterizing"": 0, ""zooming_in"": 0, ""noticing"": 0, ""emotion_management"": 0, ""pattern_recognition"": 1, ""reframing"": 0, ""convergent_thinking"": 0, ""connecting"": 0, ""metacognitive_regulation"": 0, ""emotional_reappraisal"": 0, ""reconsidering"": 0, ""analogical_thinking"": 0, ""understanding"": 0, ""distinguishing"": -1, ""cognition_awareness"": 0, ""suspending_judgment"": 0, ""questioning"": -1, ""emotion_understanding"": 0, ""meta_awareness"": 0, ""response_modulation"": 0, ""applying"": 0, ""emotion_facilitation"": 0, ""emotion_receiving"": 0}","{""emotion_organizing"": -1, ""counterfactual_reasoning"": 0, ""hypothesis_generation"": 0, ""emotion_perception"": 0, ""abstracting"": 0, ""divergent_thinking"": 0, ""analyzing"": 0, ""accepting"": 0, ""metacognitive_monitoring"": 0, ""self_questioning"": 0, ""emotion_valuing"": 0, ""remembering"": 1, ""zooming_out"": 0, ""evaluating"": 0, ""perspective_taking"": 0, ""emotion_responding"": 0, ""attentional_deployment"": 0, ""updating_beliefs"": 1, ""situation_modification"": 0, ""creating"": 0, ""situation_selection"": 0, ""concretizing"": 0, ""emotion_characterizing"": 0, ""zooming_in"": 0, ""noticing"": 0, ""emotion_management"": 0, ""pattern_recognition"": 0, ""reframing"": 0, ""convergent_thinking"": 0, ""connecting"": 0, ""metacognitive_regulation"": 0, ""emotional_reappraisal"": 1, ""reconsidering"": 0, ""analogical_thinking"": 0, ""understanding"": 1, ""distinguishing"": 2, ""cognition_awareness"": 0, ""suspending_judgment"": 0, ""questioning"": -1, ""emotion_understanding"": 0, ""meta_awareness"": 0, ""response_modulation"": 0, ""applying"": 0, ""emotion_facilitation"": 0, ""emotion_receiving"": 0}",False
"Fatima is a talented artist living in a small Moroccan village. Fatima wants to create a beautiful painting to donate for the local charity auction. She has a brand-new set of high-quality paintbrushes in her studio. While she is away, her younger brother accidentally ruins the paintbrushes by using them for a school project with glue. Fatima starts working on her painting with the paintbrushes.",Does Fatima believe she has high-quality paintbrushes or ruined paintbrushes in her studio?,Fatima believes she has high-quality paintbrushes in her studio.,Fatima believes the paintbrushes are ruined.,"Ruined paintbrushes. 

The story states her brother ruined them, and she’s then working on her painting *with* them.",False,"{""abstracting"": 0, ""accepting"": 0, ""analogical_thinking"": 0, ""analyzing"": 0, ""applying"": 0, ""attentional_deployment"": 0, ""cognition_awareness"": 0, ""concretizing"": 0, ""connecting"": 0, ""convergent_thinking"": 0, ""counterfactual_reasoning"": 0, ""creating"": 0, ""distinguishing"": 6, ""divergent_thinking"": 0, ""emotion_characterizing"": 0, ""emotion_facilitation"": 0, ""emotion_management"": 0, ""emotion_organizing"": 1, ""emotion_perception"": 0, ""emotion_receiving"": 0, ""emotion_responding"": 0, ""emotion_understanding"": 0, ""emotion_valuing"": 0, ""emotional_reappraisal"": 7, ""evaluating"": 0, ""hypothesis_generation"": 4, ""meta_awareness"": 0, ""metacognitive_monitoring"": 0, ""metacognitive_regulation"": 0, ""noticing"": 0, ""pattern_recognition"": 1, ""perspective_taking"": 0, ""questioning"": 1, ""reconsidering"": 0, ""reframing"": 0, ""remembering"": 1, ""response_modulation"": 0, ""self_questioning"": 0, ""situation_modification"": 0, ""situation_selection"": 0, ""suspending_judgment"": 0, ""understanding"": 0, ""updating_beliefs"": 0, ""zooming_in"": 0, ""zooming_out"": 0}","{""abstracting"": 1, ""accepting"": 0, ""analogical_thinking"": 0, ""analyzing"": 0, ""applying"": 0, ""attentional_deployment"": 0, ""cognition_awareness"": 0, ""concretizing"": 0, ""connecting"": 0, ""convergent_thinking"": 5, ""counterfactual_reasoning"": 1, ""creating"": 0, ""distinguishing"": 3, ""divergent_thinking"": 0, ""emotion_characterizing"": 0, ""emotion_facilitation"": 0, ""emotion_management"": 0, ""emotion_organizing"": 0, ""emotion_perception"": 0, ""emotion_receiving"": 0, ""emotion_responding"": 0, ""emotion_understanding"": 0, ""emotion_valuing"": 0, ""emotional_reappraisal"": 1, ""evaluating"": 0, ""hypothesis_generation"": 1, ""meta_awareness"": 0, ""metacognitive_monitoring"": 0, ""metacognitive_regulation"": 0, ""noticing"": 0, ""pattern_recognition"": 0, ""perspective_taking"": 0, ""questioning"": 1, ""reconsidering"": 0, ""reframing"": 0, ""remembering"": 0, ""response_modulation"": 0, ""self_questioning"": 0, ""situation_modification"": 0, ""situation_selection"": 0, ""suspending_judgment"": 0, ""understanding"": 3, ""updating_beliefs"": 0, ""zooming_in"": 0, ""zooming_out"": 0}","Fatima believes she has **high-quality paintbrushes** in her studio. The story explicitly states she possesses a “brand-new set of high-quality paintbrushes.” The subsequent discovery of their ruin is a twist, not her initial belief.",True,"{""abstracting"": 0, ""accepting"": 0, ""analogical_thinking"": 0, ""analyzing"": 0, ""applying"": 0, ""attentional_deployment"": 0, ""cognition_awareness"": 0, ""concretizing"": 0, ""connecting"": 0, ""convergent_thinking"": 0, ""counterfactual_reasoning"": 0, ""creating"": 0, ""distinguishing"": 6, ""divergent_thinking"": 0, ""emotion_characterizing"": 0, ""emotion_facilitation"": 0, ""emotion_management"": 0, ""emotion_organizing"": 1, ""emotion_perception"": 0, ""emotion_receiving"": 0, ""emotion_responding"": 0, ""emotion_understanding"": 0, ""emotion_valuing"": 0, ""emotional_reappraisal"": 6, ""evaluating"": 0, ""hypothesis_generation"": 4, ""meta_awareness"": 0, ""metacognitive_monitoring"": 0, ""metacognitive_regulation"": 0, ""noticing"": 0, ""pattern_recognition"": 1, ""perspective_taking"": 0, ""questioning"": 1, ""reconsidering"": 0, ""reframing"": 0, ""remembering"": 1, ""response_modulation"": 0, ""self_questioning"": 0, ""situation_modification"": 0, ""situation_selection"": 0, ""suspending_judgment"": 0, ""understanding"": 0, ""updating_beliefs"": 0, ""zooming_in"": 0, ""zooming_out"": 0}","{""abstracting"": 0, ""accepting"": 0, ""analogical_thinking"": 0, ""analyzing"": 0, ""applying"": 0, ""attentional_deployment"": 0, ""cognition_awareness"": 0, ""concretizing"": 0, ""connecting"": 0, ""convergent_thinking"": 3, ""counterfactual_reasoning"": 0, ""creating"": 0, ""distinguishing"": 9, ""divergent_thinking"": 0, ""emotion_characterizing"": 0, ""emotion_facilitation"": 0, ""emotion_management"": 0, ""emotion_organizing"": 0, ""emotion_perception"": 0, ""emotion_receiving"": 0, ""emotion_responding"": 0, ""emotion_understanding"": 1, ""emotion_valuing"": 0, ""emotional_reappraisal"": 4, ""evaluating"": 0, ""hypothesis_generation"": 1, ""meta_awareness"": 0, ""metacognitive_monitoring"": 0, ""metacognitive_regulation"": 0, ""noticing"": 0, ""pattern_recognition"": 0, ""perspective_taking"": 0, ""questioning"": 1, ""reconsidering"": 0, ""reframing"": 0, ""remembering"": 0, ""response_modulation"": 0, ""self_questioning"": 0, ""situation_modification"": 0, ""situation_selection"": 0, ""suspending_judgment"": 0, ""understanding"": 1, ""updating_beliefs"": 1, ""zooming_in"": 0, ""zooming_out"": 0}","{""emotion_organizing"": 0, ""counterfactual_reasoning"": 0, ""hypothesis_generation"": 0, ""emotion_perception"": 0, ""abstracting"": 0, ""divergent_thinking"": 0, ""analyzing"": 0, ""accepting"": 0, ""metacognitive_monitoring"": 0, ""self_questioning"": 0, ""emotion_valuing"": 0, ""remembering"": 0, ""zooming_out"": 0, ""evaluating"": 0, ""perspective_taking"": 0, ""emotion_responding"": 0, ""attentional_deployment"": 0, ""updating_beliefs"": 0, ""situation_modification"": 0, ""creating"": 0, ""situation_selection"": 0, ""concretizing"": 0, ""emotion_characterizing"": 0, ""zooming_in"": 0, ""noticing"": 0, ""emotion_management"": 0, ""pattern_recognition"": 0, ""reframing"": 0, ""convergent_thinking"": 0, ""connecting"": 0, ""metacognitive_regulation"": 0, ""emotional_reappraisal"": -1, ""reconsidering"": 0, ""analogical_thinking"": 0, ""understanding"": 0, ""distinguishing"": 0, ""cognition_awareness"": 0, ""suspending_judgment"": 0, ""questioning"": 0, ""emotion_understanding"": 0, ""meta_awareness"": 0, ""response_modulation"": 0, ""applying"": 0, ""emotion_facilitation"": 0, ""emotion_receiving"": 0}","{""emotion_organizing"": 0, ""counterfactual_reasoning"": -1, ""hypothesis_generation"": 0, ""emotion_perception"": 0, ""abstracting"": -1, ""divergent_thinking"": 0, ""analyzing"": 0, ""accepting"": 0, ""metacognitive_monitoring"": 0, ""self_questioning"": 0, ""emotion_valuing"": 0, ""remembering"": 0, ""zooming_out"": 0, ""evaluating"": 0, ""perspective_taking"": 0, ""emotion_responding"": 0, ""attentional_deployment"": 0, ""updating_beliefs"": 1, ""situation_modification"": 0, ""creating"": 0, ""situation_selection"": 0, ""concretizing"": 0, ""emotion_characterizing"": 0, ""zooming_in"": 0, ""noticing"": 0, ""emotion_management"": 0, ""pattern_recognition"": 0, ""reframing"": 0, ""convergent_thinking"": -2, ""connecting"": 0, ""metacognitive_regulation"": 0, ""emotional_reappraisal"": 3, ""reconsidering"": 0, ""analogical_thinking"": 0, ""understanding"": -2, ""distinguishing"": 6, ""cognition_awareness"": 0, ""suspending_judgment"": 0, ""questioning"": 0, ""emotion_understanding"": 1, ""meta_awareness"": 0, ""response_modulation"": 0, ""applying"": 0, ""emotion_facilitation"": 0, ""emotion_receiving"": 0}",True
"Fatima is an archaeologist working at an excavation site in Egypt. She wants to carefully remove an ancient artifact from the ground to study and preserve it. The artifact appears to be intact and in good condition. Suddenly, a sandstorm blows through the area, burying the artifact in sand and causing some damage to it. Fatima carefully removes the artifact from the ground.",Does Fatima believe the artifact is intact and in good condition or damaged by the sandstorm?,Fatima believes the artifact is intact and in good condition.,Fatima believes the artifact is damaged by the sandstorm.,Fatima believes the artifact is damaged by the sandstorm. The story states that the sandstorm “caused some damage” to it after it was unearthed.,False,"{""abstracting"": 0, ""accepting"": 0, ""analogical_thinking"": 0, ""analyzing"": 0, ""applying"": 0, ""attentional_deployment"": 0, ""cognition_awareness"": 0, ""concretizing"": 0, ""connecting"": 0, ""convergent_thinking"": 0, ""counterfactual_reasoning"": 0, ""creating"": 0, ""distinguishing"": 5, ""divergent_thinking"": 0, ""emotion_characterizing"": 0, ""emotion_facilitation"": 0, ""emotion_management"": 0, ""emotion_organizing"": 1, ""emotion_perception"": 4, ""emotion_receiving"": 0, ""emotion_responding"": 0, ""emotion_understanding"": 0, ""emotion_valuing"": 0, ""emotional_reappraisal"": 8, ""evaluating"": 0, ""hypothesis_generation"": 4, ""meta_awareness"": 0, ""metacognitive_monitoring"": 0, ""metacognitive_regulation"": 0, ""noticing"": 0, ""pattern_recognition"": 0, ""perspective_taking"": 0, ""questioning"": 2, ""reconsidering"": 0, ""reframing"": 0, ""remembering"": 0, ""response_modulation"": 0, ""self_questioning"": 0, ""situation_modification"": 0, ""situation_selection"": 0, ""suspending_judgment"": 0, ""understanding"": 0, ""updating_beliefs"": 0, ""zooming_in"": 0, ""zooming_out"": 0}","{""abstracting"": 0, ""accepting"": 0, ""analogical_thinking"": 0, ""analyzing"": 0, ""applying"": 0, ""attentional_deployment"": 0, ""cognition_awareness"": 0, ""concretizing"": 0, ""connecting"": 0, ""convergent_thinking"": 4, ""counterfactual_reasoning"": 0, ""creating"": 0, ""distinguishing"": 5, ""divergent_thinking"": 0, ""emotion_characterizing"": 0, ""emotion_facilitation"": 0, ""emotion_management"": 0, ""emotion_organizing"": 0, ""emotion_perception"": 1, ""emotion_receiving"": 0, ""emotion_responding"": 0, ""emotion_understanding"": 0, ""emotion_valuing"": 0, ""emotional_reappraisal"": 2, ""evaluating"": 0, ""hypothesis_generation"": 3, ""meta_awareness"": 0, ""metacognitive_monitoring"": 0, ""metacognitive_regulation"": 0, ""noticing"": 0, ""pattern_recognition"": 0, ""perspective_taking"": 0, ""questioning"": 1, ""reconsidering"": 0, ""reframing"": 0, ""remembering"": 0, ""response_modulation"": 0, ""self_questioning"": 0, ""situation_modification"": 0, ""situation_selection"": 0, ""suspending_judgment"": 0, ""understanding"": 2, ""updating_beliefs"": 0, ""zooming_in"": 0, ""zooming_out"": 0}","The answer is: **damaged by the sandstorm.**

The narrative explicitly states that the sandstorm ""buried the artifact in sand and causing some damage to it."" While Fatima initially believed it was intact, the subsequent event proves that her initial assessment was incorrect.",True,"{""abstracting"": 0, ""accepting"": 0, ""analogical_thinking"": 0, ""analyzing"": 0, ""applying"": 0, ""attentional_deployment"": 0, ""cognition_awareness"": 0, ""concretizing"": 0, ""connecting"": 0, ""convergent_thinking"": 0, ""counterfactual_reasoning"": 0, ""creating"": 0, ""distinguishing"": 5, ""divergent_thinking"": 0, ""emotion_characterizing"": 0, ""emotion_facilitation"": 0, ""emotion_management"": 0, ""emotion_organizing"": 1, ""emotion_perception"": 4, ""emotion_receiving"": 0, ""emotion_responding"": 0, ""emotion_understanding"": 0, ""emotion_valuing"": 0, ""emotional_reappraisal"": 8, ""evaluating"": 0, ""hypothesis_generation"": 4, ""meta_awareness"": 0, ""metacognitive_monitoring"": 0, ""metacognitive_regulation"": 0, ""noticing"": 0, ""pattern_recognition"": 0, ""perspective_taking"": 0, ""questioning"": 1, ""reconsidering"": 0, ""reframing"": 0, ""remembering"": 0, ""response_modulation"": 0, ""self_questioning"": 0, ""situation_modification"": 0, ""situation_selection"": 0, ""suspending_judgment"": 0, ""understanding"": 0, ""updating_beliefs"": 0, ""zooming_in"": 0, ""zooming_out"": 0}","{""abstracting"": 0, ""accepting"": 0, ""analogical_thinking"": 0, ""analyzing"": 0, ""applying"": 0, ""attentional_deployment"": 0, ""cognition_awareness"": 0, ""concretizing"": 0, ""connecting"": 0, ""convergent_thinking"": 2, ""counterfactual_reasoning"": 0, ""creating"": 0, ""distinguishing"": 9, ""divergent_thinking"": 0, ""emotion_characterizing"": 0, ""emotion_facilitation"": 0, ""emotion_management"": 0, ""emotion_organizing"": 0, ""emotion_perception"": 0, ""emotion_receiving"": 0, ""emotion_responding"": 0, ""emotion_understanding"": 1, ""emotion_valuing"": 0, ""emotional_reappraisal"": 2, ""evaluating"": 0, ""hypothesis_generation"": 1, ""meta_awareness"": 0, ""metacognitive_monitoring"": 0, ""metacognitive_regulation"": 0, ""noticing"": 0, ""pattern_recognition"": 0, ""perspective_taking"": 0, ""questioning"": 1, ""reconsidering"": 0, ""reframing"": 0, ""remembering"": 0, ""response_modulation"": 0, ""self_questioning"": 0, ""situation_modification"": 0, ""situation_selection"": 0, ""suspending_judgment"": 0, ""understanding"": 4, ""updating_beliefs"": 1, ""zooming_in"": 0, ""zooming_out"": 0}","{""emotion_organizing"": 0, ""counterfactual_reasoning"": 0, ""hypothesis_generation"": 0, ""emotion_perception"": 0, ""abstracting"": 0, ""divergent_thinking"": 0, ""analyzing"": 0, ""accepting"": 0, ""metacognitive_monitoring"": 0, ""self_questioning"": 0, ""emotion_valuing"": 0, ""remembering"": 0, ""zooming_out"": 0, ""evaluating"": 0, ""perspective_taking"": 0, ""emotion_responding"": 0, ""attentional_deployment"": 0, ""updating_beliefs"": 0, ""situation_modification"": 0, ""creating"": 0, ""situation_selection"": 0, ""concretizing"": 0, ""emotion_characterizing"": 0, ""zooming_in"": 0, ""noticing"": 0, ""emotion_management"": 0, ""pattern_recognition"": 0, ""reframing"": 0, ""convergent_thinking"": 0, ""connecting"": 0, ""metacognitive_regulation"": 0, ""emotional_reappraisal"": 0, ""reconsidering"": 0, ""analogical_thinking"": 0, ""understanding"": 0, ""distinguishing"": 0, ""cognition_awareness"": 0, ""suspending_judgment"": 0, ""questioning"": -1, ""emotion_understanding"": 0, ""meta_awareness"": 0, ""response_modulation"": 0, ""applying"": 0, ""emotion_facilitation"": 0, ""emotion_receiving"": 0}","{""emotion_organizing"": 0, ""counterfactual_reasoning"": 0, ""hypothesis_generation"": -2, ""emotion_perception"": -1, ""abstracting"": 0, ""divergent_thinking"": 0, ""analyzing"": 0, ""accepting"": 0, ""metacognitive_monitoring"": 0, ""self_questioning"": 0, ""emotion_valuing"": 0, ""remembering"": 0, ""zooming_out"": 0, ""evaluating"": 0, ""perspective_taking"": 0, ""emotion_responding"": 0, ""attentional_deployment"": 0, ""updating_beliefs"": 1, ""situation_modification"": 0, ""creating"": 0, ""situation_selection"": 0, ""concretizing"": 0, ""emotion_characterizing"": 0, ""zooming_in"": 0, ""noticing"": 0, ""emotion_management"": 0, ""pattern_recognition"": 0, ""reframing"": 0, ""convergent_thinking"": -2, ""connecting"": 0, ""metacognitive_regulation"": 0, ""emotional_reappraisal"": 0, ""reconsidering"": 0, ""analogical_thinking"": 0, ""understanding"": 2, ""distinguishing"": 4, ""cognition_awareness"": 0, ""suspending_judgment"": 0, ""questioning"": 0, ""emotion_understanding"": 1, ""meta_awareness"": 0, ""response_modulation"": 0, ""applying"": 0, ""emotion_facilitation"": 0, ""emotion_receiving"": 0}",True
"Aisha is a beekeeper in a small village near the Sahara Desert. Aisha wants to harvest honey from her beehives to sell at the local market. The beehives appear to be full of honey and ready for harvest. A sudden sandstorm blows through the area, filling the beehives with sand and making the honey difficult to extract. Aisha prepares to harvests the honey and sell it at the local market.",Does Aisha believe the beehives are full of honey or filled with sand?,Aisha believes the beehives are full of honey and ready for harvest.,Aisha believes the beehives are filled with sand.,"Aisha believes the beehives are **full of honey**. The story states “The beehives appear to be full of honey and ready for harvest.” However, the sandstorm then changes that reality.",True,"{""abstracting"": 0, ""accepting"": 0, ""analogical_thinking"": 0, ""analyzing"": 0, ""applying"": 0, ""attentional_deployment"": 0, ""cognition_awareness"": 0, ""concretizing"": 0, ""connecting"": 0, ""convergent_thinking"": 0, ""counterfactual_reasoning"": 0, ""creating"": 0, ""distinguishing"": 6, ""divergent_thinking"": 0, ""emotion_characterizing"": 0, ""emotion_facilitation"": 0, ""emotion_management"": 0, ""emotion_organizing"": 0, ""emotion_perception"": 0, ""emotion_receiving"": 0, ""emotion_responding"": 0, ""emotion_understanding"": 0, ""emotion_valuing"": 0, ""emotional_reappraisal"": 7, ""evaluating"": 0, ""hypothesis_generation"": 4, ""meta_awareness"": 0, ""metacognitive_monitoring"": 0, ""metacognitive_regulation"": 0, ""noticing"": 0, ""pattern_recognition"": 0, ""perspective_taking"": 0, ""questioning"": 5, ""reconsidering"": 0, ""reframing"": 1, ""remembering"": 0, ""response_modulation"": 0, ""self_questioning"": 0, ""situation_modification"": 0, ""situation_selection"": 0, ""suspending_judgment"": 0, ""understanding"": 0, ""updating_beliefs"": 0, ""zooming_in"": 0, ""zooming_out"": 0}","{""abstracting"": 0, ""accepting"": 0, ""analogical_thinking"": 0, ""analyzing"": 0, ""applying"": 0, ""attentional_deployment"": 0, ""cognition_awareness"": 0, ""concretizing"": 0, ""connecting"": 0, ""convergent_thinking"": 0, ""counterfactual_reasoning"": 0, ""creating"": 0, ""distinguishing"": 4, ""divergent_thinking"": 0, ""emotion_characterizing"": 0, ""emotion_facilitation"": 0, ""emotion_management"": 0, ""emotion_organizing"": 0, ""emotion_perception"": 0, ""emotion_receiving"": 0, ""emotion_responding"": 0, ""emotion_understanding"": 0, ""emotion_valuing"": 0, ""emotional_reappraisal"": 7, ""evaluating"": 0, ""hypothesis_generation"": 1, ""meta_awareness"": 0, ""metacognitive_monitoring"": 0, ""metacognitive_regulation"": 0, ""noticing"": 0, ""pattern_recognition"": 0, ""perspective_taking"": 0, ""questioning"": 3, ""reconsidering"": 0, ""reframing"": 0, ""remembering"": 0, ""response_modulation"": 0, ""self_questioning"": 0, ""situation_modification"": 1, ""situation_selection"": 0, ""suspending_judgment"": 0, ""understanding"": 1, ""updating_beliefs"": 0, ""zooming_in"": 0, ""zooming_out"": 0}","Aisha believes the beehives are initially full of honey, but the sandstorm has transformed them into hives filled with sand. She’s preparing to harvest *despite* the sand, indicating her initial assessment of a honey-rich harvest.",False,"{""abstracting"": 0, ""accepting"": 0, ""analogical_thinking"": 0, ""analyzing"": 0, ""applying"": 0, ""attentional_deployment"": 0, ""cognition_awareness"": 0, ""concretizing"": 0, ""connecting"": 0, ""convergent_thinking"": 0, ""counterfactual_reasoning"": 0, ""creating"": 0, ""distinguishing"": 6, ""divergent_thinking"": 0, ""emotion_characterizing"": 0, ""emotion_facilitation"": 0, ""emotion_management"": 0, ""emotion_organizing"": 2, ""emotion_perception"": 0, ""emotion_receiving"": 0, ""emotion_responding"": 0, ""emotion_understanding"": 0, ""emotion_valuing"": 0, ""emotional_reappraisal"": 7, ""evaluating"": 0, ""hypothesis_generation"": 4, ""meta_awareness"": 0, ""metacognitive_monitoring"": 0, ""metacognitive_regulation"": 0, ""noticing"": 0, ""pattern_recognition"": 0, ""perspective_taking"": 0, ""questioning"": 4, ""reconsidering"": 0, ""reframing"": 1, ""remembering"": 0, ""response_modulation"": 0, ""self_questioning"": 0, ""situation_modification"": 0, ""situation_selection"": 0, ""suspending_judgment"": 0, ""understanding"": 0, ""updating_beliefs"": 0, ""zooming_in"": 0, ""zooming_out"": 0}","{""abstracting"": 0, ""accepting"": 0, ""analogical_thinking"": 0, ""analyzing"": 0, ""applying"": 0, ""attentional_deployment"": 0, ""cognition_awareness"": 0, ""concretizing"": 0, ""connecting"": 0, ""convergent_thinking"": 0, ""counterfactual_reasoning"": 0, ""creating"": 0, ""distinguishing"": 4, ""divergent_thinking"": 0, ""emotion_characterizing"": 0, ""emotion_facilitation"": 0, ""emotion_management"": 0, ""emotion_organizing"": 0, ""emotion_perception"": 1, ""emotion_receiving"": 0, ""emotion_responding"": 0, ""emotion_understanding"": 1, ""emotion_valuing"": 0, ""emotional_reappraisal"": 5, ""evaluating"": 0, ""hypothesis_generation"": 1, ""meta_awareness"": 0, ""metacognitive_monitoring"": 0, ""metacognitive_regulation"": 0, ""noticing"": 0, ""pattern_recognition"": 0, ""perspective_taking"": 0, ""questioning"": 1, ""reconsidering"": 0, ""reframing"": 0, ""remembering"": 0, ""response_modulation"": 0, ""self_questioning"": 0, ""situation_modification"": 0, ""situation_selection"": 0, ""suspending_judgment"": 0, ""understanding"": 2, ""updating_beliefs"": 0, ""zooming_in"": 0, ""zooming_out"": 0}","{""emotion_organizing"": 2, ""counterfactual_reasoning"": 0, ""hypothesis_generation"": 0, ""emotion_perception"": 0, ""abstracting"": 0, ""divergent_thinking"": 0, ""analyzing"": 0, ""accepting"": 0, ""metacognitive_monitoring"": 0, ""self_questioning"": 0, ""emotion_valuing"": 0, ""remembering"": 0, ""zooming_out"": 0, ""evaluating"": 0, ""perspective_taking"": 0, ""emotion_responding"": 0, ""attentional_deployment"": 0, ""updating_beliefs"": 0, ""situation_modification"": 0, ""creating"": 0, ""situation_selection"": 0, ""concretizing"": 0, ""emotion_characterizing"": 0, ""zooming_in"": 0, ""noticing"": 0, ""emotion_management"": 0, ""pattern_recognition"": 0, ""reframing"": 0, ""convergent_thinking"": 0, ""connecting"": 0, ""metacognitive_regulation"": 0, ""emotional_reappraisal"": 0, ""reconsidering"": 0, ""analogical_thinking"": 0, ""understanding"": 0, ""distinguishing"": 0, ""cognition_awareness"": 0, ""suspending_judgment"": 0, ""questioning"": -1, ""emotion_understanding"": 0, ""meta_awareness"": 0, ""response_modulation"": 0, ""applying"": 0, ""emotion_facilitation"": 0, ""emotion_receiving"": 0}","{""emotion_organizing"": 0, ""counterfactual_reasoning"": 0, ""hypothesis_generation"": 0, ""emotion_perception"": 1, ""abstracting"": 0, ""divergent_thinking"": 0, ""analyzing"": 0, ""accepting"": 0, ""metacognitive_monitoring"": 0, ""self_questioning"": 0, ""emotion_valuing"": 0, ""remembering"": 0, ""zooming_out"": 0, ""evaluating"": 0, ""perspective_taking"": 0, ""emotion_responding"": 0, ""attentional_deployment"": 0, ""updating_beliefs"": 0, ""situation_modification"": -1, ""creating"": 0, ""situation_selection"": 0, ""concretizing"": 0, ""emotion_characterizing"": 0, ""zooming_in"": 0, ""noticing"": 0, ""emotion_management"": 0, ""pattern_recognition"": 0, ""reframing"": 0, ""convergent_thinking"": 0, ""connecting"": 0, ""metacognitive_regulation"": 0, ""emotional_reappraisal"": -2, ""reconsidering"": 0, ""analogical_thinking"": 0, ""understanding"": 1, ""distinguishing"": 0, ""cognition_awareness"": 0, ""suspending_judgment"": 0, ""questioning"": -2, ""emotion_understanding"": 1, ""meta_awareness"": 0, ""response_modulation"": 0, ""applying"": 0, ""emotion_facilitation"": 0, ""emotion_receiving"": 0}",False
"Amara is a beekeeper in a small Kenyan village. She wants to collect honey from her beehives to sell at the local market. The honeycombs in the beehives appear full and ready for harvest. A sudden thunderstorm floods the area around her beehives, washing away some of the honeycombs and diluting the remaining honey. Amara harvests the honey from the honeycombs.",Does Amara believe the honeycombs are full and ready for harvest or washed away and diluted?,Amara believes the honeycombs are full and ready for harvest.,Amara believes the honeycombs are washed away and diluted.,"Amara believes the honeycombs are **full and ready for harvest**. 

The story states “The honeycombs in the beehives appear full and ready for harvest.” Despite the storm, she proceeds to harvest from them, indicating her initial belief was correct.",True,"{""abstracting"": 0, ""accepting"": 0, ""analogical_thinking"": 0, ""analyzing"": 0, ""applying"": 0, ""attentional_deployment"": 0, ""cognition_awareness"": 0, ""concretizing"": 0, ""connecting"": 0, ""convergent_thinking"": 0, ""counterfactual_reasoning"": 0, ""creating"": 0, ""distinguishing"": 7, ""divergent_thinking"": 0, ""emotion_characterizing"": 0, ""emotion_facilitation"": 0, ""emotion_management"": 0, ""emotion_organizing"": 0, ""emotion_perception"": 1, ""emotion_receiving"": 0, ""emotion_responding"": 0, ""emotion_understanding"": 0, ""emotion_valuing"": 0, ""emotional_reappraisal"": 9, ""evaluating"": 0, ""hypothesis_generation"": 4, ""meta_awareness"": 0, ""metacognitive_monitoring"": 0, ""metacognitive_regulation"": 0, ""noticing"": 0, ""pattern_recognition"": 0, ""perspective_taking"": 0, ""questioning"": 2, ""reconsidering"": 0, ""reframing"": 1, ""remembering"": 0, ""response_modulation"": 0, ""self_questioning"": 0, ""situation_modification"": 0, ""situation_selection"": 0, ""suspending_judgment"": 0, ""understanding"": 0, ""updating_beliefs"": 0, ""zooming_in"": 0, ""zooming_out"": 0}","{""abstracting"": 0, ""accepting"": 0, ""analogical_thinking"": 0, ""analyzing"": 0, ""applying"": 0, ""attentional_deployment"": 0, ""cognition_awareness"": 0, ""concretizing"": 0, ""connecting"": 0, ""convergent_thinking"": 4, ""counterfactual_reasoning"": 0, ""creating"": 0, ""distinguishing"": 4, ""divergent_thinking"": 0, ""emotion_characterizing"": 0, ""emotion_facilitation"": 0, ""emotion_management"": 0, ""emotion_organizing"": 0, ""emotion_perception"": 0, ""emotion_receiving"": 0, ""emotion_responding"": 0, ""emotion_understanding"": 0, ""emotion_valuing"": 0, ""emotional_reappraisal"": 7, ""evaluating"": 0, ""hypothesis_generation"": 1, ""meta_awareness"": 0, ""metacognitive_monitoring"": 0, ""metacognitive_regulation"": 0, ""noticing"": 0, ""pattern_recognition"": 0, ""perspective_taking"": 0, ""questioning"": 1, ""reconsidering"": 0, ""reframing"": 0, ""remembering"": 0, ""response_modulation"": 0, ""self_questioning"": 0, ""situation_modification"": 1, ""situation_selection"": 0, ""suspending_judgment"": 0, ""understanding"": 2, ""updating_beliefs"": 0, ""zooming_in"": 0, ""zooming_out"": 0}","Amara believes the honeycombs are initially full and ready for harvest, but the storm has significantly altered that state. She’s harvesting from what remains, implying she recognizes the damage and is working with the diminished yield. 

Therefore, the most accurate answer is: **Amara initially believed the honeycombs were full and ready for harvest, but the storm has rendered them partially washed away and diluted.**",True,"{""abstracting"": 0, ""accepting"": 0, ""analogical_thinking"": 0, ""analyzing"": 0, ""applying"": 0, ""attentional_deployment"": 0, ""cognition_awareness"": 0, ""concretizing"": 0, ""connecting"": 0, ""convergent_thinking"": 0, ""counterfactual_reasoning"": 0, ""creating"": 0, ""distinguishing"": 7, ""divergent_thinking"": 0, ""emotion_characterizing"": 0, ""emotion_facilitation"": 0, ""emotion_management"": 0, ""emotion_organizing"": 1, ""emotion_perception"": 1, ""emotion_receiving"": 0, ""emotion_responding"": 1, ""emotion_understanding"": 0, ""emotion_valuing"": 0, ""emotional_reappraisal"": 9, ""evaluating"": 0, ""hypothesis_generation"": 4, ""meta_awareness"": 0, ""metacognitive_monitoring"": 0, ""metacognitive_regulation"": 0, ""noticing"": 0, ""pattern_recognition"": 0, ""perspective_taking"": 0, ""questioning"": 2, ""reconsidering"": 0, ""reframing"": 1, ""remembering"": 0, ""response_modulation"": 0, ""self_questioning"": 0, ""situation_modification"": 0, ""situation_selection"": 0, ""suspending_judgment"": 0, ""understanding"": 0, ""updating_beliefs"": 0, ""zooming_in"": 0, ""zooming_out"": 0}","{""abstracting"": 0, ""accepting"": 0, ""analogical_thinking"": 0, ""analyzing"": 0, ""applying"": 0, ""attentional_deployment"": 0, ""cognition_awareness"": 0, ""concretizing"": 0, ""connecting"": 0, ""convergent_thinking"": 4, ""counterfactual_reasoning"": 0, ""creating"": 0, ""distinguishing"": 8, ""divergent_thinking"": 0, ""emotion_characterizing"": 0, ""emotion_facilitation"": 0, ""emotion_management"": 0, ""emotion_organizing"": 0, ""emotion_perception"": 0, ""emotion_receiving"": 0, ""emotion_responding"": 0, ""emotion_understanding"": 0, ""emotion_valuing"": 0, ""emotional_reappraisal"": 4, ""evaluating"": 0, ""hypothesis_generation"": 1, ""meta_awareness"": 0, ""metacognitive_monitoring"": 0, ""metacognitive_regulation"": 0, ""noticing"": 0, ""pattern_recognition"": 0, ""perspective_taking"": 0, ""questioning"": 0, ""reconsidering"": 0, ""reframing"": 0, ""remembering"": 0, ""response_modulation"": 0, ""self_questioning"": 0, ""situation_modification"": 0, ""situation_selection"": 0, ""suspending_judgment"": 0, ""understanding"": 2, ""updating_beliefs"": 1, ""zooming_in"": 0, ""zooming_out"": 0}","{""emotion_organizing"": 1, ""counterfactual_reasoning"": 0, ""hypothesis_generation"": 0, ""emotion_perception"": 0, ""abstracting"": 0, ""divergent_thinking"": 0, ""analyzing"": 0, ""accepting"": 0, ""metacognitive_monitoring"": 0, ""self_questioning"": 0, ""emotion_valuing"": 0, ""remembering"": 0, ""zooming_out"": 0, ""evaluating"": 0, ""perspective_taking"": 0, ""emotion_responding"": 1, ""attentional_deployment"": 0, ""updating_beliefs"": 0, ""situation_modification"": 0, ""creating"": 0, ""situation_selection"": 0, ""concretizing"": 0, ""emotion_characterizing"": 0, ""zooming_in"": 0, ""noticing"": 0, ""emotion_management"": 0, ""pattern_recognition"": 0, ""reframing"": 0, ""convergent_thinking"": 0, ""connecting"": 0, ""metacognitive_regulation"": 0, ""emotional_reappraisal"": 0, ""reconsidering"": 0, ""analogical_thinking"": 0, ""understanding"": 0, ""distinguishing"": 0, ""cognition_awareness"": 0, ""suspending_judgment"": 0, ""questioning"": 0, ""emotion_understanding"": 0, ""meta_awareness"": 0, ""response_modulation"": 0, ""applying"": 0, ""emotion_facilitation"": 0, ""emotion_receiving"": 0}","{""emotion_organizing"": 0, ""counterfactual_reasoning"": 0, ""hypothesis_generation"": 0, ""emotion_perception"": 0, ""abstracting"": 0, ""divergent_thinking"": 0, ""analyzing"": 0, ""accepting"": 0, ""metacognitive_monitoring"": 0, ""self_questioning"": 0, ""emotion_valuing"": 0, ""remembering"": 0, ""zooming_out"": 0, ""evaluating"": 0, ""perspective_taking"": 0, ""emotion_responding"": 0, ""attentional_deployment"": 0, ""updating_beliefs"": 1, ""situation_modification"": -1, ""creating"": 0, ""situation_selection"": 0, ""concretizing"": 0, ""emotion_characterizing"": 0, ""zooming_in"": 0, ""noticing"": 0, ""emotion_management"": 0, ""pattern_recognition"": 0, ""reframing"": 0, ""convergent_thinking"": 0, ""connecting"": 0, ""metacognitive_regulation"": 0, ""emotional_reappraisal"": -3, ""reconsidering"": 0, ""analogical_thinking"": 0, ""understanding"": 0, ""distinguishing"": 4, ""cognition_awareness"": 0, ""suspending_judgment"": 0, ""questioning"": -1, ""emotion_understanding"": 0, ""meta_awareness"": 0, ""response_modulation"": 0, ""applying"": 0, ""emotion_facilitation"": 0, ""emotion_receiving"": 0}",False
"Juan is a gardener in a small village in Mexico, tending to a flower garden near the town plaza. Juan wants to water a specific flower bed to ensure its health and beauty. Juan sees that the garden hose is neatly coiled and ready for use. Unexpectedly, a group of children playing nearby accidentally puncture the hose with a sharp stick while running around. Juan uses the garden hose to water the flower bed.",Does Juan believe the garden hose is in good condition and functional or punctured and non-functional?,Juan believes the garden hose is in good condition and functional.,Juan believes the garden hose is punctured and non-functional.,"Juan believes the garden hose is **punctured and non-functional**. He initially saw it neatly coiled and ready, but the children’s actions have changed that. He then *uses* it to water, implying he realized it was damaged.",False,"{""abstracting"": 0, ""accepting"": 0, ""analogical_thinking"": 0, ""analyzing"": 0, ""applying"": 0, ""attentional_deployment"": 0, ""cognition_awareness"": 0, ""concretizing"": 0, ""connecting"": 0, ""convergent_thinking"": 0, ""counterfactual_reasoning"": 0, ""creating"": 0, ""distinguishing"": 7, ""divergent_thinking"": 0, ""emotion_characterizing"": 0, ""emotion_facilitation"": 0, ""emotion_management"": 0, ""emotion_organizing"": 0, ""emotion_perception"": 1, ""emotion_receiving"": 0, ""emotion_responding"": 0, ""emotion_understanding"": 0, ""emotion_valuing"": 0, ""emotional_reappraisal"": 8, ""evaluating"": 0, ""hypothesis_generation"": 3, ""meta_awareness"": 0, ""metacognitive_monitoring"": 0, ""metacognitive_regulation"": 0, ""noticing"": 0, ""pattern_recognition"": 0, ""perspective_taking"": 0, ""questioning"": 1, ""reconsidering"": 0, ""reframing"": 0, ""remembering"": 0, ""response_modulation"": 0, ""self_questioning"": 0, ""situation_modification"": 0, ""situation_selection"": 0, ""suspending_judgment"": 0, ""understanding"": 0, ""updating_beliefs"": 0, ""zooming_in"": 0, ""zooming_out"": 0}","{""abstracting"": 0, ""accepting"": 0, ""analogical_thinking"": 0, ""analyzing"": 0, ""applying"": 0, ""attentional_deployment"": 0, ""cognition_awareness"": 0, ""concretizing"": 0, ""connecting"": 0, ""convergent_thinking"": 1, ""counterfactual_reasoning"": 0, ""creating"": 0, ""distinguishing"": 9, ""divergent_thinking"": 0, ""emotion_characterizing"": 0, ""emotion_facilitation"": 0, ""emotion_management"": 0, ""emotion_organizing"": 0, ""emotion_perception"": 0, ""emotion_receiving"": 0, ""emotion_responding"": 0, ""emotion_understanding"": 0, ""emotion_valuing"": 0, ""emotional_reappraisal"": 7, ""evaluating"": 0, ""hypothesis_generation"": 0, ""meta_awareness"": 0, ""metacognitive_monitoring"": 0, ""metacognitive_regulation"": 0, ""noticing"": 0, ""pattern_recognition"": 0, ""perspective_taking"": 0, ""questioning"": 1, ""reconsidering"": 0, ""reframing"": 0, ""remembering"": 0, ""response_modulation"": 0, ""self_questioning"": 0, ""situation_modification"": 0, ""situation_selection"": 0, ""suspending_judgment"": 0, ""understanding"": 2, ""updating_beliefs"": 0, ""zooming_in"": 0, ""zooming_out"": 0}","Juan initially believes the garden hose is in good condition and functional, as he sees it neatly coiled and ready for use. However, the subsequent discovery of the puncture reveals his initial belief was premature. 

Therefore, the most accurate answer is: **Initially, Juan believes it's in good condition and functional, but he later discovers it's punctured and non-functional.**",True,"{""abstracting"": 0, ""accepting"": 0, ""analogical_thinking"": 0, ""analyzing"": 0, ""applying"": 0, ""attentional_deployment"": 0, ""cognition_awareness"": 0, ""concretizing"": 0, ""connecting"": 0, ""convergent_thinking"": 0, ""counterfactual_reasoning"": 0, ""creating"": 0, ""distinguishing"": 7, ""divergent_thinking"": 0, ""emotion_characterizing"": 0, ""emotion_facilitation"": 0, ""emotion_management"": 0, ""emotion_organizing"": 0, ""emotion_perception"": 1, ""emotion_receiving"": 0, ""emotion_responding"": 1, ""emotion_understanding"": 0, ""emotion_valuing"": 0, ""emotional_reappraisal"": 8, ""evaluating"": 0, ""hypothesis_generation"": 3, ""meta_awareness"": 0, ""metacognitive_monitoring"": 0, ""metacognitive_regulation"": 0, ""noticing"": 0, ""pattern_recognition"": 0, ""perspective_taking"": 0, ""questioning"": 0, ""reconsidering"": 0, ""reframing"": 0, ""remembering"": 0, ""response_modulation"": 0, ""self_questioning"": 0, ""situation_modification"": 0, ""situation_selection"": 0, ""suspending_judgment"": 0, ""understanding"": 0, ""updating_beliefs"": 0, ""zooming_in"": 0, ""zooming_out"": 0}","{""abstracting"": 0, ""accepting"": 0, ""analogical_thinking"": 0, ""analyzing"": 0, ""applying"": 0, ""attentional_deployment"": 0, ""cognition_awareness"": 0, ""concretizing"": 0, ""connecting"": 0, ""convergent_thinking"": 3, ""counterfactual_reasoning"": 0, ""creating"": 0, ""distinguishing"": 10, ""divergent_thinking"": 0, ""emotion_characterizing"": 0, ""emotion_facilitation"": 0, ""emotion_management"": 0, ""emotion_organizing"": 0, ""emotion_perception"": 0, ""emotion_receiving"": 0, ""emotion_responding"": 0, ""emotion_understanding"": 0, ""emotion_valuing"": 0, ""emotional_reappraisal"": 8, ""evaluating"": 0, ""hypothesis_generation"": 0, ""meta_awareness"": 0, ""metacognitive_monitoring"": 0, ""metacognitive_regulation"": 0, ""noticing"": 0, ""pattern_recognition"": 0, ""perspective_taking"": 0, ""questioning"": 0, ""reconsidering"": 0, ""reframing"": 0, ""remembering"": 0, ""response_modulation"": 0, ""self_questioning"": 0, ""situation_modification"": 0, ""situation_selection"": 0, ""suspending_judgment"": 0, ""understanding"": 0, ""updating_beliefs"": 3, ""zooming_in"": 0, ""zooming_out"": 0}","{""emotion_organizing"": 0, ""counterfactual_reasoning"": 0, ""hypothesis_generation"": 0, ""emotion_perception"": 0, ""abstracting"": 0, ""divergent_thinking"": 0, ""analyzing"": 0, ""accepting"": 0, ""metacognitive_monitoring"": 0, ""self_questioning"": 0, ""emotion_valuing"": 0, ""remembering"": 0, ""zooming_out"": 0, ""evaluating"": 0, ""perspective_taking"": 0, ""emotion_responding"": 1, ""attentional_deployment"": 0, ""updating_beliefs"": 0, ""situation_modification"": 0, ""creating"": 0, ""situation_selection"": 0, ""concretizing"": 0, ""emotion_characterizing"": 0, ""zooming_in"": 0, ""noticing"": 0, ""emotion_management"": 0, ""pattern_recognition"": 0, ""reframing"": 0, ""convergent_thinking"": 0, ""connecting"": 0, ""metacognitive_regulation"": 0, ""emotional_reappraisal"": 0, ""reconsidering"": 0, ""analogical_thinking"": 0, ""understanding"": 0, ""distinguishing"": 0, ""cognition_awareness"": 0, ""suspending_judgment"": 0, ""questioning"": -1, ""emotion_understanding"": 0, ""meta_awareness"": 0, ""response_modulation"": 0, ""applying"": 0, ""emotion_facilitation"": 0, ""emotion_receiving"": 0}","{""emotion_organizing"": 0, ""counterfactual_reasoning"": 0, ""hypothesis_generation"": 0, ""emotion_perception"": 0, ""abstracting"": 0, ""divergent_thinking"": 0, ""analyzing"": 0, ""accepting"": 0, ""metacognitive_monitoring"": 0, ""self_questioning"": 0, ""emotion_valuing"": 0, ""remembering"": 0, ""zooming_out"": 0, ""evaluating"": 0, ""perspective_taking"": 0, ""emotion_responding"": 0, ""attentional_deployment"": 0, ""updating_beliefs"": 3, ""situation_modification"": 0, ""creating"": 0, ""situation_selection"": 0, ""concretizing"": 0, ""emotion_characterizing"": 0, ""zooming_in"": 0, ""noticing"": 0, ""emotion_management"": 0, ""pattern_recognition"": 0, ""reframing"": 0, ""convergent_thinking"": 2, ""connecting"": 0, ""metacognitive_regulation"": 0, ""emotional_reappraisal"": 1, ""reconsidering"": 0, ""analogical_thinking"": 0, ""understanding"": -2, ""distinguishing"": 1, ""cognition_awareness"": 0, ""suspending_judgment"": 0, ""questioning"": -1, ""emotion_understanding"": 0, ""meta_awareness"": 0, ""response_modulation"": 0, ""applying"": 0, ""emotion_facilitation"": 0, ""emotion_receiving"": 0}",True
"Hiroshi is a Japanese gardener tending to a zen garden in Kyoto. Hiroshi desires to create perfect harmony in the garden by carefully raking the sand into beautiful patterns. Hiroshi notices that the sand in the garden is smooth and untouched. A sudden gust of wind blows fallen leaves onto the sand, disrupting the smooth surface. Hiroshi begins raking the sand into patterns.",Does Hiroshi believe the sand is smooth and untouched or disrupted by fallen leaves?,Hiroshi believes the sand is smooth and untouched.,Hiroshi believes the sand is disrupted by fallen leaves.,"Hiroshi believes the sand is **smooth and untouched**. 

The story states he *notices* the sand is smooth and untouched *before* the wind blows leaves onto it. His subsequent action of raking is a response to the disruption, not an initial observation.",True,"{""abstracting"": 0, ""accepting"": 0, ""analogical_thinking"": 0, ""analyzing"": 0, ""applying"": 0, ""attentional_deployment"": 0, ""cognition_awareness"": 0, ""concretizing"": 0, ""connecting"": 0, ""convergent_thinking"": 0, ""counterfactual_reasoning"": 0, ""creating"": 0, ""distinguishing"": 8, ""divergent_thinking"": 0, ""emotion_characterizing"": 0, ""emotion_facilitation"": 0, ""emotion_management"": 0, ""emotion_organizing"": 0, ""emotion_perception"": 1, ""emotion_receiving"": 0, ""emotion_responding"": 0, ""emotion_understanding"": 0, ""emotion_valuing"": 0, ""emotional_reappraisal"": 8, ""evaluating"": 0, ""hypothesis_generation"": 4, ""meta_awareness"": 0, ""metacognitive_monitoring"": 0, ""metacognitive_regulation"": 0, ""noticing"": 0, ""pattern_recognition"": 0, ""perspective_taking"": 0, ""questioning"": 1, ""reconsidering"": 0, ""reframing"": 0, ""remembering"": 0, ""response_modulation"": 0, ""self_questioning"": 0, ""situation_modification"": 0, ""situation_selection"": 0, ""suspending_judgment"": 0, ""understanding"": 0, ""updating_beliefs"": 0, ""zooming_in"": 0, ""zooming_out"": 0}","{""abstracting"": 0, ""accepting"": 0, ""analogical_thinking"": 0, ""analyzing"": 0, ""applying"": 0, ""attentional_deployment"": 0, ""cognition_awareness"": 0, ""concretizing"": 0, ""connecting"": 0, ""convergent_thinking"": 2, ""counterfactual_reasoning"": 0, ""creating"": 0, ""distinguishing"": 4, ""divergent_thinking"": 0, ""emotion_characterizing"": 0, ""emotion_facilitation"": 0, ""emotion_management"": 0, ""emotion_organizing"": 0, ""emotion_perception"": 0, ""emotion_receiving"": 0, ""emotion_responding"": 0, ""emotion_understanding"": 0, ""emotion_valuing"": 0, ""emotional_reappraisal"": 4, ""evaluating"": 0, ""hypothesis_generation"": 0, ""meta_awareness"": 0, ""metacognitive_monitoring"": 0, ""metacognitive_regulation"": 0, ""noticing"": 0, ""pattern_recognition"": 0, ""perspective_taking"": 0, ""questioning"": 1, ""reconsidering"": 0, ""reframing"": 0, ""remembering"": 0, ""response_modulation"": 0, ""self_questioning"": 0, ""situation_modification"": 1, ""situation_selection"": 0, ""suspending_judgment"": 0, ""understanding"": 0, ""updating_beliefs"": 0, ""zooming_in"": 0, ""zooming_out"": 0}",Hiroshi initially believes the sand is smooth and untouched. The narrative explicitly states he notices this quality before the wind intervenes.,True,"{""abstracting"": 0, ""accepting"": 0, ""analogical_thinking"": 0, ""analyzing"": 0, ""applying"": 0, ""attentional_deployment"": 0, ""cognition_awareness"": 0, ""concretizing"": 0, ""connecting"": 0, ""convergent_thinking"": 0, ""counterfactual_reasoning"": 0, ""creating"": 0, ""distinguishing"": 8, ""divergent_thinking"": 0, ""emotion_characterizing"": 0, ""emotion_facilitation"": 0, ""emotion_management"": 0, ""emotion_organizing"": 0, ""emotion_perception"": 1, ""emotion_receiving"": 0, ""emotion_responding"": 1, ""emotion_understanding"": 0, ""emotion_valuing"": 0, ""emotional_reappraisal"": 8, ""evaluating"": 0, ""hypothesis_generation"": 4, ""meta_awareness"": 0, ""metacognitive_monitoring"": 0, ""metacognitive_regulation"": 0, ""noticing"": 0, ""pattern_recognition"": 0, ""perspective_taking"": 0, ""questioning"": 0, ""reconsidering"": 0, ""reframing"": 0, ""remembering"": 1, ""response_modulation"": 0, ""self_questioning"": 0, ""situation_modification"": 0, ""situation_selection"": 0, ""suspending_judgment"": 0, ""understanding"": 0, ""updating_beliefs"": 0, ""zooming_in"": 0, ""zooming_out"": 0}","{""abstracting"": 0, ""accepting"": 0, ""analogical_thinking"": 0, ""analyzing"": 0, ""applying"": 0, ""attentional_deployment"": 0, ""cognition_awareness"": 0, ""concretizing"": 0, ""connecting"": 0, ""convergent_thinking"": 1, ""counterfactual_reasoning"": 0, ""creating"": 0, ""distinguishing"": 4, ""divergent_thinking"": 0, ""emotion_characterizing"": 0, ""emotion_facilitation"": 0, ""emotion_management"": 0, ""emotion_organizing"": 0, ""emotion_perception"": 0, ""emotion_receiving"": 0, ""emotion_responding"": 0, ""emotion_understanding"": 0, ""emotion_valuing"": 0, ""emotional_reappraisal"": 5, ""evaluating"": 0, ""hypothesis_generation"": 1, ""meta_awareness"": 0, ""metacognitive_monitoring"": 0, ""metacognitive_regulation"": 0, ""noticing"": 0, ""pattern_recognition"": 0, ""perspective_taking"": 0, ""questioning"": 1, ""reconsidering"": 0, ""reframing"": 0, ""remembering"": 0, ""response_modulation"": 0, ""self_questioning"": 0, ""situation_modification"": 0, ""situation_selection"": 0, ""suspending_judgment"": 0, ""understanding"": 4, ""updating_beliefs"": 0, ""zooming_in"": 0, ""zooming_out"": 0}","{""emotion_organizing"": 0, ""counterfactual_reasoning"": 0, ""hypothesis_generation"": 0, ""emotion_perception"": 0, ""abstracting"": 0, ""divergent_thinking"": 0, ""analyzing"": 0, ""accepting"": 0, ""metacognitive_monitoring"": 0, ""self_questioning"": 0, ""emotion_valuing"": 0, ""remembering"": 1, ""zooming_out"": 0, ""evaluating"": 0, ""perspective_taking"": 0, ""emotion_responding"": 1, ""attentional_deployment"": 0, ""updating_beliefs"": 0, ""situation_modification"": 0, ""creating"": 0, ""situation_selection"": 0, ""concretizing"": 0, ""emotion_characterizing"": 0, ""zooming_in"": 0, ""noticing"": 0, ""emotion_management"": 0, ""pattern_recognition"": 0, ""reframing"": 0, ""convergent_thinking"": 0, ""connecting"": 0, ""metacognitive_regulation"": 0, ""emotional_reappraisal"": 0, ""reconsidering"": 0, ""analogical_thinking"": 0, ""understanding"": 0, ""distinguishing"": 0, ""cognition_awareness"": 0, ""suspending_judgment"": 0, ""questioning"": -1, ""emotion_understanding"": 0, ""meta_awareness"": 0, ""response_modulation"": 0, ""applying"": 0, ""emotion_facilitation"": 0, ""emotion_receiving"": 0}","{""emotion_organizing"": 0, ""counterfactual_reasoning"": 0, ""hypothesis_generation"": 1, ""emotion_perception"": 0, ""abstracting"": 0, ""divergent_thinking"": 0, ""analyzing"": 0, ""accepting"": 0, ""metacognitive_monitoring"": 0, ""self_questioning"": 0, ""emotion_valuing"": 0, ""remembering"": 0, ""zooming_out"": 0, ""evaluating"": 0, ""perspective_taking"": 0, ""emotion_responding"": 0, ""attentional_deployment"": 0, ""updating_beliefs"": 0, ""situation_modification"": -1, ""creating"": 0, ""situation_selection"": 0, ""concretizing"": 0, ""emotion_characterizing"": 0, ""zooming_in"": 0, ""noticing"": 0, ""emotion_management"": 0, ""pattern_recognition"": 0, ""reframing"": 0, ""convergent_thinking"": -1, ""connecting"": 0, ""metacognitive_regulation"": 0, ""emotional_reappraisal"": 1, ""reconsidering"": 0, ""analogical_thinking"": 0, ""understanding"": 4, ""distinguishing"": 0, ""cognition_awareness"": 0, ""suspending_judgment"": 0, ""questioning"": 0, ""emotion_understanding"": 0, ""meta_awareness"": 0, ""response_modulation"": 0, ""applying"": 0, ""emotion_facilitation"": 0, ""emotion_receiving"": 0}",False
"Yoshi, a skilled Japanese gardener, is tending to a beautiful Zen garden in Kyoto. Yoshi's goal is to create a harmonious and peaceful environment by carefully arranging the rocks and raking the sand. A carefully raked sand pattern in a specific area of the garden catches Yoshi's eye. Suddenly, a gust of wind picks up, blowing leaves and disrupting the previously perfect sand pattern. Yoshi moves on to arranging the rocks in the garden.",Does Yoshi believe the sand pattern is perfectly raked or disrupted by wind and leaves?,Yoshi believes the sand pattern is perfectly raked.,Yoshi believes the sand pattern is disrupted by wind and leaves.,"Yoshi believes the sand pattern is **disrupted by wind and leaves**. 

The story states he “moves on” after noticing the wind has ruined the pattern. This indicates he recognizes it’s no longer the perfect state he was aiming for.",False,"{""abstracting"": 0, ""accepting"": 0, ""analogical_thinking"": 0, ""analyzing"": 0, ""applying"": 0, ""attentional_deployment"": 0, ""cognition_awareness"": 0, ""concretizing"": 0, ""connecting"": 0, ""convergent_thinking"": 0, ""counterfactual_reasoning"": 0, ""creating"": 0, ""distinguishing"": 5, ""divergent_thinking"": 0, ""emotion_characterizing"": 0, ""emotion_facilitation"": 0, ""emotion_management"": 0, ""emotion_organizing"": 0, ""emotion_perception"": 0, ""emotion_receiving"": 0, ""emotion_responding"": 1, ""emotion_understanding"": 0, ""emotion_valuing"": 0, ""emotional_reappraisal"": 6, ""evaluating"": 0, ""hypothesis_generation"": 3, ""meta_awareness"": 0, ""metacognitive_monitoring"": 1, ""metacognitive_regulation"": 0, ""noticing"": 0, ""pattern_recognition"": 0, ""perspective_taking"": 0, ""questioning"": 0, ""reconsidering"": 0, ""reframing"": 0, ""remembering"": 0, ""response_modulation"": 0, ""self_questioning"": 0, ""situation_modification"": 0, ""situation_selection"": 0, ""suspending_judgment"": 0, ""understanding"": 0, ""updating_beliefs"": 0, ""zooming_in"": 0, ""zooming_out"": 0}","{""abstracting"": 0, ""accepting"": 0, ""analogical_thinking"": 0, ""analyzing"": 0, ""applying"": 0, ""attentional_deployment"": 0, ""cognition_awareness"": 0, ""concretizing"": 0, ""connecting"": 0, ""convergent_thinking"": 1, ""counterfactual_reasoning"": 0, ""creating"": 0, ""distinguishing"": 4, ""divergent_thinking"": 0, ""emotion_characterizing"": 0, ""emotion_facilitation"": 0, ""emotion_management"": 0, ""emotion_organizing"": 0, ""emotion_perception"": 1, ""emotion_receiving"": 0, ""emotion_responding"": 0, ""emotion_understanding"": 1, ""emotion_valuing"": 0, ""emotional_reappraisal"": 2, ""evaluating"": 0, ""hypothesis_generation"": 0, ""meta_awareness"": 0, ""metacognitive_monitoring"": 0, ""metacognitive_regulation"": 0, ""noticing"": 0, ""pattern_recognition"": 0, ""perspective_taking"": 0, ""questioning"": 1, ""reconsidering"": 0, ""reframing"": 0, ""remembering"": 0, ""response_modulation"": 0, ""self_questioning"": 0, ""situation_modification"": 1, ""situation_selection"": 0, ""suspending_judgment"": 0, ""understanding"": 0, ""updating_beliefs"": 0, ""zooming_in"": 0, ""zooming_out"": 0}","Yoshi believes the sand pattern is **disrupted by wind and leaves**. The narrative explicitly states that the wind “disrupting the previously perfect sand pattern” captures his attention. He’s meticulously restoring it, indicating he recognizes the initial state was now compromised.",False,"{""abstracting"": 0, ""accepting"": 0, ""analogical_thinking"": 0, ""analyzing"": 0, ""applying"": 0, ""attentional_deployment"": 0, ""cognition_awareness"": 0, ""concretizing"": 0, ""connecting"": 0, ""convergent_thinking"": 0, ""counterfactual_reasoning"": 0, ""creating"": 0, ""distinguishing"": 5, ""divergent_thinking"": 0, ""emotion_characterizing"": 0, ""emotion_facilitation"": 0, ""emotion_management"": 0, ""emotion_organizing"": 0, ""emotion_perception"": 0, ""emotion_receiving"": 0, ""emotion_responding"": 1, ""emotion_understanding"": 0, ""emotion_valuing"": 0, ""emotional_reappraisal"": 5, ""evaluating"": 0, ""hypothesis_generation"": 3, ""meta_awareness"": 0, ""metacognitive_monitoring"": 1, ""metacognitive_regulation"": 0, ""noticing"": 0, ""pattern_recognition"": 1, ""perspective_taking"": 0, ""questioning"": 0, ""reconsidering"": 0, ""reframing"": 0, ""remembering"": 0, ""response_modulation"": 0, ""self_questioning"": 0, ""situation_modification"": 0, ""situation_selection"": 0, ""suspending_judgment"": 0, ""understanding"": 0, ""updating_beliefs"": 0, ""zooming_in"": 0, ""zooming_out"": 0}","{""abstracting"": 0, ""accepting"": 0, ""analogical_thinking"": 0, ""analyzing"": 0, ""applying"": 0, ""attentional_deployment"": 0, ""cognition_awareness"": 0, ""concretizing"": 0, ""connecting"": 0, ""convergent_thinking"": 1, ""counterfactual_reasoning"": 0, ""creating"": 0, ""distinguishing"": 3, ""divergent_thinking"": 0, ""emotion_characterizing"": 0, ""emotion_facilitation"": 0, ""emotion_management"": 0, ""emotion_organizing"": 0, ""emotion_perception"": 0, ""emotion_receiving"": 0, ""emotion_responding"": 0, ""emotion_understanding"": 1, ""emotion_valuing"": 0, ""emotional_reappraisal"": 0, ""evaluating"": 0, ""hypothesis_generation"": 1, ""meta_awareness"": 0, ""metacognitive_monitoring"": 0, ""metacognitive_regulation"": 0, ""noticing"": 0, ""pattern_recognition"": 0, ""perspective_taking"": 0, ""questioning"": 0, ""reconsidering"": 0, ""reframing"": 0, ""remembering"": 0, ""response_modulation"": 0, ""self_questioning"": 0, ""situation_modification"": 0, ""situation_selection"": 0, ""suspending_judgment"": 0, ""understanding"": 0, ""updating_beliefs"": 1, ""zooming_in"": 0, ""zooming_out"": 0}","{""emotion_organizing"": 0, ""counterfactual_reasoning"": 0, ""hypothesis_generation"": 0, ""emotion_perception"": 0, ""abstracting"": 0, ""divergent_thinking"": 0, ""analyzing"": 0, ""accepting"": 0, ""metacognitive_monitoring"": 0, ""self_questioning"": 0, ""emotion_valuing"": 0, ""remembering"": 0, ""zooming_out"": 0, ""evaluating"": 0, ""perspective_taking"": 0, ""emotion_responding"": 0, ""attentional_deployment"": 0, ""updating_beliefs"": 0, ""situation_modification"": 0, ""creating"": 0, ""situation_selection"": 0, ""concretizing"": 0, ""emotion_characterizing"": 0, ""zooming_in"": 0, ""noticing"": 0, ""emotion_management"": 0, ""pattern_recognition"": 1, ""reframing"": 0, ""convergent_thinking"": 0, ""connecting"": 0, ""metacognitive_regulation"": 0, ""emotional_reappraisal"": -1, ""reconsidering"": 0, ""analogical_thinking"": 0, ""understanding"": 0, ""distinguishing"": 0, ""cognition_awareness"": 0, ""suspending_judgment"": 0, ""questioning"": 0, ""emotion_understanding"": 0, ""meta_awareness"": 0, ""response_modulation"": 0, ""applying"": 0, ""emotion_facilitation"": 0, ""emotion_receiving"": 0}","{""emotion_organizing"": 0, ""counterfactual_reasoning"": 0, ""hypothesis_generation"": 1, ""emotion_perception"": -1, ""abstracting"": 0, ""divergent_thinking"": 0, ""analyzing"": 0, ""accepting"": 0, ""metacognitive_monitoring"": 0, ""self_questioning"": 0, ""emotion_valuing"": 0, ""remembering"": 0, ""zooming_out"": 0, ""evaluating"": 0, ""perspective_taking"": 0, ""emotion_responding"": 0, ""attentional_deployment"": 0, ""updating_beliefs"": 1, ""situation_modification"": -1, ""creating"": 0, ""situation_selection"": 0, ""concretizing"": 0, ""emotion_characterizing"": 0, ""zooming_in"": 0, ""noticing"": 0, ""emotion_management"": 0, ""pattern_recognition"": 0, ""reframing"": 0, ""convergent_thinking"": 0, ""connecting"": 0, ""metacognitive_regulation"": 0, ""emotional_reappraisal"": -2, ""reconsidering"": 0, ""analogical_thinking"": 0, ""understanding"": 0, ""distinguishing"": -1, ""cognition_awareness"": 0, ""suspending_judgment"": 0, ""questioning"": -1, ""emotion_understanding"": 0, ""meta_awareness"": 0, ""response_modulation"": 0, ""applying"": 0, ""emotion_facilitation"": 0, ""emotion_receiving"": 0}",False
"Takumi is a gardener in a Japanese Zen garden, meticulously maintaining the grounds. Takumi wants to rake the gravel paths into perfect patterns before the garden opens to visitors. Takumi notices that the gravel paths are smooth and unruffled. An unexpected gust of wind sweeps through the garden, displacing the gravel and creating disarray on the paths. Takumi begins raking patterns onto the gravel paths.",Does Takumi believe the gravel paths are smooth and unruffled or disarrayed by the wind?,Takumi believes the gravel paths are smooth and unruffled.,Takumi believes the gravel paths are disarrayed by the wind.,"Takumi believes the gravel paths are **smooth and unruffled**. 

The story states he “notices that the gravel paths are smooth and unruffled” *before* the wind disturbs them. His subsequent action of raking patterns is a response to that initial state, not a reflection of his assessment of the current state after the wind.",True,"{""abstracting"": 0, ""accepting"": 0, ""analogical_thinking"": 0, ""analyzing"": 0, ""applying"": 0, ""attentional_deployment"": 0, ""cognition_awareness"": 0, ""concretizing"": 0, ""connecting"": 0, ""convergent_thinking"": 0, ""counterfactual_reasoning"": 0, ""creating"": 0, ""distinguishing"": 7, ""divergent_thinking"": 0, ""emotion_characterizing"": 0, ""emotion_facilitation"": 0, ""emotion_management"": 0, ""emotion_organizing"": 0, ""emotion_perception"": 0, ""emotion_receiving"": 0, ""emotion_responding"": 0, ""emotion_understanding"": 0, ""emotion_valuing"": 0, ""emotional_reappraisal"": 8, ""evaluating"": 0, ""hypothesis_generation"": 4, ""meta_awareness"": 0, ""metacognitive_monitoring"": 0, ""metacognitive_regulation"": 0, ""noticing"": 0, ""pattern_recognition"": 0, ""perspective_taking"": 0, ""questioning"": 1, ""reconsidering"": 0, ""reframing"": 0, ""remembering"": 0, ""response_modulation"": 0, ""self_questioning"": 0, ""situation_modification"": 1, ""situation_selection"": 0, ""suspending_judgment"": 0, ""understanding"": 0, ""updating_beliefs"": 0, ""zooming_in"": 0, ""zooming_out"": 0}","{""abstracting"": 0, ""accepting"": 0, ""analogical_thinking"": 0, ""analyzing"": 0, ""applying"": 0, ""attentional_deployment"": 1, ""cognition_awareness"": 0, ""concretizing"": 0, ""connecting"": 0, ""convergent_thinking"": 1, ""counterfactual_reasoning"": 0, ""creating"": 0, ""distinguishing"": 6, ""divergent_thinking"": 0, ""emotion_characterizing"": 0, ""emotion_facilitation"": 0, ""emotion_management"": 0, ""emotion_organizing"": 0, ""emotion_perception"": 0, ""emotion_receiving"": 0, ""emotion_responding"": 0, ""emotion_understanding"": 0, ""emotion_valuing"": 0, ""emotional_reappraisal"": 3, ""evaluating"": 0, ""hypothesis_generation"": 0, ""meta_awareness"": 0, ""metacognitive_monitoring"": 0, ""metacognitive_regulation"": 0, ""noticing"": 0, ""pattern_recognition"": 1, ""perspective_taking"": 0, ""questioning"": 1, ""reconsidering"": 0, ""reframing"": 0, ""remembering"": 0, ""response_modulation"": 0, ""self_questioning"": 0, ""situation_modification"": 1, ""situation_selection"": 0, ""suspending_judgment"": 0, ""understanding"": 0, ""updating_beliefs"": 0, ""zooming_in"": 0, ""zooming_out"": 0}","Takumi believes the gravel paths were initially smooth and unruffled. The narrative explicitly states he “notices that the gravel paths are smooth and unruffled” before the wind’s intervention. His subsequent act of meticulously raking patterns is a response to the disruption, not a reflection of his initial assessment of the state of the paths.

Therefore, the answer is: **smooth and unruffled.**",True,"{""abstracting"": 0, ""accepting"": 0, ""analogical_thinking"": 0, ""analyzing"": 0, ""applying"": 0, ""attentional_deployment"": 0, ""cognition_awareness"": 0, ""concretizing"": 0, ""connecting"": 0, ""convergent_thinking"": 0, ""counterfactual_reasoning"": 0, ""creating"": 0, ""distinguishing"": 7, ""divergent_thinking"": 0, ""emotion_characterizing"": 0, ""emotion_facilitation"": 0, ""emotion_management"": 0, ""emotion_organizing"": 0, ""emotion_perception"": 0, ""emotion_receiving"": 0, ""emotion_responding"": 1, ""emotion_understanding"": 0, ""emotion_valuing"": 0, ""emotional_reappraisal"": 8, ""evaluating"": 0, ""hypothesis_generation"": 4, ""meta_awareness"": 0, ""metacognitive_monitoring"": 0, ""metacognitive_regulation"": 0, ""noticing"": 0, ""pattern_recognition"": 0, ""perspective_taking"": 0, ""questioning"": 0, ""reconsidering"": 0, ""reframing"": 0, ""remembering"": 1, ""response_modulation"": 0, ""self_questioning"": 0, ""situation_modification"": 1, ""situation_selection"": 0, ""suspending_judgment"": 0, ""understanding"": 0, ""updating_beliefs"": 0, ""zooming_in"": 0, ""zooming_out"": 0}","{""abstracting"": 0, ""accepting"": 0, ""analogical_thinking"": 0, ""analyzing"": 0, ""applying"": 0, ""attentional_deployment"": 0, ""cognition_awareness"": 0, ""concretizing"": 0, ""connecting"": 0, ""convergent_thinking"": 5, ""counterfactual_reasoning"": 0, ""creating"": 0, ""distinguishing"": 8, ""divergent_thinking"": 0, ""emotion_characterizing"": 0, ""emotion_facilitation"": 0, ""emotion_management"": 0, ""emotion_organizing"": 0, ""emotion_perception"": 0, ""emotion_receiving"": 0, ""emotion_responding"": 0, ""emotion_understanding"": 0, ""emotion_valuing"": 0, ""emotional_reappraisal"": 4, ""evaluating"": 0, ""hypothesis_generation"": 1, ""meta_awareness"": 0, ""metacognitive_monitoring"": 0, ""metacognitive_regulation"": 0, ""noticing"": 0, ""pattern_recognition"": 0, ""perspective_taking"": 0, ""questioning"": 0, ""reconsidering"": 0, ""reframing"": 0, ""remembering"": 1, ""response_modulation"": 0, ""self_questioning"": 0, ""situation_modification"": 1, ""situation_selection"": 0, ""suspending_judgment"": 0, ""understanding"": 2, ""updating_beliefs"": 1, ""zooming_in"": 0, ""zooming_out"": 0}","{""emotion_organizing"": 0, ""counterfactual_reasoning"": 0, ""hypothesis_generation"": 0, ""emotion_perception"": 0, ""abstracting"": 0, ""divergent_thinking"": 0, ""analyzing"": 0, ""accepting"": 0, ""metacognitive_monitoring"": 0, ""self_questioning"": 0, ""emotion_valuing"": 0, ""remembering"": 1, ""zooming_out"": 0, ""evaluating"": 0, ""perspective_taking"": 0, ""emotion_responding"": 1, ""attentional_deployment"": 0, ""updating_beliefs"": 0, ""situation_modification"": 0, ""creating"": 0, ""situation_selection"": 0, ""concretizing"": 0, ""emotion_characterizing"": 0, ""zooming_in"": 0, ""noticing"": 0, ""emotion_management"": 0, ""pattern_recognition"": 0, ""reframing"": 0, ""convergent_thinking"": 0, ""connecting"": 0, ""metacognitive_regulation"": 0, ""emotional_reappraisal"": 0, ""reconsidering"": 0, ""analogical_thinking"": 0, ""understanding"": 0, ""distinguishing"": 0, ""cognition_awareness"": 0, ""suspending_judgment"": 0, ""questioning"": -1, ""emotion_understanding"": 0, ""meta_awareness"": 0, ""response_modulation"": 0, ""applying"": 0, ""emotion_facilitation"": 0, ""emotion_receiving"": 0}","{""emotion_organizing"": 0, ""counterfactual_reasoning"": 0, ""hypothesis_generation"": 1, ""emotion_perception"": 0, ""abstracting"": 0, ""divergent_thinking"": 0, ""analyzing"": 0, ""accepting"": 0, ""metacognitive_monitoring"": 0, ""self_questioning"": 0, ""emotion_valuing"": 0, ""remembering"": 1, ""zooming_out"": 0, ""evaluating"": 0, ""perspective_taking"": 0, ""emotion_responding"": 0, ""attentional_deployment"": -1, ""updating_beliefs"": 1, ""situation_modification"": 0, ""creating"": 0, ""situation_selection"": 0, ""concretizing"": 0, ""emotion_characterizing"": 0, ""zooming_in"": 0, ""noticing"": 0, ""emotion_management"": 0, ""pattern_recognition"": -1, ""reframing"": 0, ""convergent_thinking"": 4, ""connecting"": 0, ""metacognitive_regulation"": 0, ""emotional_reappraisal"": 1, ""reconsidering"": 0, ""analogical_thinking"": 0, ""understanding"": 2, ""distinguishing"": 2, ""cognition_awareness"": 0, ""suspending_judgment"": 0, ""questioning"": -1, ""emotion_understanding"": 0, ""meta_awareness"": 0, ""response_modulation"": 0, ""applying"": 0, ""emotion_facilitation"": 0, ""emotion_receiving"": 0}",False
