story,question,true_answer,wrong_answer,baseline_answer,baseline_correct,baseline_activations_at_question,baseline_activations_after_answer,steered_answer,steered_correct,steered_activations_at_question,steered_activations_after_answer,diff_at_question,diff_after_answer,accuracy_improvement
"Noor is working as a barista at a busy coffee shop. Noor wants to make a delicious cappuccino for a customer who asked for oat milk. Noor grabs a milk pitcher and fills it with oat milk. Noor believes that the milk pitcher contains oatmilk. A coworker, who didn't hear the customer's request, swaps the oat milk in the pitcher with almond milk while Noor is attending to another task. Noor sees her coworker swapping the milk.",Does Noor believe the milk pitcher contains oat milk or almond milk?,Noor believes the milk pitcher contains almond milk.,Noor believes the milk pitcher contains oat milk.,"Noor believes the milk pitcher contains oat milk. She saw her coworker swap the milk and, based on that observation, maintains her belief. 

The key here is that Noor *observed* the swap, but didn't *verify* the contents of the pitcher herself.",False,"{""abstracting"": 0, ""accepting"": 0, ""analogical_thinking"": 0, ""analyzing"": 0, ""applying"": 0, ""attentional_deployment"": 0, ""cognition_awareness"": 0, ""concretizing"": 0, ""connecting"": 0, ""convergent_thinking"": 0, ""counterfactual_reasoning"": 0, ""creating"": 0, ""distinguishing"": 5, ""divergent_thinking"": 0, ""emotion_characterizing"": 0, ""emotion_facilitation"": 0, ""emotion_management"": 0, ""emotion_organizing"": 0, ""emotion_perception"": 0, ""emotion_receiving"": 0, ""emotion_responding"": 0, ""emotion_understanding"": 1, ""emotion_valuing"": 0, ""emotional_reappraisal"": 8, ""evaluating"": 0, ""hypothesis_generation"": 5, ""meta_awareness"": 0, ""metacognitive_monitoring"": 0, ""metacognitive_regulation"": 0, ""noticing"": 0, ""pattern_recognition"": 1, ""perspective_taking"": 0, ""questioning"": 0, ""reconsidering"": 0, ""reframing"": 0, ""remembering"": 0, ""response_modulation"": 0, ""self_questioning"": 0, ""situation_modification"": 1, ""situation_selection"": 0, ""suspending_judgment"": 0, ""understanding"": 0, ""updating_beliefs"": 0, ""zooming_in"": 0, ""zooming_out"": 0}","{""abstracting"": 0, ""accepting"": 0, ""analogical_thinking"": 0, ""analyzing"": 0, ""applying"": 0, ""attentional_deployment"": 0, ""cognition_awareness"": 0, ""concretizing"": 0, ""connecting"": 0, ""convergent_thinking"": 2, ""counterfactual_reasoning"": 0, ""creating"": 0, ""distinguishing"": 2, ""divergent_thinking"": 0, ""emotion_characterizing"": 0, ""emotion_facilitation"": 0, ""emotion_management"": 0, ""emotion_organizing"": 0, ""emotion_perception"": 0, ""emotion_receiving"": 0, ""emotion_responding"": 0, ""emotion_understanding"": 0, ""emotion_valuing"": 0, ""emotional_reappraisal"": 1, ""evaluating"": 0, ""hypothesis_generation"": 0, ""meta_awareness"": 0, ""metacognitive_monitoring"": 0, ""metacognitive_regulation"": 0, ""noticing"": 0, ""pattern_recognition"": 0, ""perspective_taking"": 0, ""questioning"": 0, ""reconsidering"": 0, ""reframing"": 0, ""remembering"": 1, ""response_modulation"": 0, ""self_questioning"": 0, ""situation_modification"": 1, ""situation_selection"": 0, ""suspending_judgment"": 0, ""understanding"": 0, ""updating_beliefs"": 0, ""zooming_in"": 0, ""zooming_out"": 0}","Noor believes the milk pitcher contains oat milk. She was the one who filled it and, crucially, she *witnessed* the swap and believed it was oat milk at the time. 

The fact that her coworker swapped the milk after she’d already filled the pitcher is what creates the critical misbelief.",False,"{""abstracting"": 0, ""accepting"": 0, ""analogical_thinking"": 0, ""analyzing"": 0, ""applying"": 0, ""attentional_deployment"": 0, ""cognition_awareness"": 0, ""concretizing"": 0, ""connecting"": 0, ""convergent_thinking"": 0, ""counterfactual_reasoning"": 0, ""creating"": 0, ""distinguishing"": 5, ""divergent_thinking"": 0, ""emotion_characterizing"": 0, ""emotion_facilitation"": 0, ""emotion_management"": 0, ""emotion_organizing"": 0, ""emotion_perception"": 0, ""emotion_receiving"": 0, ""emotion_responding"": 0, ""emotion_understanding"": 1, ""emotion_valuing"": 0, ""emotional_reappraisal"": 8, ""evaluating"": 0, ""hypothesis_generation"": 5, ""meta_awareness"": 0, ""metacognitive_monitoring"": 0, ""metacognitive_regulation"": 0, ""noticing"": 0, ""pattern_recognition"": 1, ""perspective_taking"": 0, ""questioning"": 1, ""reconsidering"": 0, ""reframing"": 0, ""remembering"": 0, ""response_modulation"": 0, ""self_questioning"": 0, ""situation_modification"": 1, ""situation_selection"": 0, ""suspending_judgment"": 0, ""understanding"": 0, ""updating_beliefs"": 0, ""zooming_in"": 0, ""zooming_out"": 0}","{""abstracting"": 0, ""accepting"": 0, ""analogical_thinking"": 0, ""analyzing"": 0, ""applying"": 0, ""attentional_deployment"": 0, ""cognition_awareness"": 0, ""concretizing"": 0, ""connecting"": 0, ""convergent_thinking"": 0, ""counterfactual_reasoning"": 2, ""creating"": 0, ""distinguishing"": 6, ""divergent_thinking"": 0, ""emotion_characterizing"": 0, ""emotion_facilitation"": 0, ""emotion_management"": 0, ""emotion_organizing"": 0, ""emotion_perception"": 1, ""emotion_receiving"": 0, ""emotion_responding"": 0, ""emotion_understanding"": 0, ""emotion_valuing"": 0, ""emotional_reappraisal"": 3, ""evaluating"": 0, ""hypothesis_generation"": 0, ""meta_awareness"": 0, ""metacognitive_monitoring"": 0, ""metacognitive_regulation"": 0, ""noticing"": 0, ""pattern_recognition"": 0, ""perspective_taking"": 0, ""questioning"": 1, ""reconsidering"": 0, ""reframing"": 0, ""remembering"": 0, ""response_modulation"": 0, ""self_questioning"": 0, ""situation_modification"": 0, ""situation_selection"": 0, ""suspending_judgment"": 0, ""understanding"": 1, ""updating_beliefs"": 0, ""zooming_in"": 0, ""zooming_out"": 0}","{""creating"": 0, ""attentional_deployment"": 0, ""self_questioning"": 0, ""emotion_facilitation"": 0, ""divergent_thinking"": 0, ""emotion_receiving"": 0, ""emotion_valuing"": 0, ""noticing"": 0, ""applying"": 0, ""emotion_understanding"": 0, ""meta_awareness"": 0, ""counterfactual_reasoning"": 0, ""abstracting"": 0, ""analyzing"": 0, ""questioning"": 1, ""situation_selection"": 0, ""understanding"": 0, ""cognition_awareness"": 0, ""perspective_taking"": 0, ""updating_beliefs"": 0, ""situation_modification"": 0, ""emotional_reappraisal"": 0, ""remembering"": 0, ""reconsidering"": 0, ""metacognitive_regulation"": 0, ""hypothesis_generation"": 0, ""suspending_judgment"": 0, ""accepting"": 0, ""concretizing"": 0, ""metacognitive_monitoring"": 0, ""evaluating"": 0, ""distinguishing"": 0, ""response_modulation"": 0, ""emotion_responding"": 0, ""emotion_perception"": 0, ""zooming_in"": 0, ""emotion_characterizing"": 0, ""emotion_management"": 0, ""connecting"": 0, ""reframing"": 0, ""emotion_organizing"": 0, ""convergent_thinking"": 0, ""analogical_thinking"": 0, ""pattern_recognition"": 0, ""zooming_out"": 0}","{""creating"": 0, ""attentional_deployment"": 0, ""self_questioning"": 0, ""emotion_facilitation"": 0, ""divergent_thinking"": 0, ""emotion_receiving"": 0, ""emotion_valuing"": 0, ""noticing"": 0, ""applying"": 0, ""emotion_understanding"": 0, ""meta_awareness"": 0, ""counterfactual_reasoning"": 2, ""abstracting"": 0, ""analyzing"": 0, ""questioning"": 1, ""situation_selection"": 0, ""understanding"": 1, ""cognition_awareness"": 0, ""perspective_taking"": 0, ""updating_beliefs"": 0, ""situation_modification"": -1, ""emotional_reappraisal"": 2, ""remembering"": -1, ""reconsidering"": 0, ""metacognitive_regulation"": 0, ""hypothesis_generation"": 0, ""suspending_judgment"": 0, ""accepting"": 0, ""concretizing"": 0, ""metacognitive_monitoring"": 0, ""evaluating"": 0, ""distinguishing"": 4, ""response_modulation"": 0, ""emotion_responding"": 0, ""emotion_perception"": 1, ""zooming_in"": 0, ""emotion_characterizing"": 0, ""emotion_management"": 0, ""connecting"": 0, ""reframing"": 0, ""emotion_organizing"": 0, ""convergent_thinking"": -2, ""analogical_thinking"": 0, ""pattern_recognition"": 0, ""zooming_out"": 0}",False
"Zara is attending an art exhibition at a local gallery in her town. Zara wants to learn more about a particular abstract painting she admires. The label next to the artwork states that the painting is the work of a famous artist, and Zara reads the label carefully. Zara believes that the painting is the work of a famous artist. A gallery staff member, realizing there was a mix-up, changes the label with the correct information attributing the painting to an emerging artist instead. Zara reads the updated label carefully.",Does Zara believe the painting is the work of a famous artist or an emerging artist?,Zara believes the painting is the work of an emerging artist.,Zara believes the painting is the work of a famous artist.,"Zara believes the painting is the work of an **emerging artist**. 

The story states she reads the *updated* label, which now correctly identifies the artist as emerging.",True,"{""abstracting"": 0, ""accepting"": 0, ""analogical_thinking"": 0, ""analyzing"": 0, ""applying"": 0, ""attentional_deployment"": 0, ""cognition_awareness"": 0, ""concretizing"": 0, ""connecting"": 0, ""convergent_thinking"": 1, ""counterfactual_reasoning"": 0, ""creating"": 0, ""distinguishing"": 8, ""divergent_thinking"": 0, ""emotion_characterizing"": 0, ""emotion_facilitation"": 0, ""emotion_management"": 0, ""emotion_organizing"": 0, ""emotion_perception"": 0, ""emotion_receiving"": 0, ""emotion_responding"": 0, ""emotion_understanding"": 0, ""emotion_valuing"": 0, ""emotional_reappraisal"": 7, ""evaluating"": 0, ""hypothesis_generation"": 3, ""meta_awareness"": 0, ""metacognitive_monitoring"": 0, ""metacognitive_regulation"": 0, ""noticing"": 0, ""pattern_recognition"": 0, ""perspective_taking"": 0, ""questioning"": 1, ""reconsidering"": 0, ""reframing"": 1, ""remembering"": 0, ""response_modulation"": 0, ""self_questioning"": 0, ""situation_modification"": 4, ""situation_selection"": 0, ""suspending_judgment"": 0, ""understanding"": 0, ""updating_beliefs"": 0, ""zooming_in"": 0, ""zooming_out"": 0}","{""abstracting"": 0, ""accepting"": 0, ""analogical_thinking"": 0, ""analyzing"": 0, ""applying"": 0, ""attentional_deployment"": 0, ""cognition_awareness"": 0, ""concretizing"": 0, ""connecting"": 0, ""convergent_thinking"": 6, ""counterfactual_reasoning"": 0, ""creating"": 0, ""distinguishing"": 7, ""divergent_thinking"": 0, ""emotion_characterizing"": 0, ""emotion_facilitation"": 0, ""emotion_management"": 0, ""emotion_organizing"": 0, ""emotion_perception"": 0, ""emotion_receiving"": 0, ""emotion_responding"": 0, ""emotion_understanding"": 0, ""emotion_valuing"": 0, ""emotional_reappraisal"": 3, ""evaluating"": 0, ""hypothesis_generation"": 0, ""meta_awareness"": 0, ""metacognitive_monitoring"": 0, ""metacognitive_regulation"": 0, ""noticing"": 0, ""pattern_recognition"": 0, ""perspective_taking"": 0, ""questioning"": 1, ""reconsidering"": 0, ""reframing"": 0, ""remembering"": 0, ""response_modulation"": 0, ""self_questioning"": 0, ""situation_modification"": 0, ""situation_selection"": 0, ""suspending_judgment"": 0, ""understanding"": 4, ""updating_beliefs"": 1, ""zooming_in"": 0, ""zooming_out"": 0}","Emerging artist.

Here's the breakdown:

*   Initially, Zara believed the painting was by a famous artist based on the original label.
*   The gallery staff deliberately altered the label to reflect the correct attribution – an emerging artist.
*   Zara reads the *updated* label, meaning she now believes the painting is by an emerging artist.",False,"{""abstracting"": 0, ""accepting"": 0, ""analogical_thinking"": 0, ""analyzing"": 0, ""applying"": 0, ""attentional_deployment"": 0, ""cognition_awareness"": 0, ""concretizing"": 0, ""connecting"": 0, ""convergent_thinking"": 0, ""counterfactual_reasoning"": 0, ""creating"": 0, ""distinguishing"": 8, ""divergent_thinking"": 0, ""emotion_characterizing"": 0, ""emotion_facilitation"": 0, ""emotion_management"": 0, ""emotion_organizing"": 0, ""emotion_perception"": 0, ""emotion_receiving"": 0, ""emotion_responding"": 0, ""emotion_understanding"": 0, ""emotion_valuing"": 0, ""emotional_reappraisal"": 8, ""evaluating"": 0, ""hypothesis_generation"": 3, ""meta_awareness"": 0, ""metacognitive_monitoring"": 0, ""metacognitive_regulation"": 0, ""noticing"": 0, ""pattern_recognition"": 0, ""perspective_taking"": 0, ""questioning"": 1, ""reconsidering"": 0, ""reframing"": 1, ""remembering"": 0, ""response_modulation"": 0, ""self_questioning"": 0, ""situation_modification"": 4, ""situation_selection"": 0, ""suspending_judgment"": 0, ""understanding"": 0, ""updating_beliefs"": 0, ""zooming_in"": 0, ""zooming_out"": 0}","{""abstracting"": 0, ""accepting"": 0, ""analogical_thinking"": 0, ""analyzing"": 0, ""applying"": 0, ""attentional_deployment"": 0, ""cognition_awareness"": 0, ""concretizing"": 0, ""connecting"": 0, ""convergent_thinking"": 3, ""counterfactual_reasoning"": 1, ""creating"": 0, ""distinguishing"": 8, ""divergent_thinking"": 0, ""emotion_characterizing"": 0, ""emotion_facilitation"": 0, ""emotion_management"": 0, ""emotion_organizing"": 0, ""emotion_perception"": 0, ""emotion_receiving"": 0, ""emotion_responding"": 0, ""emotion_understanding"": 0, ""emotion_valuing"": 0, ""emotional_reappraisal"": 1, ""evaluating"": 0, ""hypothesis_generation"": 0, ""meta_awareness"": 0, ""metacognitive_monitoring"": 0, ""metacognitive_regulation"": 0, ""noticing"": 0, ""pattern_recognition"": 0, ""perspective_taking"": 0, ""questioning"": 0, ""reconsidering"": 0, ""reframing"": 0, ""remembering"": 0, ""response_modulation"": 0, ""self_questioning"": 0, ""situation_modification"": 0, ""situation_selection"": 0, ""suspending_judgment"": 0, ""understanding"": 1, ""updating_beliefs"": 4, ""zooming_in"": 0, ""zooming_out"": 0}","{""creating"": 0, ""attentional_deployment"": 0, ""self_questioning"": 0, ""emotion_facilitation"": 0, ""divergent_thinking"": 0, ""emotion_receiving"": 0, ""emotion_valuing"": 0, ""noticing"": 0, ""applying"": 0, ""emotion_understanding"": 0, ""meta_awareness"": 0, ""counterfactual_reasoning"": 0, ""abstracting"": 0, ""analyzing"": 0, ""questioning"": 0, ""situation_selection"": 0, ""understanding"": 0, ""cognition_awareness"": 0, ""perspective_taking"": 0, ""updating_beliefs"": 0, ""situation_modification"": 0, ""emotional_reappraisal"": 1, ""remembering"": 0, ""reconsidering"": 0, ""metacognitive_regulation"": 0, ""hypothesis_generation"": 0, ""suspending_judgment"": 0, ""accepting"": 0, ""concretizing"": 0, ""metacognitive_monitoring"": 0, ""evaluating"": 0, ""distinguishing"": 0, ""response_modulation"": 0, ""emotion_responding"": 0, ""emotion_perception"": 0, ""zooming_in"": 0, ""emotion_characterizing"": 0, ""emotion_management"": 0, ""connecting"": 0, ""reframing"": 0, ""emotion_organizing"": 0, ""convergent_thinking"": -1, ""analogical_thinking"": 0, ""pattern_recognition"": 0, ""zooming_out"": 0}","{""creating"": 0, ""attentional_deployment"": 0, ""self_questioning"": 0, ""emotion_facilitation"": 0, ""divergent_thinking"": 0, ""emotion_receiving"": 0, ""emotion_valuing"": 0, ""noticing"": 0, ""applying"": 0, ""emotion_understanding"": 0, ""meta_awareness"": 0, ""counterfactual_reasoning"": 1, ""abstracting"": 0, ""analyzing"": 0, ""questioning"": -1, ""situation_selection"": 0, ""understanding"": -3, ""cognition_awareness"": 0, ""perspective_taking"": 0, ""updating_beliefs"": 3, ""situation_modification"": 0, ""emotional_reappraisal"": -2, ""remembering"": 0, ""reconsidering"": 0, ""metacognitive_regulation"": 0, ""hypothesis_generation"": 0, ""suspending_judgment"": 0, ""accepting"": 0, ""concretizing"": 0, ""metacognitive_monitoring"": 0, ""evaluating"": 0, ""distinguishing"": 1, ""response_modulation"": 0, ""emotion_responding"": 0, ""emotion_perception"": 0, ""zooming_in"": 0, ""emotion_characterizing"": 0, ""emotion_management"": 0, ""connecting"": 0, ""reframing"": 0, ""emotion_organizing"": 0, ""convergent_thinking"": -3, ""analogical_thinking"": 0, ""pattern_recognition"": 0, ""zooming_out"": 0}",False
"Kofi is a fisherman from a small village in Ghana. He wants to catch enough fish today to provide for his family and sell the surplus at the market. Kofi repaired his fishing net last night. Kofi believes that his fishing net is in good condition. While Kofi is away from his boat, a group of monkeys comes and plays with the fishing net, tearing it apart. Kofi observes the monkeys damaging his fishing net.",Does Kofi believe his fishing net is in good condition or torn apart?,Kofi believes his fishing net is torn apart.,Kofi believes his fishing net is in good condition.,"Kofi believes his fishing net is in good condition. 

The story states he *believes* it's in good condition *before* the monkeys damage it. His observation of the monkeys tearing it apart changes his belief.",False,"{""abstracting"": 0, ""accepting"": 0, ""analogical_thinking"": 0, ""analyzing"": 0, ""applying"": 0, ""attentional_deployment"": 0, ""cognition_awareness"": 0, ""concretizing"": 0, ""connecting"": 0, ""convergent_thinking"": 0, ""counterfactual_reasoning"": 0, ""creating"": 0, ""distinguishing"": 8, ""divergent_thinking"": 0, ""emotion_characterizing"": 0, ""emotion_facilitation"": 0, ""emotion_management"": 0, ""emotion_organizing"": 0, ""emotion_perception"": 0, ""emotion_receiving"": 0, ""emotion_responding"": 0, ""emotion_understanding"": 0, ""emotion_valuing"": 0, ""emotional_reappraisal"": 9, ""evaluating"": 0, ""hypothesis_generation"": 4, ""meta_awareness"": 0, ""metacognitive_monitoring"": 0, ""metacognitive_regulation"": 0, ""noticing"": 0, ""pattern_recognition"": 0, ""perspective_taking"": 0, ""questioning"": 2, ""reconsidering"": 0, ""reframing"": 1, ""remembering"": 0, ""response_modulation"": 0, ""self_questioning"": 0, ""situation_modification"": 0, ""situation_selection"": 0, ""suspending_judgment"": 0, ""understanding"": 0, ""updating_beliefs"": 0, ""zooming_in"": 0, ""zooming_out"": 0}","{""abstracting"": 0, ""accepting"": 0, ""analogical_thinking"": 0, ""analyzing"": 0, ""applying"": 0, ""attentional_deployment"": 0, ""cognition_awareness"": 0, ""concretizing"": 0, ""connecting"": 0, ""convergent_thinking"": 0, ""counterfactual_reasoning"": 0, ""creating"": 0, ""distinguishing"": 7, ""divergent_thinking"": 0, ""emotion_characterizing"": 0, ""emotion_facilitation"": 0, ""emotion_management"": 0, ""emotion_organizing"": 0, ""emotion_perception"": 0, ""emotion_receiving"": 0, ""emotion_responding"": 0, ""emotion_understanding"": 0, ""emotion_valuing"": 0, ""emotional_reappraisal"": 2, ""evaluating"": 0, ""hypothesis_generation"": 0, ""meta_awareness"": 0, ""metacognitive_monitoring"": 0, ""metacognitive_regulation"": 0, ""noticing"": 0, ""pattern_recognition"": 0, ""perspective_taking"": 0, ""questioning"": 1, ""reconsidering"": 0, ""reframing"": 0, ""remembering"": 0, ""response_modulation"": 0, ""self_questioning"": 0, ""situation_modification"": 0, ""situation_selection"": 0, ""suspending_judgment"": 0, ""understanding"": 0, ""updating_beliefs"": 1, ""zooming_in"": 0, ""zooming_out"": 0}","Kofi believes his fishing net is in good condition. 

The story explicitly states he *believes* it's in good condition before the monkeys damage it. His observation of the monkeys tearing it apart reveals the reality, but his belief remains unchanged until that moment.",False,"{""abstracting"": 0, ""accepting"": 0, ""analogical_thinking"": 0, ""analyzing"": 0, ""applying"": 0, ""attentional_deployment"": 0, ""cognition_awareness"": 0, ""concretizing"": 0, ""connecting"": 0, ""convergent_thinking"": 0, ""counterfactual_reasoning"": 0, ""creating"": 0, ""distinguishing"": 8, ""divergent_thinking"": 0, ""emotion_characterizing"": 0, ""emotion_facilitation"": 0, ""emotion_management"": 0, ""emotion_organizing"": 0, ""emotion_perception"": 1, ""emotion_receiving"": 0, ""emotion_responding"": 0, ""emotion_understanding"": 0, ""emotion_valuing"": 0, ""emotional_reappraisal"": 9, ""evaluating"": 0, ""hypothesis_generation"": 4, ""meta_awareness"": 0, ""metacognitive_monitoring"": 0, ""metacognitive_regulation"": 0, ""noticing"": 0, ""pattern_recognition"": 0, ""perspective_taking"": 0, ""questioning"": 1, ""reconsidering"": 0, ""reframing"": 1, ""remembering"": 0, ""response_modulation"": 0, ""self_questioning"": 0, ""situation_modification"": 0, ""situation_selection"": 0, ""suspending_judgment"": 0, ""understanding"": 0, ""updating_beliefs"": 0, ""zooming_in"": 0, ""zooming_out"": 0}","{""abstracting"": 0, ""accepting"": 0, ""analogical_thinking"": 0, ""analyzing"": 0, ""applying"": 0, ""attentional_deployment"": 0, ""cognition_awareness"": 0, ""concretizing"": 0, ""connecting"": 0, ""convergent_thinking"": 0, ""counterfactual_reasoning"": 0, ""creating"": 0, ""distinguishing"": 7, ""divergent_thinking"": 0, ""emotion_characterizing"": 0, ""emotion_facilitation"": 0, ""emotion_management"": 0, ""emotion_organizing"": 0, ""emotion_perception"": 0, ""emotion_receiving"": 0, ""emotion_responding"": 0, ""emotion_understanding"": 0, ""emotion_valuing"": 0, ""emotional_reappraisal"": 2, ""evaluating"": 0, ""hypothesis_generation"": 0, ""meta_awareness"": 0, ""metacognitive_monitoring"": 0, ""metacognitive_regulation"": 0, ""noticing"": 0, ""pattern_recognition"": 0, ""perspective_taking"": 0, ""questioning"": 2, ""reconsidering"": 0, ""reframing"": 0, ""remembering"": 0, ""response_modulation"": 0, ""self_questioning"": 0, ""situation_modification"": 0, ""situation_selection"": 0, ""suspending_judgment"": 0, ""understanding"": 0, ""updating_beliefs"": 0, ""zooming_in"": 0, ""zooming_out"": 0}","{""creating"": 0, ""attentional_deployment"": 0, ""self_questioning"": 0, ""emotion_facilitation"": 0, ""divergent_thinking"": 0, ""emotion_receiving"": 0, ""emotion_valuing"": 0, ""noticing"": 0, ""applying"": 0, ""emotion_understanding"": 0, ""meta_awareness"": 0, ""counterfactual_reasoning"": 0, ""abstracting"": 0, ""analyzing"": 0, ""questioning"": -1, ""situation_selection"": 0, ""understanding"": 0, ""cognition_awareness"": 0, ""perspective_taking"": 0, ""updating_beliefs"": 0, ""situation_modification"": 0, ""emotional_reappraisal"": 0, ""remembering"": 0, ""reconsidering"": 0, ""metacognitive_regulation"": 0, ""hypothesis_generation"": 0, ""suspending_judgment"": 0, ""accepting"": 0, ""concretizing"": 0, ""metacognitive_monitoring"": 0, ""evaluating"": 0, ""distinguishing"": 0, ""response_modulation"": 0, ""emotion_responding"": 0, ""emotion_perception"": 1, ""zooming_in"": 0, ""emotion_characterizing"": 0, ""emotion_management"": 0, ""connecting"": 0, ""reframing"": 0, ""emotion_organizing"": 0, ""convergent_thinking"": 0, ""analogical_thinking"": 0, ""pattern_recognition"": 0, ""zooming_out"": 0}","{""creating"": 0, ""attentional_deployment"": 0, ""self_questioning"": 0, ""emotion_facilitation"": 0, ""divergent_thinking"": 0, ""emotion_receiving"": 0, ""emotion_valuing"": 0, ""noticing"": 0, ""applying"": 0, ""emotion_understanding"": 0, ""meta_awareness"": 0, ""counterfactual_reasoning"": 0, ""abstracting"": 0, ""analyzing"": 0, ""questioning"": 1, ""situation_selection"": 0, ""understanding"": 0, ""cognition_awareness"": 0, ""perspective_taking"": 0, ""updating_beliefs"": -1, ""situation_modification"": 0, ""emotional_reappraisal"": 0, ""remembering"": 0, ""reconsidering"": 0, ""metacognitive_regulation"": 0, ""hypothesis_generation"": 0, ""suspending_judgment"": 0, ""accepting"": 0, ""concretizing"": 0, ""metacognitive_monitoring"": 0, ""evaluating"": 0, ""distinguishing"": 0, ""response_modulation"": 0, ""emotion_responding"": 0, ""emotion_perception"": 0, ""zooming_in"": 0, ""emotion_characterizing"": 0, ""emotion_management"": 0, ""connecting"": 0, ""reframing"": 0, ""emotion_organizing"": 0, ""convergent_thinking"": 0, ""analogical_thinking"": 0, ""pattern_recognition"": 0, ""zooming_out"": 0}",False
"Azola is a teacher at a small school in rural China. She wants to surprise her students with a new book for the school library. Azola got a notification from Amazon stating that the package containing the book was left at her doorstep. Azola believes the book she ordered has arrived in the package at her doorstep. A gust of wind blows the package off her doorstep, and a neighbor replaces it with a different package containing a hand-knit scarf. Azola witnesses the package swap.",Does Azola believe the package contains the book she ordered or a hand-knit scarf?,Azola believes the package contains a hand-knit scarf.,Azola believes the package contains the book she ordered.,"Azola believes the package contains the book she ordered. 

The story states she “believes” the package is the one she ordered, based on the Amazon notification. The subsequent events (the wind and the swap) don’t change her initial belief.",False,"{""abstracting"": 0, ""accepting"": 0, ""analogical_thinking"": 0, ""analyzing"": 0, ""applying"": 0, ""attentional_deployment"": 0, ""cognition_awareness"": 0, ""concretizing"": 0, ""connecting"": 0, ""convergent_thinking"": 0, ""counterfactual_reasoning"": 0, ""creating"": 0, ""distinguishing"": 5, ""divergent_thinking"": 0, ""emotion_characterizing"": 0, ""emotion_facilitation"": 0, ""emotion_management"": 0, ""emotion_organizing"": 0, ""emotion_perception"": 0, ""emotion_receiving"": 0, ""emotion_responding"": 0, ""emotion_understanding"": 0, ""emotion_valuing"": 1, ""emotional_reappraisal"": 8, ""evaluating"": 0, ""hypothesis_generation"": 3, ""meta_awareness"": 0, ""metacognitive_monitoring"": 0, ""metacognitive_regulation"": 0, ""noticing"": 0, ""pattern_recognition"": 0, ""perspective_taking"": 0, ""questioning"": 1, ""reconsidering"": 0, ""reframing"": 0, ""remembering"": 0, ""response_modulation"": 0, ""self_questioning"": 0, ""situation_modification"": 0, ""situation_selection"": 0, ""suspending_judgment"": 0, ""understanding"": 0, ""updating_beliefs"": 0, ""zooming_in"": 0, ""zooming_out"": 0}","{""abstracting"": 0, ""accepting"": 0, ""analogical_thinking"": 0, ""analyzing"": 0, ""applying"": 0, ""attentional_deployment"": 0, ""cognition_awareness"": 0, ""concretizing"": 0, ""connecting"": 0, ""convergent_thinking"": 2, ""counterfactual_reasoning"": 0, ""creating"": 0, ""distinguishing"": 3, ""divergent_thinking"": 0, ""emotion_characterizing"": 0, ""emotion_facilitation"": 0, ""emotion_management"": 0, ""emotion_organizing"": 0, ""emotion_perception"": 0, ""emotion_receiving"": 0, ""emotion_responding"": 0, ""emotion_understanding"": 0, ""emotion_valuing"": 0, ""emotional_reappraisal"": 3, ""evaluating"": 0, ""hypothesis_generation"": 0, ""meta_awareness"": 0, ""metacognitive_monitoring"": 0, ""metacognitive_regulation"": 0, ""noticing"": 0, ""pattern_recognition"": 0, ""perspective_taking"": 0, ""questioning"": 1, ""reconsidering"": 0, ""reframing"": 0, ""remembering"": 0, ""response_modulation"": 0, ""self_questioning"": 0, ""situation_modification"": 2, ""situation_selection"": 0, ""suspending_judgment"": 0, ""understanding"": 0, ""updating_beliefs"": 0, ""zooming_in"": 0, ""zooming_out"": 0}","Azola believes the package contains the book she ordered. 

The story explicitly states that she “believes the book she ordered has arrived” based on the Amazon notification. Her subsequent discovery of the swap doesn’t change her initial belief – it’s what she *thought* had arrived that was actually delivered.",False,"{""abstracting"": 0, ""accepting"": 0, ""analogical_thinking"": 0, ""analyzing"": 0, ""applying"": 0, ""attentional_deployment"": 0, ""cognition_awareness"": 0, ""concretizing"": 0, ""connecting"": 0, ""convergent_thinking"": 0, ""counterfactual_reasoning"": 0, ""creating"": 0, ""distinguishing"": 6, ""divergent_thinking"": 0, ""emotion_characterizing"": 0, ""emotion_facilitation"": 0, ""emotion_management"": 0, ""emotion_organizing"": 0, ""emotion_perception"": 0, ""emotion_receiving"": 0, ""emotion_responding"": 0, ""emotion_understanding"": 0, ""emotion_valuing"": 1, ""emotional_reappraisal"": 8, ""evaluating"": 0, ""hypothesis_generation"": 3, ""meta_awareness"": 0, ""metacognitive_monitoring"": 0, ""metacognitive_regulation"": 0, ""noticing"": 0, ""pattern_recognition"": 0, ""perspective_taking"": 0, ""questioning"": 1, ""reconsidering"": 0, ""reframing"": 0, ""remembering"": 0, ""response_modulation"": 0, ""self_questioning"": 0, ""situation_modification"": 0, ""situation_selection"": 0, ""suspending_judgment"": 0, ""understanding"": 0, ""updating_beliefs"": 0, ""zooming_in"": 0, ""zooming_out"": 0}","{""abstracting"": 0, ""accepting"": 0, ""analogical_thinking"": 0, ""analyzing"": 0, ""applying"": 0, ""attentional_deployment"": 0, ""cognition_awareness"": 0, ""concretizing"": 0, ""connecting"": 0, ""convergent_thinking"": 0, ""counterfactual_reasoning"": 3, ""creating"": 0, ""distinguishing"": 3, ""divergent_thinking"": 0, ""emotion_characterizing"": 0, ""emotion_facilitation"": 0, ""emotion_management"": 0, ""emotion_organizing"": 0, ""emotion_perception"": 0, ""emotion_receiving"": 0, ""emotion_responding"": 0, ""emotion_understanding"": 0, ""emotion_valuing"": 0, ""emotional_reappraisal"": 4, ""evaluating"": 0, ""hypothesis_generation"": 0, ""meta_awareness"": 0, ""metacognitive_monitoring"": 0, ""metacognitive_regulation"": 0, ""noticing"": 0, ""pattern_recognition"": 0, ""perspective_taking"": 0, ""questioning"": 1, ""reconsidering"": 0, ""reframing"": 0, ""remembering"": 0, ""response_modulation"": 0, ""self_questioning"": 0, ""situation_modification"": 0, ""situation_selection"": 0, ""suspending_judgment"": 0, ""understanding"": 1, ""updating_beliefs"": 0, ""zooming_in"": 0, ""zooming_out"": 0}","{""creating"": 0, ""attentional_deployment"": 0, ""self_questioning"": 0, ""emotion_facilitation"": 0, ""divergent_thinking"": 0, ""emotion_receiving"": 0, ""emotion_valuing"": 0, ""noticing"": 0, ""applying"": 0, ""emotion_understanding"": 0, ""meta_awareness"": 0, ""counterfactual_reasoning"": 0, ""abstracting"": 0, ""analyzing"": 0, ""questioning"": 0, ""situation_selection"": 0, ""understanding"": 0, ""cognition_awareness"": 0, ""perspective_taking"": 0, ""updating_beliefs"": 0, ""situation_modification"": 0, ""emotional_reappraisal"": 0, ""remembering"": 0, ""reconsidering"": 0, ""metacognitive_regulation"": 0, ""hypothesis_generation"": 0, ""suspending_judgment"": 0, ""accepting"": 0, ""concretizing"": 0, ""metacognitive_monitoring"": 0, ""evaluating"": 0, ""distinguishing"": 1, ""response_modulation"": 0, ""emotion_responding"": 0, ""emotion_perception"": 0, ""zooming_in"": 0, ""emotion_characterizing"": 0, ""emotion_management"": 0, ""connecting"": 0, ""reframing"": 0, ""emotion_organizing"": 0, ""convergent_thinking"": 0, ""analogical_thinking"": 0, ""pattern_recognition"": 0, ""zooming_out"": 0}","{""creating"": 0, ""attentional_deployment"": 0, ""self_questioning"": 0, ""emotion_facilitation"": 0, ""divergent_thinking"": 0, ""emotion_receiving"": 0, ""emotion_valuing"": 0, ""noticing"": 0, ""applying"": 0, ""emotion_understanding"": 0, ""meta_awareness"": 0, ""counterfactual_reasoning"": 3, ""abstracting"": 0, ""analyzing"": 0, ""questioning"": 0, ""situation_selection"": 0, ""understanding"": 1, ""cognition_awareness"": 0, ""perspective_taking"": 0, ""updating_beliefs"": 0, ""situation_modification"": -2, ""emotional_reappraisal"": 1, ""remembering"": 0, ""reconsidering"": 0, ""metacognitive_regulation"": 0, ""hypothesis_generation"": 0, ""suspending_judgment"": 0, ""accepting"": 0, ""concretizing"": 0, ""metacognitive_monitoring"": 0, ""evaluating"": 0, ""distinguishing"": 0, ""response_modulation"": 0, ""emotion_responding"": 0, ""emotion_perception"": 0, ""zooming_in"": 0, ""emotion_characterizing"": 0, ""emotion_management"": 0, ""connecting"": 0, ""reframing"": 0, ""emotion_organizing"": 0, ""convergent_thinking"": -2, ""analogical_thinking"": 0, ""pattern_recognition"": 0, ""zooming_out"": 0}",False
"Kofi is a chef at a popular Ghanaian restaurant. Kofi wants to prepare a traditional groundnut soup for the dinner menu. Kofi adds a small container of peanut butter to the soup pot on the stove. Kofi believes the soup contains peanut butter. An apprentice chef, mistakenly thinking it was a seasoning paste, removes the peanut butter from the soup and replaces it with tomato paste. Kofi notices the apprentice chef swapping the ingredients.",Does Kofi believe the soup contains peanut butter or tomato paste?,Kofi believes the soup contains tomato paste.,Kofi believes the soup contains peanut butter.,Kofi believes the soup contains peanut butter. He didn't notice the swap and still thought the small container he added was peanut butter.,False,"{""abstracting"": 0, ""accepting"": 0, ""analogical_thinking"": 0, ""analyzing"": 0, ""applying"": 0, ""attentional_deployment"": 0, ""cognition_awareness"": 0, ""concretizing"": 0, ""connecting"": 0, ""convergent_thinking"": 0, ""counterfactual_reasoning"": 0, ""creating"": 0, ""distinguishing"": 6, ""divergent_thinking"": 0, ""emotion_characterizing"": 0, ""emotion_facilitation"": 0, ""emotion_management"": 0, ""emotion_organizing"": 0, ""emotion_perception"": 0, ""emotion_receiving"": 0, ""emotion_responding"": 0, ""emotion_understanding"": 0, ""emotion_valuing"": 0, ""emotional_reappraisal"": 8, ""evaluating"": 0, ""hypothesis_generation"": 5, ""meta_awareness"": 0, ""metacognitive_monitoring"": 0, ""metacognitive_regulation"": 0, ""noticing"": 0, ""pattern_recognition"": 0, ""perspective_taking"": 0, ""questioning"": 1, ""reconsidering"": 0, ""reframing"": 0, ""remembering"": 0, ""response_modulation"": 0, ""self_questioning"": 0, ""situation_modification"": 2, ""situation_selection"": 0, ""suspending_judgment"": 0, ""understanding"": 0, ""updating_beliefs"": 0, ""zooming_in"": 0, ""zooming_out"": 0}","{""abstracting"": 0, ""accepting"": 0, ""analogical_thinking"": 0, ""analyzing"": 0, ""applying"": 0, ""attentional_deployment"": 0, ""cognition_awareness"": 0, ""concretizing"": 0, ""connecting"": 0, ""convergent_thinking"": 2, ""counterfactual_reasoning"": 0, ""creating"": 0, ""distinguishing"": 4, ""divergent_thinking"": 0, ""emotion_characterizing"": 0, ""emotion_facilitation"": 0, ""emotion_management"": 0, ""emotion_organizing"": 0, ""emotion_perception"": 0, ""emotion_receiving"": 0, ""emotion_responding"": 0, ""emotion_understanding"": 0, ""emotion_valuing"": 0, ""emotional_reappraisal"": 3, ""evaluating"": 0, ""hypothesis_generation"": 2, ""meta_awareness"": 0, ""metacognitive_monitoring"": 0, ""metacognitive_regulation"": 0, ""noticing"": 0, ""pattern_recognition"": 0, ""perspective_taking"": 0, ""questioning"": 2, ""reconsidering"": 0, ""reframing"": 0, ""remembering"": 0, ""response_modulation"": 0, ""self_questioning"": 0, ""situation_modification"": 5, ""situation_selection"": 0, ""suspending_judgment"": 0, ""understanding"": 1, ""updating_beliefs"": 1, ""zooming_in"": 0, ""zooming_out"": 0}",Kofi believes the soup contains peanut butter. He was the one who added the peanut butter and didn’t notice the swap.,False,"{""abstracting"": 0, ""accepting"": 0, ""analogical_thinking"": 0, ""analyzing"": 0, ""applying"": 0, ""attentional_deployment"": 0, ""cognition_awareness"": 0, ""concretizing"": 0, ""connecting"": 0, ""convergent_thinking"": 0, ""counterfactual_reasoning"": 0, ""creating"": 0, ""distinguishing"": 7, ""divergent_thinking"": 0, ""emotion_characterizing"": 0, ""emotion_facilitation"": 0, ""emotion_management"": 0, ""emotion_organizing"": 0, ""emotion_perception"": 0, ""emotion_receiving"": 0, ""emotion_responding"": 0, ""emotion_understanding"": 0, ""emotion_valuing"": 0, ""emotional_reappraisal"": 8, ""evaluating"": 0, ""hypothesis_generation"": 5, ""meta_awareness"": 0, ""metacognitive_monitoring"": 0, ""metacognitive_regulation"": 0, ""noticing"": 0, ""pattern_recognition"": 0, ""perspective_taking"": 0, ""questioning"": 1, ""reconsidering"": 0, ""reframing"": 0, ""remembering"": 0, ""response_modulation"": 0, ""self_questioning"": 0, ""situation_modification"": 2, ""situation_selection"": 0, ""suspending_judgment"": 0, ""understanding"": 0, ""updating_beliefs"": 0, ""zooming_in"": 0, ""zooming_out"": 0}","{""abstracting"": 0, ""accepting"": 0, ""analogical_thinking"": 0, ""analyzing"": 0, ""applying"": 0, ""attentional_deployment"": 0, ""cognition_awareness"": 0, ""concretizing"": 0, ""connecting"": 0, ""convergent_thinking"": 2, ""counterfactual_reasoning"": 0, ""creating"": 0, ""distinguishing"": 6, ""divergent_thinking"": 0, ""emotion_characterizing"": 0, ""emotion_facilitation"": 0, ""emotion_management"": 0, ""emotion_organizing"": 0, ""emotion_perception"": 0, ""emotion_receiving"": 0, ""emotion_responding"": 0, ""emotion_understanding"": 0, ""emotion_valuing"": 0, ""emotional_reappraisal"": 5, ""evaluating"": 0, ""hypothesis_generation"": 2, ""meta_awareness"": 0, ""metacognitive_monitoring"": 0, ""metacognitive_regulation"": 0, ""noticing"": 0, ""pattern_recognition"": 0, ""perspective_taking"": 0, ""questioning"": 1, ""reconsidering"": 0, ""reframing"": 0, ""remembering"": 0, ""response_modulation"": 0, ""self_questioning"": 0, ""situation_modification"": 4, ""situation_selection"": 0, ""suspending_judgment"": 0, ""understanding"": 1, ""updating_beliefs"": 1, ""zooming_in"": 0, ""zooming_out"": 0}","{""creating"": 0, ""attentional_deployment"": 0, ""self_questioning"": 0, ""emotion_facilitation"": 0, ""divergent_thinking"": 0, ""emotion_receiving"": 0, ""emotion_valuing"": 0, ""noticing"": 0, ""applying"": 0, ""emotion_understanding"": 0, ""meta_awareness"": 0, ""counterfactual_reasoning"": 0, ""abstracting"": 0, ""analyzing"": 0, ""questioning"": 0, ""situation_selection"": 0, ""understanding"": 0, ""cognition_awareness"": 0, ""perspective_taking"": 0, ""updating_beliefs"": 0, ""situation_modification"": 0, ""emotional_reappraisal"": 0, ""remembering"": 0, ""reconsidering"": 0, ""metacognitive_regulation"": 0, ""hypothesis_generation"": 0, ""suspending_judgment"": 0, ""accepting"": 0, ""concretizing"": 0, ""metacognitive_monitoring"": 0, ""evaluating"": 0, ""distinguishing"": 1, ""response_modulation"": 0, ""emotion_responding"": 0, ""emotion_perception"": 0, ""zooming_in"": 0, ""emotion_characterizing"": 0, ""emotion_management"": 0, ""connecting"": 0, ""reframing"": 0, ""emotion_organizing"": 0, ""convergent_thinking"": 0, ""analogical_thinking"": 0, ""pattern_recognition"": 0, ""zooming_out"": 0}","{""creating"": 0, ""attentional_deployment"": 0, ""self_questioning"": 0, ""emotion_facilitation"": 0, ""divergent_thinking"": 0, ""emotion_receiving"": 0, ""emotion_valuing"": 0, ""noticing"": 0, ""applying"": 0, ""emotion_understanding"": 0, ""meta_awareness"": 0, ""counterfactual_reasoning"": 0, ""abstracting"": 0, ""analyzing"": 0, ""questioning"": -1, ""situation_selection"": 0, ""understanding"": 0, ""cognition_awareness"": 0, ""perspective_taking"": 0, ""updating_beliefs"": 0, ""situation_modification"": -1, ""emotional_reappraisal"": 2, ""remembering"": 0, ""reconsidering"": 0, ""metacognitive_regulation"": 0, ""hypothesis_generation"": 0, ""suspending_judgment"": 0, ""accepting"": 0, ""concretizing"": 0, ""metacognitive_monitoring"": 0, ""evaluating"": 0, ""distinguishing"": 2, ""response_modulation"": 0, ""emotion_responding"": 0, ""emotion_perception"": 0, ""zooming_in"": 0, ""emotion_characterizing"": 0, ""emotion_management"": 0, ""connecting"": 0, ""reframing"": 0, ""emotion_organizing"": 0, ""convergent_thinking"": 0, ""analogical_thinking"": 0, ""pattern_recognition"": 0, ""zooming_out"": 0}",False
"Kael is a farmer in a remote village in the Andes. Kael wants to plant a new crop of high-altitude potatoes in one of his terraced fields. The soil in the field appears rich and well-fertilized. Kael believes that the soil is rich and well-fertilized. Overnight, heavy rainfall washes away much of the fertile soil, leaving mostly rocky dirt behind. Kael notices the change in the soil after the rainfall.",Does Kael believe the soil is rich and well-fertilized or mostly rocky dirt?,Kael believes the soil is mostly rocky dirt.,Kael believes the soil is rich and well-fertilized.,"Kael believes the soil is rich and well-fertilized. 

The story states he *believes* this to be true before the rain, and he *notices* the change afterward. He hasn't yet acknowledged or accepted the reality of the washed-away soil.",False,"{""abstracting"": 0, ""accepting"": 0, ""analogical_thinking"": 0, ""analyzing"": 0, ""applying"": 0, ""attentional_deployment"": 0, ""cognition_awareness"": 0, ""concretizing"": 0, ""connecting"": 0, ""convergent_thinking"": 0, ""counterfactual_reasoning"": 0, ""creating"": 0, ""distinguishing"": 8, ""divergent_thinking"": 0, ""emotion_characterizing"": 0, ""emotion_facilitation"": 0, ""emotion_management"": 0, ""emotion_organizing"": 0, ""emotion_perception"": 0, ""emotion_receiving"": 0, ""emotion_responding"": 0, ""emotion_understanding"": 0, ""emotion_valuing"": 0, ""emotional_reappraisal"": 7, ""evaluating"": 0, ""hypothesis_generation"": 5, ""meta_awareness"": 0, ""metacognitive_monitoring"": 0, ""metacognitive_regulation"": 0, ""noticing"": 0, ""pattern_recognition"": 0, ""perspective_taking"": 0, ""questioning"": 3, ""reconsidering"": 0, ""reframing"": 0, ""remembering"": 0, ""response_modulation"": 0, ""self_questioning"": 0, ""situation_modification"": 0, ""situation_selection"": 0, ""suspending_judgment"": 0, ""understanding"": 0, ""updating_beliefs"": 0, ""zooming_in"": 0, ""zooming_out"": 0}","{""abstracting"": 0, ""accepting"": 0, ""analogical_thinking"": 0, ""analyzing"": 0, ""applying"": 0, ""attentional_deployment"": 0, ""cognition_awareness"": 0, ""concretizing"": 0, ""connecting"": 0, ""convergent_thinking"": 0, ""counterfactual_reasoning"": 0, ""creating"": 0, ""distinguishing"": 0, ""divergent_thinking"": 0, ""emotion_characterizing"": 0, ""emotion_facilitation"": 0, ""emotion_management"": 0, ""emotion_organizing"": 0, ""emotion_perception"": 0, ""emotion_receiving"": 0, ""emotion_responding"": 0, ""emotion_understanding"": 0, ""emotion_valuing"": 0, ""emotional_reappraisal"": 3, ""evaluating"": 0, ""hypothesis_generation"": 0, ""meta_awareness"": 0, ""metacognitive_monitoring"": 0, ""metacognitive_regulation"": 0, ""noticing"": 0, ""pattern_recognition"": 0, ""perspective_taking"": 0, ""questioning"": 1, ""reconsidering"": 0, ""reframing"": 0, ""remembering"": 0, ""response_modulation"": 0, ""self_questioning"": 0, ""situation_modification"": 2, ""situation_selection"": 0, ""suspending_judgment"": 0, ""understanding"": 1, ""updating_beliefs"": 0, ""zooming_in"": 0, ""zooming_out"": 0}","Kael believes the soil is rich and well-fertilized. 

The story explicitly states this is his belief *before* the devastating rainfall. The subsequent event serves to challenge that belief, but his initial assessment remains his own.",False,"{""abstracting"": 0, ""accepting"": 0, ""analogical_thinking"": 0, ""analyzing"": 0, ""applying"": 0, ""attentional_deployment"": 0, ""cognition_awareness"": 0, ""concretizing"": 0, ""connecting"": 0, ""convergent_thinking"": 0, ""counterfactual_reasoning"": 0, ""creating"": 0, ""distinguishing"": 8, ""divergent_thinking"": 0, ""emotion_characterizing"": 0, ""emotion_facilitation"": 0, ""emotion_management"": 0, ""emotion_organizing"": 0, ""emotion_perception"": 0, ""emotion_receiving"": 0, ""emotion_responding"": 0, ""emotion_understanding"": 0, ""emotion_valuing"": 0, ""emotional_reappraisal"": 7, ""evaluating"": 0, ""hypothesis_generation"": 5, ""meta_awareness"": 0, ""metacognitive_monitoring"": 0, ""metacognitive_regulation"": 0, ""noticing"": 0, ""pattern_recognition"": 0, ""perspective_taking"": 0, ""questioning"": 3, ""reconsidering"": 0, ""reframing"": 0, ""remembering"": 0, ""response_modulation"": 0, ""self_questioning"": 0, ""situation_modification"": 0, ""situation_selection"": 0, ""suspending_judgment"": 0, ""understanding"": 0, ""updating_beliefs"": 0, ""zooming_in"": 0, ""zooming_out"": 0}","{""abstracting"": 0, ""accepting"": 0, ""analogical_thinking"": 0, ""analyzing"": 0, ""applying"": 0, ""attentional_deployment"": 0, ""cognition_awareness"": 0, ""concretizing"": 0, ""connecting"": 0, ""convergent_thinking"": 0, ""counterfactual_reasoning"": 0, ""creating"": 0, ""distinguishing"": 3, ""divergent_thinking"": 0, ""emotion_characterizing"": 0, ""emotion_facilitation"": 0, ""emotion_management"": 0, ""emotion_organizing"": 0, ""emotion_perception"": 0, ""emotion_receiving"": 0, ""emotion_responding"": 0, ""emotion_understanding"": 0, ""emotion_valuing"": 0, ""emotional_reappraisal"": 2, ""evaluating"": 0, ""hypothesis_generation"": 0, ""meta_awareness"": 0, ""metacognitive_monitoring"": 0, ""metacognitive_regulation"": 0, ""noticing"": 0, ""pattern_recognition"": 0, ""perspective_taking"": 0, ""questioning"": 3, ""reconsidering"": 0, ""reframing"": 0, ""remembering"": 0, ""response_modulation"": 0, ""self_questioning"": 0, ""situation_modification"": 1, ""situation_selection"": 0, ""suspending_judgment"": 0, ""understanding"": 1, ""updating_beliefs"": 0, ""zooming_in"": 0, ""zooming_out"": 0}","{""creating"": 0, ""attentional_deployment"": 0, ""self_questioning"": 0, ""emotion_facilitation"": 0, ""divergent_thinking"": 0, ""emotion_receiving"": 0, ""emotion_valuing"": 0, ""noticing"": 0, ""applying"": 0, ""emotion_understanding"": 0, ""meta_awareness"": 0, ""counterfactual_reasoning"": 0, ""abstracting"": 0, ""analyzing"": 0, ""questioning"": 0, ""situation_selection"": 0, ""understanding"": 0, ""cognition_awareness"": 0, ""perspective_taking"": 0, ""updating_beliefs"": 0, ""situation_modification"": 0, ""emotional_reappraisal"": 0, ""remembering"": 0, ""reconsidering"": 0, ""metacognitive_regulation"": 0, ""hypothesis_generation"": 0, ""suspending_judgment"": 0, ""accepting"": 0, ""concretizing"": 0, ""metacognitive_monitoring"": 0, ""evaluating"": 0, ""distinguishing"": 0, ""response_modulation"": 0, ""emotion_responding"": 0, ""emotion_perception"": 0, ""zooming_in"": 0, ""emotion_characterizing"": 0, ""emotion_management"": 0, ""connecting"": 0, ""reframing"": 0, ""emotion_organizing"": 0, ""convergent_thinking"": 0, ""analogical_thinking"": 0, ""pattern_recognition"": 0, ""zooming_out"": 0}","{""creating"": 0, ""attentional_deployment"": 0, ""self_questioning"": 0, ""emotion_facilitation"": 0, ""divergent_thinking"": 0, ""emotion_receiving"": 0, ""emotion_valuing"": 0, ""noticing"": 0, ""applying"": 0, ""emotion_understanding"": 0, ""meta_awareness"": 0, ""counterfactual_reasoning"": 0, ""abstracting"": 0, ""analyzing"": 0, ""questioning"": 2, ""situation_selection"": 0, ""understanding"": 0, ""cognition_awareness"": 0, ""perspective_taking"": 0, ""updating_beliefs"": 0, ""situation_modification"": -1, ""emotional_reappraisal"": -1, ""remembering"": 0, ""reconsidering"": 0, ""metacognitive_regulation"": 0, ""hypothesis_generation"": 0, ""suspending_judgment"": 0, ""accepting"": 0, ""concretizing"": 0, ""metacognitive_monitoring"": 0, ""evaluating"": 0, ""distinguishing"": 3, ""response_modulation"": 0, ""emotion_responding"": 0, ""emotion_perception"": 0, ""zooming_in"": 0, ""emotion_characterizing"": 0, ""emotion_management"": 0, ""connecting"": 0, ""reframing"": 0, ""emotion_organizing"": 0, ""convergent_thinking"": 0, ""analogical_thinking"": 0, ""pattern_recognition"": 0, ""zooming_out"": 0}",False
"Farhan is a street food vendor in a bustling market in Istanbul. Farhan wants to prepare a delicious chicken shawarma wrap for a customer who asked for extra garlic sauce. Farhan takes a bottle of garlic sauce from the shelf and pours it onto the shawarma wrap. Farhan believes that the sauce he has poured is garlic sauce. His assistant, who is busy preparing a different wrap, accidentally swaps the garlic sauce with a bottle of hot sauce, and Farhan unknowingly pours the hot sauce onto the shawarma wrap. Farhan notices the sauce swap.",Does Farhan believe the sauce he poured is garlic sauce or hot sauce?,Farhan believes the sauce he poured is hot sauce.,Farhan believes the sauce he poured is garlic sauce.,Farhan believes the sauce he poured is garlic sauce. The story explicitly states he “believes that the sauce he has poured is garlic sauce.”,False,"{""abstracting"": 0, ""accepting"": 0, ""analogical_thinking"": 0, ""analyzing"": 0, ""applying"": 0, ""attentional_deployment"": 0, ""cognition_awareness"": 0, ""concretizing"": 0, ""connecting"": 0, ""convergent_thinking"": 0, ""counterfactual_reasoning"": 0, ""creating"": 0, ""distinguishing"": 9, ""divergent_thinking"": 0, ""emotion_characterizing"": 0, ""emotion_facilitation"": 0, ""emotion_management"": 0, ""emotion_organizing"": 0, ""emotion_perception"": 0, ""emotion_receiving"": 0, ""emotion_responding"": 0, ""emotion_understanding"": 0, ""emotion_valuing"": 0, ""emotional_reappraisal"": 9, ""evaluating"": 0, ""hypothesis_generation"": 6, ""meta_awareness"": 0, ""metacognitive_monitoring"": 0, ""metacognitive_regulation"": 0, ""noticing"": 0, ""pattern_recognition"": 0, ""perspective_taking"": 0, ""questioning"": 0, ""reconsidering"": 0, ""reframing"": 0, ""remembering"": 0, ""response_modulation"": 0, ""self_questioning"": 0, ""situation_modification"": 1, ""situation_selection"": 0, ""suspending_judgment"": 0, ""understanding"": 0, ""updating_beliefs"": 0, ""zooming_in"": 0, ""zooming_out"": 0}","{""abstracting"": 0, ""accepting"": 0, ""analogical_thinking"": 0, ""analyzing"": 0, ""applying"": 0, ""attentional_deployment"": 0, ""cognition_awareness"": 1, ""concretizing"": 0, ""connecting"": 0, ""convergent_thinking"": 2, ""counterfactual_reasoning"": 0, ""creating"": 0, ""distinguishing"": 4, ""divergent_thinking"": 0, ""emotion_characterizing"": 0, ""emotion_facilitation"": 0, ""emotion_management"": 1, ""emotion_organizing"": 0, ""emotion_perception"": 0, ""emotion_receiving"": 0, ""emotion_responding"": 0, ""emotion_understanding"": 0, ""emotion_valuing"": 0, ""emotional_reappraisal"": 3, ""evaluating"": 0, ""hypothesis_generation"": 2, ""meta_awareness"": 0, ""metacognitive_monitoring"": 0, ""metacognitive_regulation"": 0, ""noticing"": 0, ""pattern_recognition"": 0, ""perspective_taking"": 0, ""questioning"": 1, ""reconsidering"": 0, ""reframing"": 0, ""remembering"": 0, ""response_modulation"": 0, ""self_questioning"": 0, ""situation_modification"": 0, ""situation_selection"": 0, ""suspending_judgment"": 0, ""understanding"": 1, ""updating_beliefs"": 0, ""zooming_in"": 0, ""zooming_out"": 0}",Farhan believes the sauce he poured is garlic sauce. The story explicitly states that he “believes that the sauce he has poured is garlic sauce.”,False,"{""abstracting"": 0, ""accepting"": 0, ""analogical_thinking"": 0, ""analyzing"": 0, ""applying"": 0, ""attentional_deployment"": 0, ""cognition_awareness"": 0, ""concretizing"": 0, ""connecting"": 0, ""convergent_thinking"": 0, ""counterfactual_reasoning"": 0, ""creating"": 0, ""distinguishing"": 9, ""divergent_thinking"": 0, ""emotion_characterizing"": 0, ""emotion_facilitation"": 0, ""emotion_management"": 0, ""emotion_organizing"": 0, ""emotion_perception"": 0, ""emotion_receiving"": 0, ""emotion_responding"": 0, ""emotion_understanding"": 0, ""emotion_valuing"": 0, ""emotional_reappraisal"": 9, ""evaluating"": 0, ""hypothesis_generation"": 6, ""meta_awareness"": 0, ""metacognitive_monitoring"": 0, ""metacognitive_regulation"": 0, ""noticing"": 0, ""pattern_recognition"": 0, ""perspective_taking"": 0, ""questioning"": 1, ""reconsidering"": 0, ""reframing"": 0, ""remembering"": 0, ""response_modulation"": 0, ""self_questioning"": 0, ""situation_modification"": 1, ""situation_selection"": 0, ""suspending_judgment"": 0, ""understanding"": 0, ""updating_beliefs"": 0, ""zooming_in"": 0, ""zooming_out"": 0}","{""abstracting"": 0, ""accepting"": 0, ""analogical_thinking"": 0, ""analyzing"": 0, ""applying"": 0, ""attentional_deployment"": 0, ""cognition_awareness"": 0, ""concretizing"": 0, ""connecting"": 0, ""convergent_thinking"": 1, ""counterfactual_reasoning"": 0, ""creating"": 0, ""distinguishing"": 5, ""divergent_thinking"": 0, ""emotion_characterizing"": 0, ""emotion_facilitation"": 0, ""emotion_management"": 1, ""emotion_organizing"": 0, ""emotion_perception"": 0, ""emotion_receiving"": 0, ""emotion_responding"": 0, ""emotion_understanding"": 0, ""emotion_valuing"": 0, ""emotional_reappraisal"": 3, ""evaluating"": 0, ""hypothesis_generation"": 2, ""meta_awareness"": 0, ""metacognitive_monitoring"": 0, ""metacognitive_regulation"": 0, ""noticing"": 0, ""pattern_recognition"": 0, ""perspective_taking"": 0, ""questioning"": 1, ""reconsidering"": 0, ""reframing"": 0, ""remembering"": 0, ""response_modulation"": 0, ""self_questioning"": 0, ""situation_modification"": 2, ""situation_selection"": 0, ""suspending_judgment"": 0, ""understanding"": 1, ""updating_beliefs"": 0, ""zooming_in"": 0, ""zooming_out"": 0}","{""creating"": 0, ""attentional_deployment"": 0, ""self_questioning"": 0, ""emotion_facilitation"": 0, ""divergent_thinking"": 0, ""emotion_receiving"": 0, ""emotion_valuing"": 0, ""noticing"": 0, ""applying"": 0, ""emotion_understanding"": 0, ""meta_awareness"": 0, ""counterfactual_reasoning"": 0, ""abstracting"": 0, ""analyzing"": 0, ""questioning"": 1, ""situation_selection"": 0, ""understanding"": 0, ""cognition_awareness"": 0, ""perspective_taking"": 0, ""updating_beliefs"": 0, ""situation_modification"": 0, ""emotional_reappraisal"": 0, ""remembering"": 0, ""reconsidering"": 0, ""metacognitive_regulation"": 0, ""hypothesis_generation"": 0, ""suspending_judgment"": 0, ""accepting"": 0, ""concretizing"": 0, ""metacognitive_monitoring"": 0, ""evaluating"": 0, ""distinguishing"": 0, ""response_modulation"": 0, ""emotion_responding"": 0, ""emotion_perception"": 0, ""zooming_in"": 0, ""emotion_characterizing"": 0, ""emotion_management"": 0, ""connecting"": 0, ""reframing"": 0, ""emotion_organizing"": 0, ""convergent_thinking"": 0, ""analogical_thinking"": 0, ""pattern_recognition"": 0, ""zooming_out"": 0}","{""creating"": 0, ""attentional_deployment"": 0, ""self_questioning"": 0, ""emotion_facilitation"": 0, ""divergent_thinking"": 0, ""emotion_receiving"": 0, ""emotion_valuing"": 0, ""noticing"": 0, ""applying"": 0, ""emotion_understanding"": 0, ""meta_awareness"": 0, ""counterfactual_reasoning"": 0, ""abstracting"": 0, ""analyzing"": 0, ""questioning"": 0, ""situation_selection"": 0, ""understanding"": 0, ""cognition_awareness"": -1, ""perspective_taking"": 0, ""updating_beliefs"": 0, ""situation_modification"": 2, ""emotional_reappraisal"": 0, ""remembering"": 0, ""reconsidering"": 0, ""metacognitive_regulation"": 0, ""hypothesis_generation"": 0, ""suspending_judgment"": 0, ""accepting"": 0, ""concretizing"": 0, ""metacognitive_monitoring"": 0, ""evaluating"": 0, ""distinguishing"": 1, ""response_modulation"": 0, ""emotion_responding"": 0, ""emotion_perception"": 0, ""zooming_in"": 0, ""emotion_characterizing"": 0, ""emotion_management"": 0, ""connecting"": 0, ""reframing"": 0, ""emotion_organizing"": 0, ""convergent_thinking"": -1, ""analogical_thinking"": 0, ""pattern_recognition"": 0, ""zooming_out"": 0}",False
"Abhay is a young farmer in a small Indian village. He wants to water his crops with the water stored in a large clay pot. Abhay checks the water level and sees that the pot is full. He believes that the pot is full of water. Unbeknownst to him, a hole in the bottom of the pot has caused the water to leak out, leaving the pot empty. Abhay notices the hole and the water leaking out.",Does Abhay believe the pot is full of water or empty?,Abhay believes the pot is empty.,Abhay believes the pot is full of water.,"Abhay believes the pot is full of water. 

The story states he *believes* the pot is full, even though it’s actually empty. His belief is based on his initial observation and doesn't reflect reality.",False,"{""abstracting"": 0, ""accepting"": 0, ""analogical_thinking"": 0, ""analyzing"": 0, ""applying"": 0, ""attentional_deployment"": 0, ""cognition_awareness"": 0, ""concretizing"": 0, ""connecting"": 0, ""convergent_thinking"": 0, ""counterfactual_reasoning"": 0, ""creating"": 0, ""distinguishing"": 6, ""divergent_thinking"": 0, ""emotion_characterizing"": 0, ""emotion_facilitation"": 0, ""emotion_management"": 0, ""emotion_organizing"": 0, ""emotion_perception"": 0, ""emotion_receiving"": 0, ""emotion_responding"": 0, ""emotion_understanding"": 0, ""emotion_valuing"": 0, ""emotional_reappraisal"": 10, ""evaluating"": 0, ""hypothesis_generation"": 4, ""meta_awareness"": 0, ""metacognitive_monitoring"": 0, ""metacognitive_regulation"": 0, ""noticing"": 0, ""pattern_recognition"": 0, ""perspective_taking"": 0, ""questioning"": 1, ""reconsidering"": 0, ""reframing"": 2, ""remembering"": 0, ""response_modulation"": 0, ""self_questioning"": 0, ""situation_modification"": 1, ""situation_selection"": 0, ""suspending_judgment"": 0, ""understanding"": 0, ""updating_beliefs"": 0, ""zooming_in"": 0, ""zooming_out"": 0}","{""abstracting"": 0, ""accepting"": 0, ""analogical_thinking"": 0, ""analyzing"": 0, ""applying"": 0, ""attentional_deployment"": 0, ""cognition_awareness"": 0, ""concretizing"": 0, ""connecting"": 0, ""convergent_thinking"": 0, ""counterfactual_reasoning"": 0, ""creating"": 0, ""distinguishing"": 1, ""divergent_thinking"": 0, ""emotion_characterizing"": 0, ""emotion_facilitation"": 0, ""emotion_management"": 0, ""emotion_organizing"": 0, ""emotion_perception"": 0, ""emotion_receiving"": 0, ""emotion_responding"": 0, ""emotion_understanding"": 0, ""emotion_valuing"": 0, ""emotional_reappraisal"": 5, ""evaluating"": 0, ""hypothesis_generation"": 0, ""meta_awareness"": 0, ""metacognitive_monitoring"": 0, ""metacognitive_regulation"": 0, ""noticing"": 0, ""pattern_recognition"": 0, ""perspective_taking"": 0, ""questioning"": 3, ""reconsidering"": 0, ""reframing"": 0, ""remembering"": 0, ""response_modulation"": 0, ""self_questioning"": 0, ""situation_modification"": 1, ""situation_selection"": 0, ""suspending_judgment"": 0, ""understanding"": 0, ""updating_beliefs"": 0, ""zooming_in"": 0, ""zooming_out"": 0}","Abhay believes the pot is full of water. 

The story explicitly states that he *believes* the pot is full *before* he discovers the leak. His belief is based on his initial assessment and isn't yet informed by the reality of the situation.",False,"{""abstracting"": 0, ""accepting"": 0, ""analogical_thinking"": 0, ""analyzing"": 0, ""applying"": 0, ""attentional_deployment"": 0, ""cognition_awareness"": 0, ""concretizing"": 0, ""connecting"": 0, ""convergent_thinking"": 0, ""counterfactual_reasoning"": 0, ""creating"": 0, ""distinguishing"": 6, ""divergent_thinking"": 0, ""emotion_characterizing"": 0, ""emotion_facilitation"": 0, ""emotion_management"": 0, ""emotion_organizing"": 0, ""emotion_perception"": 0, ""emotion_receiving"": 0, ""emotion_responding"": 0, ""emotion_understanding"": 0, ""emotion_valuing"": 0, ""emotional_reappraisal"": 10, ""evaluating"": 0, ""hypothesis_generation"": 5, ""meta_awareness"": 0, ""metacognitive_monitoring"": 0, ""metacognitive_regulation"": 0, ""noticing"": 0, ""pattern_recognition"": 0, ""perspective_taking"": 0, ""questioning"": 1, ""reconsidering"": 0, ""reframing"": 2, ""remembering"": 0, ""response_modulation"": 0, ""self_questioning"": 0, ""situation_modification"": 1, ""situation_selection"": 0, ""suspending_judgment"": 0, ""understanding"": 0, ""updating_beliefs"": 0, ""zooming_in"": 0, ""zooming_out"": 0}","{""abstracting"": 0, ""accepting"": 0, ""analogical_thinking"": 0, ""analyzing"": 0, ""applying"": 0, ""attentional_deployment"": 0, ""cognition_awareness"": 0, ""concretizing"": 0, ""connecting"": 0, ""convergent_thinking"": 0, ""counterfactual_reasoning"": 2, ""creating"": 0, ""distinguishing"": 1, ""divergent_thinking"": 0, ""emotion_characterizing"": 0, ""emotion_facilitation"": 0, ""emotion_management"": 0, ""emotion_organizing"": 0, ""emotion_perception"": 0, ""emotion_receiving"": 0, ""emotion_responding"": 0, ""emotion_understanding"": 0, ""emotion_valuing"": 0, ""emotional_reappraisal"": 4, ""evaluating"": 0, ""hypothesis_generation"": 0, ""meta_awareness"": 0, ""metacognitive_monitoring"": 0, ""metacognitive_regulation"": 0, ""noticing"": 0, ""pattern_recognition"": 0, ""perspective_taking"": 0, ""questioning"": 2, ""reconsidering"": 0, ""reframing"": 0, ""remembering"": 0, ""response_modulation"": 0, ""self_questioning"": 0, ""situation_modification"": 1, ""situation_selection"": 0, ""suspending_judgment"": 0, ""understanding"": 0, ""updating_beliefs"": 0, ""zooming_in"": 0, ""zooming_out"": 0}","{""creating"": 0, ""attentional_deployment"": 0, ""self_questioning"": 0, ""emotion_facilitation"": 0, ""divergent_thinking"": 0, ""emotion_receiving"": 0, ""emotion_valuing"": 0, ""noticing"": 0, ""applying"": 0, ""emotion_understanding"": 0, ""meta_awareness"": 0, ""counterfactual_reasoning"": 0, ""abstracting"": 0, ""analyzing"": 0, ""questioning"": 0, ""situation_selection"": 0, ""understanding"": 0, ""cognition_awareness"": 0, ""perspective_taking"": 0, ""updating_beliefs"": 0, ""situation_modification"": 0, ""emotional_reappraisal"": 0, ""remembering"": 0, ""reconsidering"": 0, ""metacognitive_regulation"": 0, ""hypothesis_generation"": 1, ""suspending_judgment"": 0, ""accepting"": 0, ""concretizing"": 0, ""metacognitive_monitoring"": 0, ""evaluating"": 0, ""distinguishing"": 0, ""response_modulation"": 0, ""emotion_responding"": 0, ""emotion_perception"": 0, ""zooming_in"": 0, ""emotion_characterizing"": 0, ""emotion_management"": 0, ""connecting"": 0, ""reframing"": 0, ""emotion_organizing"": 0, ""convergent_thinking"": 0, ""analogical_thinking"": 0, ""pattern_recognition"": 0, ""zooming_out"": 0}","{""creating"": 0, ""attentional_deployment"": 0, ""self_questioning"": 0, ""emotion_facilitation"": 0, ""divergent_thinking"": 0, ""emotion_receiving"": 0, ""emotion_valuing"": 0, ""noticing"": 0, ""applying"": 0, ""emotion_understanding"": 0, ""meta_awareness"": 0, ""counterfactual_reasoning"": 2, ""abstracting"": 0, ""analyzing"": 0, ""questioning"": -1, ""situation_selection"": 0, ""understanding"": 0, ""cognition_awareness"": 0, ""perspective_taking"": 0, ""updating_beliefs"": 0, ""situation_modification"": 0, ""emotional_reappraisal"": -1, ""remembering"": 0, ""reconsidering"": 0, ""metacognitive_regulation"": 0, ""hypothesis_generation"": 0, ""suspending_judgment"": 0, ""accepting"": 0, ""concretizing"": 0, ""metacognitive_monitoring"": 0, ""evaluating"": 0, ""distinguishing"": 0, ""response_modulation"": 0, ""emotion_responding"": 0, ""emotion_perception"": 0, ""zooming_in"": 0, ""emotion_characterizing"": 0, ""emotion_management"": 0, ""connecting"": 0, ""reframing"": 0, ""emotion_organizing"": 0, ""convergent_thinking"": 0, ""analogical_thinking"": 0, ""pattern_recognition"": 0, ""zooming_out"": 0}",False
"Aniket is a marine biologist studying coral reefs off the coast of India. Aniket needs to collect samples of coral to analyze the effects of climate change on the reef. Aniket spots a healthy-looking coral formation in a specific area of the reef. Aniket believes the coral formation is healthy. A sudden wave surge stirs up sediment, covering the once healthy coral formation and causing it to become damaged. Aniket notices the wave surge and the sediment covering the coral.",Does Aniket believe the coral formation is healthy or damaged?,Aniket believes the coral formation is damaged.,Aniket believes the coral formation is healthy.,"Damaged.

**Reasoning:**

The story states that Aniket *believed* the coral formation was healthy *before* the wave surge and sediment covered it. The subsequent event (the wave surge and sediment) caused damage. Therefore, Aniket now observes the coral as damaged.",True,"{""abstracting"": 0, ""accepting"": 0, ""analogical_thinking"": 0, ""analyzing"": 0, ""applying"": 0, ""attentional_deployment"": 0, ""cognition_awareness"": 0, ""concretizing"": 0, ""connecting"": 0, ""convergent_thinking"": 0, ""counterfactual_reasoning"": 0, ""creating"": 0, ""distinguishing"": 7, ""divergent_thinking"": 0, ""emotion_characterizing"": 0, ""emotion_facilitation"": 0, ""emotion_management"": 0, ""emotion_organizing"": 0, ""emotion_perception"": 0, ""emotion_receiving"": 0, ""emotion_responding"": 0, ""emotion_understanding"": 0, ""emotion_valuing"": 0, ""emotional_reappraisal"": 8, ""evaluating"": 0, ""hypothesis_generation"": 4, ""meta_awareness"": 0, ""metacognitive_monitoring"": 1, ""metacognitive_regulation"": 0, ""noticing"": 0, ""pattern_recognition"": 0, ""perspective_taking"": 0, ""questioning"": 0, ""reconsidering"": 0, ""reframing"": 1, ""remembering"": 0, ""response_modulation"": 0, ""self_questioning"": 0, ""situation_modification"": 0, ""situation_selection"": 0, ""suspending_judgment"": 0, ""understanding"": 0, ""updating_beliefs"": 2, ""zooming_in"": 0, ""zooming_out"": 0}","{""abstracting"": 0, ""accepting"": 0, ""analogical_thinking"": 0, ""analyzing"": 0, ""applying"": 0, ""attentional_deployment"": 0, ""cognition_awareness"": 0, ""concretizing"": 0, ""connecting"": 0, ""convergent_thinking"": 1, ""counterfactual_reasoning"": 0, ""creating"": 0, ""distinguishing"": 6, ""divergent_thinking"": 0, ""emotion_characterizing"": 0, ""emotion_facilitation"": 0, ""emotion_management"": 0, ""emotion_organizing"": 0, ""emotion_perception"": 0, ""emotion_receiving"": 0, ""emotion_responding"": 0, ""emotion_understanding"": 0, ""emotion_valuing"": 0, ""emotional_reappraisal"": 1, ""evaluating"": 0, ""hypothesis_generation"": 0, ""meta_awareness"": 0, ""metacognitive_monitoring"": 0, ""metacognitive_regulation"": 0, ""noticing"": 0, ""pattern_recognition"": 0, ""perspective_taking"": 0, ""questioning"": 0, ""reconsidering"": 0, ""reframing"": 0, ""remembering"": 0, ""response_modulation"": 0, ""self_questioning"": 0, ""situation_modification"": 0, ""situation_selection"": 0, ""suspending_judgment"": 0, ""understanding"": 2, ""updating_beliefs"": 1, ""zooming_in"": 0, ""zooming_out"": 0}","Initially, Aniket believes the coral formation is healthy. However, the story reveals that after the wave surge and sediment cover, he recognizes the damage it has caused. 

Therefore, the most accurate answer is: **Initially, Aniket believes the coral formation is healthy, but after observing the damage, he recognizes it is damaged.** 

It's a nuanced situation, and acknowledging both his initial belief and his subsequent observation is key.",False,"{""abstracting"": 0, ""accepting"": 0, ""analogical_thinking"": 0, ""analyzing"": 0, ""applying"": 0, ""attentional_deployment"": 0, ""cognition_awareness"": 0, ""concretizing"": 0, ""connecting"": 0, ""convergent_thinking"": 0, ""counterfactual_reasoning"": 0, ""creating"": 0, ""distinguishing"": 7, ""divergent_thinking"": 0, ""emotion_characterizing"": 0, ""emotion_facilitation"": 0, ""emotion_management"": 0, ""emotion_organizing"": 0, ""emotion_perception"": 0, ""emotion_receiving"": 0, ""emotion_responding"": 0, ""emotion_understanding"": 0, ""emotion_valuing"": 1, ""emotional_reappraisal"": 8, ""evaluating"": 0, ""hypothesis_generation"": 4, ""meta_awareness"": 0, ""metacognitive_monitoring"": 1, ""metacognitive_regulation"": 0, ""noticing"": 0, ""pattern_recognition"": 0, ""perspective_taking"": 0, ""questioning"": 1, ""reconsidering"": 0, ""reframing"": 1, ""remembering"": 0, ""response_modulation"": 0, ""self_questioning"": 0, ""situation_modification"": 0, ""situation_selection"": 0, ""suspending_judgment"": 0, ""understanding"": 0, ""updating_beliefs"": 2, ""zooming_in"": 0, ""zooming_out"": 0}","{""abstracting"": 0, ""accepting"": 0, ""analogical_thinking"": 0, ""analyzing"": 0, ""applying"": 0, ""attentional_deployment"": 0, ""cognition_awareness"": 0, ""concretizing"": 0, ""connecting"": 0, ""convergent_thinking"": 1, ""counterfactual_reasoning"": 0, ""creating"": 0, ""distinguishing"": 9, ""divergent_thinking"": 0, ""emotion_characterizing"": 0, ""emotion_facilitation"": 0, ""emotion_management"": 0, ""emotion_organizing"": 0, ""emotion_perception"": 0, ""emotion_receiving"": 0, ""emotion_responding"": 0, ""emotion_understanding"": 1, ""emotion_valuing"": 0, ""emotional_reappraisal"": 5, ""evaluating"": 0, ""hypothesis_generation"": 0, ""meta_awareness"": 0, ""metacognitive_monitoring"": 0, ""metacognitive_regulation"": 0, ""noticing"": 0, ""pattern_recognition"": 0, ""perspective_taking"": 0, ""questioning"": 1, ""reconsidering"": 0, ""reframing"": 0, ""remembering"": 0, ""response_modulation"": 0, ""self_questioning"": 0, ""situation_modification"": 0, ""situation_selection"": 0, ""suspending_judgment"": 0, ""understanding"": 1, ""updating_beliefs"": 4, ""zooming_in"": 0, ""zooming_out"": 0}","{""creating"": 0, ""attentional_deployment"": 0, ""self_questioning"": 0, ""emotion_facilitation"": 0, ""divergent_thinking"": 0, ""emotion_receiving"": 0, ""emotion_valuing"": 1, ""noticing"": 0, ""applying"": 0, ""emotion_understanding"": 0, ""meta_awareness"": 0, ""counterfactual_reasoning"": 0, ""abstracting"": 0, ""analyzing"": 0, ""questioning"": 1, ""situation_selection"": 0, ""understanding"": 0, ""cognition_awareness"": 0, ""perspective_taking"": 0, ""updating_beliefs"": 0, ""situation_modification"": 0, ""emotional_reappraisal"": 0, ""remembering"": 0, ""reconsidering"": 0, ""metacognitive_regulation"": 0, ""hypothesis_generation"": 0, ""suspending_judgment"": 0, ""accepting"": 0, ""concretizing"": 0, ""metacognitive_monitoring"": 0, ""evaluating"": 0, ""distinguishing"": 0, ""response_modulation"": 0, ""emotion_responding"": 0, ""emotion_perception"": 0, ""zooming_in"": 0, ""emotion_characterizing"": 0, ""emotion_management"": 0, ""connecting"": 0, ""reframing"": 0, ""emotion_organizing"": 0, ""convergent_thinking"": 0, ""analogical_thinking"": 0, ""pattern_recognition"": 0, ""zooming_out"": 0}","{""creating"": 0, ""attentional_deployment"": 0, ""self_questioning"": 0, ""emotion_facilitation"": 0, ""divergent_thinking"": 0, ""emotion_receiving"": 0, ""emotion_valuing"": 0, ""noticing"": 0, ""applying"": 0, ""emotion_understanding"": 1, ""meta_awareness"": 0, ""counterfactual_reasoning"": 0, ""abstracting"": 0, ""analyzing"": 0, ""questioning"": 1, ""situation_selection"": 0, ""understanding"": -1, ""cognition_awareness"": 0, ""perspective_taking"": 0, ""updating_beliefs"": 3, ""situation_modification"": 0, ""emotional_reappraisal"": 4, ""remembering"": 0, ""reconsidering"": 0, ""metacognitive_regulation"": 0, ""hypothesis_generation"": 0, ""suspending_judgment"": 0, ""accepting"": 0, ""concretizing"": 0, ""metacognitive_monitoring"": 0, ""evaluating"": 0, ""distinguishing"": 3, ""response_modulation"": 0, ""emotion_responding"": 0, ""emotion_perception"": 0, ""zooming_in"": 0, ""emotion_characterizing"": 0, ""emotion_management"": 0, ""connecting"": 0, ""reframing"": 0, ""emotion_organizing"": 0, ""convergent_thinking"": 0, ""analogical_thinking"": 0, ""pattern_recognition"": 0, ""zooming_out"": 0}",False
"Lila is a beekeeper in a small village in Eastern Europe. She wants to harvest honey from one of her beehives. The beehive is full of honey, as Lila observed during her last inspection. Lila believes the beehive is full of honey. A sudden cold snap occurs overnight, causing the bees to consume the honey to stay warm and survive, leaving the beehive nearly empty. Lila notices the cold snap and the decreased honey in her beehive.",Does Lila believe the beehive is full of honey or nearly empty?,Lila believes the beehive is nearly empty.,Lila believes the beehive is full of honey.,"Lila believes the beehive is full of honey. 

The story states she “believes the beehive is full of honey” based on her previous inspection. The subsequent cold snap and reduced honey are what *changed* her belief.",False,"{""abstracting"": 0, ""accepting"": 0, ""analogical_thinking"": 0, ""analyzing"": 0, ""applying"": 0, ""attentional_deployment"": 0, ""cognition_awareness"": 0, ""concretizing"": 0, ""connecting"": 0, ""convergent_thinking"": 0, ""counterfactual_reasoning"": 0, ""creating"": 0, ""distinguishing"": 6, ""divergent_thinking"": 0, ""emotion_characterizing"": 0, ""emotion_facilitation"": 0, ""emotion_management"": 0, ""emotion_organizing"": 0, ""emotion_perception"": 0, ""emotion_receiving"": 0, ""emotion_responding"": 0, ""emotion_understanding"": 0, ""emotion_valuing"": 0, ""emotional_reappraisal"": 9, ""evaluating"": 0, ""hypothesis_generation"": 4, ""meta_awareness"": 0, ""metacognitive_monitoring"": 1, ""metacognitive_regulation"": 0, ""noticing"": 0, ""pattern_recognition"": 0, ""perspective_taking"": 0, ""questioning"": 2, ""reconsidering"": 0, ""reframing"": 0, ""remembering"": 0, ""response_modulation"": 0, ""self_questioning"": 0, ""situation_modification"": 0, ""situation_selection"": 0, ""suspending_judgment"": 0, ""understanding"": 0, ""updating_beliefs"": 0, ""zooming_in"": 0, ""zooming_out"": 0}","{""abstracting"": 0, ""accepting"": 0, ""analogical_thinking"": 0, ""analyzing"": 0, ""applying"": 0, ""attentional_deployment"": 0, ""cognition_awareness"": 0, ""concretizing"": 0, ""connecting"": 0, ""convergent_thinking"": 1, ""counterfactual_reasoning"": 0, ""creating"": 0, ""distinguishing"": 1, ""divergent_thinking"": 0, ""emotion_characterizing"": 0, ""emotion_facilitation"": 0, ""emotion_management"": 0, ""emotion_organizing"": 0, ""emotion_perception"": 0, ""emotion_receiving"": 0, ""emotion_responding"": 0, ""emotion_understanding"": 0, ""emotion_valuing"": 0, ""emotional_reappraisal"": 2, ""evaluating"": 0, ""hypothesis_generation"": 0, ""meta_awareness"": 0, ""metacognitive_monitoring"": 0, ""metacognitive_regulation"": 0, ""noticing"": 0, ""pattern_recognition"": 0, ""perspective_taking"": 0, ""questioning"": 1, ""reconsidering"": 0, ""reframing"": 0, ""remembering"": 0, ""response_modulation"": 0, ""self_questioning"": 0, ""situation_modification"": 1, ""situation_selection"": 0, ""suspending_judgment"": 0, ""understanding"": 1, ""updating_beliefs"": 1, ""zooming_in"": 0, ""zooming_out"": 0}","Lila initially believed the beehive was full of honey, but after the cold snap and subsequent honey consumption, she now realizes it’s nearly empty.

Therefore, the answer is: **nearly empty**.",False,"{""abstracting"": 0, ""accepting"": 0, ""analogical_thinking"": 0, ""analyzing"": 0, ""applying"": 0, ""attentional_deployment"": 0, ""cognition_awareness"": 0, ""concretizing"": 0, ""connecting"": 0, ""convergent_thinking"": 0, ""counterfactual_reasoning"": 0, ""creating"": 0, ""distinguishing"": 6, ""divergent_thinking"": 0, ""emotion_characterizing"": 0, ""emotion_facilitation"": 0, ""emotion_management"": 0, ""emotion_organizing"": 0, ""emotion_perception"": 0, ""emotion_receiving"": 0, ""emotion_responding"": 0, ""emotion_understanding"": 0, ""emotion_valuing"": 0, ""emotional_reappraisal"": 9, ""evaluating"": 0, ""hypothesis_generation"": 4, ""meta_awareness"": 0, ""metacognitive_monitoring"": 1, ""metacognitive_regulation"": 0, ""noticing"": 0, ""pattern_recognition"": 0, ""perspective_taking"": 0, ""questioning"": 2, ""reconsidering"": 0, ""reframing"": 0, ""remembering"": 0, ""response_modulation"": 0, ""self_questioning"": 0, ""situation_modification"": 0, ""situation_selection"": 0, ""suspending_judgment"": 0, ""understanding"": 0, ""updating_beliefs"": 0, ""zooming_in"": 0, ""zooming_out"": 0}","{""abstracting"": 0, ""accepting"": 0, ""analogical_thinking"": 0, ""analyzing"": 0, ""applying"": 0, ""attentional_deployment"": 0, ""cognition_awareness"": 0, ""concretizing"": 0, ""connecting"": 0, ""convergent_thinking"": 3, ""counterfactual_reasoning"": 0, ""creating"": 0, ""distinguishing"": 9, ""divergent_thinking"": 0, ""emotion_characterizing"": 0, ""emotion_facilitation"": 0, ""emotion_management"": 0, ""emotion_organizing"": 0, ""emotion_perception"": 0, ""emotion_receiving"": 0, ""emotion_responding"": 0, ""emotion_understanding"": 0, ""emotion_valuing"": 0, ""emotional_reappraisal"": 6, ""evaluating"": 0, ""hypothesis_generation"": 1, ""meta_awareness"": 0, ""metacognitive_monitoring"": 0, ""metacognitive_regulation"": 0, ""noticing"": 0, ""pattern_recognition"": 0, ""perspective_taking"": 0, ""questioning"": 1, ""reconsidering"": 0, ""reframing"": 0, ""remembering"": 0, ""response_modulation"": 0, ""self_questioning"": 0, ""situation_modification"": 0, ""situation_selection"": 0, ""suspending_judgment"": 0, ""understanding"": 0, ""updating_beliefs"": 3, ""zooming_in"": 0, ""zooming_out"": 0}","{""creating"": 0, ""attentional_deployment"": 0, ""self_questioning"": 0, ""emotion_facilitation"": 0, ""divergent_thinking"": 0, ""emotion_receiving"": 0, ""emotion_valuing"": 0, ""noticing"": 0, ""applying"": 0, ""emotion_understanding"": 0, ""meta_awareness"": 0, ""counterfactual_reasoning"": 0, ""abstracting"": 0, ""analyzing"": 0, ""questioning"": 0, ""situation_selection"": 0, ""understanding"": 0, ""cognition_awareness"": 0, ""perspective_taking"": 0, ""updating_beliefs"": 0, ""situation_modification"": 0, ""emotional_reappraisal"": 0, ""remembering"": 0, ""reconsidering"": 0, ""metacognitive_regulation"": 0, ""hypothesis_generation"": 0, ""suspending_judgment"": 0, ""accepting"": 0, ""concretizing"": 0, ""metacognitive_monitoring"": 0, ""evaluating"": 0, ""distinguishing"": 0, ""response_modulation"": 0, ""emotion_responding"": 0, ""emotion_perception"": 0, ""zooming_in"": 0, ""emotion_characterizing"": 0, ""emotion_management"": 0, ""connecting"": 0, ""reframing"": 0, ""emotion_organizing"": 0, ""convergent_thinking"": 0, ""analogical_thinking"": 0, ""pattern_recognition"": 0, ""zooming_out"": 0}","{""creating"": 0, ""attentional_deployment"": 0, ""self_questioning"": 0, ""emotion_facilitation"": 0, ""divergent_thinking"": 0, ""emotion_receiving"": 0, ""emotion_valuing"": 0, ""noticing"": 0, ""applying"": 0, ""emotion_understanding"": 0, ""meta_awareness"": 0, ""counterfactual_reasoning"": 0, ""abstracting"": 0, ""analyzing"": 0, ""questioning"": 0, ""situation_selection"": 0, ""understanding"": -1, ""cognition_awareness"": 0, ""perspective_taking"": 0, ""updating_beliefs"": 2, ""situation_modification"": -1, ""emotional_reappraisal"": 4, ""remembering"": 0, ""reconsidering"": 0, ""metacognitive_regulation"": 0, ""hypothesis_generation"": 1, ""suspending_judgment"": 0, ""accepting"": 0, ""concretizing"": 0, ""metacognitive_monitoring"": 0, ""evaluating"": 0, ""distinguishing"": 8, ""response_modulation"": 0, ""emotion_responding"": 0, ""emotion_perception"": 0, ""zooming_in"": 0, ""emotion_characterizing"": 0, ""emotion_management"": 0, ""connecting"": 0, ""reframing"": 0, ""emotion_organizing"": 0, ""convergent_thinking"": 2, ""analogical_thinking"": 0, ""pattern_recognition"": 0, ""zooming_out"": 0}",False
"Kavi is a chef at a popular Indian restaurant in a bustling city. Kavi wants to make his signature dish, a spicy curry, for the customers tonight. Kavi checks the pantry and sees a full bottle of his favorite hot sauce. Kavi believes that there is a full bottle of hot sauce available for use. When Kavi is away, a new chef accidentally knocks over the hot sauce, spilling its contents all over the floor. Kavi sees the spilled hot sauce on the floor.",Does Kavi believe there is a full bottle of hot sauce available or that the hot sauce has been spilled?,Kavi believes the hot sauce has been spilled.,Kavi believes there is a full bottle of hot sauce available.,"Kavi believes there is a full bottle of hot sauce available. 

The story states he *believes* there's a full bottle, and he doesn't see the spill. His belief is based on his previous check of the pantry.",False,"{""abstracting"": 0, ""accepting"": 0, ""analogical_thinking"": 0, ""analyzing"": 0, ""applying"": 0, ""attentional_deployment"": 0, ""cognition_awareness"": 0, ""concretizing"": 0, ""connecting"": 0, ""convergent_thinking"": 0, ""counterfactual_reasoning"": 0, ""creating"": 0, ""distinguishing"": 8, ""divergent_thinking"": 0, ""emotion_characterizing"": 0, ""emotion_facilitation"": 0, ""emotion_management"": 0, ""emotion_organizing"": 1, ""emotion_perception"": 1, ""emotion_receiving"": 0, ""emotion_responding"": 1, ""emotion_understanding"": 0, ""emotion_valuing"": 0, ""emotional_reappraisal"": 9, ""evaluating"": 0, ""hypothesis_generation"": 7, ""meta_awareness"": 0, ""metacognitive_monitoring"": 0, ""metacognitive_regulation"": 0, ""noticing"": 0, ""pattern_recognition"": 0, ""perspective_taking"": 0, ""questioning"": 1, ""reconsidering"": 0, ""reframing"": 0, ""remembering"": 0, ""response_modulation"": 0, ""self_questioning"": 0, ""situation_modification"": 1, ""situation_selection"": 0, ""suspending_judgment"": 0, ""understanding"": 0, ""updating_beliefs"": 0, ""zooming_in"": 0, ""zooming_out"": 0}","{""abstracting"": 0, ""accepting"": 0, ""analogical_thinking"": 0, ""analyzing"": 0, ""applying"": 0, ""attentional_deployment"": 0, ""cognition_awareness"": 0, ""concretizing"": 0, ""connecting"": 0, ""convergent_thinking"": 1, ""counterfactual_reasoning"": 1, ""creating"": 0, ""distinguishing"": 1, ""divergent_thinking"": 0, ""emotion_characterizing"": 0, ""emotion_facilitation"": 0, ""emotion_management"": 0, ""emotion_organizing"": 0, ""emotion_perception"": 1, ""emotion_receiving"": 0, ""emotion_responding"": 0, ""emotion_understanding"": 0, ""emotion_valuing"": 0, ""emotional_reappraisal"": 3, ""evaluating"": 0, ""hypothesis_generation"": 0, ""meta_awareness"": 0, ""metacognitive_monitoring"": 0, ""metacognitive_regulation"": 0, ""noticing"": 0, ""pattern_recognition"": 0, ""perspective_taking"": 0, ""questioning"": 1, ""reconsidering"": 0, ""reframing"": 0, ""remembering"": 0, ""response_modulation"": 0, ""self_questioning"": 0, ""situation_modification"": 1, ""situation_selection"": 0, ""suspending_judgment"": 0, ""understanding"": 1, ""updating_beliefs"": 0, ""zooming_in"": 0, ""zooming_out"": 0}","Kavi believes there is a full bottle of hot sauce available. 

The story explicitly states his belief *before* he discovers the spill. His belief is based on his initial inspection of the pantry.",False,"{""abstracting"": 0, ""accepting"": 0, ""analogical_thinking"": 0, ""analyzing"": 0, ""applying"": 0, ""attentional_deployment"": 0, ""cognition_awareness"": 0, ""concretizing"": 0, ""connecting"": 0, ""convergent_thinking"": 0, ""counterfactual_reasoning"": 0, ""creating"": 0, ""distinguishing"": 8, ""divergent_thinking"": 0, ""emotion_characterizing"": 0, ""emotion_facilitation"": 0, ""emotion_management"": 0, ""emotion_organizing"": 1, ""emotion_perception"": 1, ""emotion_receiving"": 0, ""emotion_responding"": 1, ""emotion_understanding"": 0, ""emotion_valuing"": 0, ""emotional_reappraisal"": 9, ""evaluating"": 0, ""hypothesis_generation"": 6, ""meta_awareness"": 0, ""metacognitive_monitoring"": 0, ""metacognitive_regulation"": 0, ""noticing"": 0, ""pattern_recognition"": 0, ""perspective_taking"": 0, ""questioning"": 1, ""reconsidering"": 0, ""reframing"": 0, ""remembering"": 0, ""response_modulation"": 0, ""self_questioning"": 0, ""situation_modification"": 1, ""situation_selection"": 0, ""suspending_judgment"": 0, ""understanding"": 0, ""updating_beliefs"": 0, ""zooming_in"": 0, ""zooming_out"": 0}","{""abstracting"": 0, ""accepting"": 0, ""analogical_thinking"": 0, ""analyzing"": 0, ""applying"": 0, ""attentional_deployment"": 0, ""cognition_awareness"": 0, ""concretizing"": 0, ""connecting"": 0, ""convergent_thinking"": 0, ""counterfactual_reasoning"": 0, ""creating"": 0, ""distinguishing"": 3, ""divergent_thinking"": 0, ""emotion_characterizing"": 0, ""emotion_facilitation"": 0, ""emotion_management"": 0, ""emotion_organizing"": 0, ""emotion_perception"": 0, ""emotion_receiving"": 0, ""emotion_responding"": 0, ""emotion_understanding"": 0, ""emotion_valuing"": 0, ""emotional_reappraisal"": 3, ""evaluating"": 0, ""hypothesis_generation"": 0, ""meta_awareness"": 0, ""metacognitive_monitoring"": 0, ""metacognitive_regulation"": 0, ""noticing"": 0, ""pattern_recognition"": 0, ""perspective_taking"": 0, ""questioning"": 1, ""reconsidering"": 0, ""reframing"": 0, ""remembering"": 0, ""response_modulation"": 0, ""self_questioning"": 0, ""situation_modification"": 0, ""situation_selection"": 0, ""suspending_judgment"": 0, ""understanding"": 1, ""updating_beliefs"": 0, ""zooming_in"": 0, ""zooming_out"": 0}","{""creating"": 0, ""attentional_deployment"": 0, ""self_questioning"": 0, ""emotion_facilitation"": 0, ""divergent_thinking"": 0, ""emotion_receiving"": 0, ""emotion_valuing"": 0, ""noticing"": 0, ""applying"": 0, ""emotion_understanding"": 0, ""meta_awareness"": 0, ""counterfactual_reasoning"": 0, ""abstracting"": 0, ""analyzing"": 0, ""questioning"": 0, ""situation_selection"": 0, ""understanding"": 0, ""cognition_awareness"": 0, ""perspective_taking"": 0, ""updating_beliefs"": 0, ""situation_modification"": 0, ""emotional_reappraisal"": 0, ""remembering"": 0, ""reconsidering"": 0, ""metacognitive_regulation"": 0, ""hypothesis_generation"": -1, ""suspending_judgment"": 0, ""accepting"": 0, ""concretizing"": 0, ""metacognitive_monitoring"": 0, ""evaluating"": 0, ""distinguishing"": 0, ""response_modulation"": 0, ""emotion_responding"": 0, ""emotion_perception"": 0, ""zooming_in"": 0, ""emotion_characterizing"": 0, ""emotion_management"": 0, ""connecting"": 0, ""reframing"": 0, ""emotion_organizing"": 0, ""convergent_thinking"": 0, ""analogical_thinking"": 0, ""pattern_recognition"": 0, ""zooming_out"": 0}","{""creating"": 0, ""attentional_deployment"": 0, ""self_questioning"": 0, ""emotion_facilitation"": 0, ""divergent_thinking"": 0, ""emotion_receiving"": 0, ""emotion_valuing"": 0, ""noticing"": 0, ""applying"": 0, ""emotion_understanding"": 0, ""meta_awareness"": 0, ""counterfactual_reasoning"": -1, ""abstracting"": 0, ""analyzing"": 0, ""questioning"": 0, ""situation_selection"": 0, ""understanding"": 0, ""cognition_awareness"": 0, ""perspective_taking"": 0, ""updating_beliefs"": 0, ""situation_modification"": -1, ""emotional_reappraisal"": 0, ""remembering"": 0, ""reconsidering"": 0, ""metacognitive_regulation"": 0, ""hypothesis_generation"": 0, ""suspending_judgment"": 0, ""accepting"": 0, ""concretizing"": 0, ""metacognitive_monitoring"": 0, ""evaluating"": 0, ""distinguishing"": 2, ""response_modulation"": 0, ""emotion_responding"": 0, ""emotion_perception"": -1, ""zooming_in"": 0, ""emotion_characterizing"": 0, ""emotion_management"": 0, ""connecting"": 0, ""reframing"": 0, ""emotion_organizing"": 0, ""convergent_thinking"": -1, ""analogical_thinking"": 0, ""pattern_recognition"": 0, ""zooming_out"": 0}",False
"Hiroshi is a fisherman in a small coastal village in Japan. Hiroshi wants to catch some fish to provide dinner for his family. Hiroshi checks the weather forecast and sees that it will be sunny throughout the day. Hiroshi believes the weather will be sunny all day. Suddenly, a heavy rainstorm moves in, darkening the sky and causing strong waves. Hiroshi notices the rainstorm approaching.",Does Hiroshi believe the weather will be sunny or does he expect a rainstorm?,Hiroshi believes there will be a rainstorm.,Hiroshi believes the weather will be sunny all day.,"Hiroshi believes the weather will be sunny. 

The story states he “believes the weather will be sunny all day” based on the weather forecast. He only realizes the change after the storm arrives.",False,"{""abstracting"": 0, ""accepting"": 0, ""analogical_thinking"": 0, ""analyzing"": 0, ""applying"": 0, ""attentional_deployment"": 0, ""cognition_awareness"": 0, ""concretizing"": 0, ""connecting"": 0, ""convergent_thinking"": 0, ""counterfactual_reasoning"": 0, ""creating"": 0, ""distinguishing"": 5, ""divergent_thinking"": 0, ""emotion_characterizing"": 0, ""emotion_facilitation"": 0, ""emotion_management"": 0, ""emotion_organizing"": 0, ""emotion_perception"": 0, ""emotion_receiving"": 0, ""emotion_responding"": 0, ""emotion_understanding"": 0, ""emotion_valuing"": 0, ""emotional_reappraisal"": 9, ""evaluating"": 0, ""hypothesis_generation"": 6, ""meta_awareness"": 0, ""metacognitive_monitoring"": 0, ""metacognitive_regulation"": 0, ""noticing"": 0, ""pattern_recognition"": 0, ""perspective_taking"": 0, ""questioning"": 1, ""reconsidering"": 0, ""reframing"": 1, ""remembering"": 0, ""response_modulation"": 0, ""self_questioning"": 0, ""situation_modification"": 0, ""situation_selection"": 0, ""suspending_judgment"": 0, ""understanding"": 0, ""updating_beliefs"": 0, ""zooming_in"": 0, ""zooming_out"": 0}","{""abstracting"": 0, ""accepting"": 0, ""analogical_thinking"": 0, ""analyzing"": 0, ""applying"": 0, ""attentional_deployment"": 0, ""cognition_awareness"": 0, ""concretizing"": 0, ""connecting"": 0, ""convergent_thinking"": 0, ""counterfactual_reasoning"": 1, ""creating"": 0, ""distinguishing"": 0, ""divergent_thinking"": 0, ""emotion_characterizing"": 0, ""emotion_facilitation"": 0, ""emotion_management"": 0, ""emotion_organizing"": 0, ""emotion_perception"": 0, ""emotion_receiving"": 0, ""emotion_responding"": 0, ""emotion_understanding"": 0, ""emotion_valuing"": 0, ""emotional_reappraisal"": 2, ""evaluating"": 0, ""hypothesis_generation"": 0, ""meta_awareness"": 0, ""metacognitive_monitoring"": 0, ""metacognitive_regulation"": 0, ""noticing"": 0, ""pattern_recognition"": 0, ""perspective_taking"": 0, ""questioning"": 1, ""reconsidering"": 0, ""reframing"": 0, ""remembering"": 0, ""response_modulation"": 0, ""self_questioning"": 0, ""situation_modification"": 1, ""situation_selection"": 0, ""suspending_judgment"": 0, ""understanding"": 2, ""updating_beliefs"": 1, ""zooming_in"": 0, ""zooming_out"": 0}","Hiroshi believes the weather will be sunny. 

The story explicitly states that he checks the forecast and sees a sunny forecast, and he *believes* that will be the case. He only realizes the change after the storm arrives.",False,"{""abstracting"": 0, ""accepting"": 0, ""analogical_thinking"": 0, ""analyzing"": 0, ""applying"": 0, ""attentional_deployment"": 0, ""cognition_awareness"": 0, ""concretizing"": 0, ""connecting"": 0, ""convergent_thinking"": 0, ""counterfactual_reasoning"": 0, ""creating"": 0, ""distinguishing"": 6, ""divergent_thinking"": 0, ""emotion_characterizing"": 0, ""emotion_facilitation"": 0, ""emotion_management"": 0, ""emotion_organizing"": 0, ""emotion_perception"": 0, ""emotion_receiving"": 0, ""emotion_responding"": 0, ""emotion_understanding"": 0, ""emotion_valuing"": 0, ""emotional_reappraisal"": 9, ""evaluating"": 0, ""hypothesis_generation"": 5, ""meta_awareness"": 0, ""metacognitive_monitoring"": 0, ""metacognitive_regulation"": 0, ""noticing"": 0, ""pattern_recognition"": 0, ""perspective_taking"": 0, ""questioning"": 1, ""reconsidering"": 0, ""reframing"": 1, ""remembering"": 0, ""response_modulation"": 0, ""self_questioning"": 0, ""situation_modification"": 0, ""situation_selection"": 0, ""suspending_judgment"": 0, ""understanding"": 0, ""updating_beliefs"": 0, ""zooming_in"": 0, ""zooming_out"": 0}","{""abstracting"": 0, ""accepting"": 0, ""analogical_thinking"": 0, ""analyzing"": 0, ""applying"": 0, ""attentional_deployment"": 0, ""cognition_awareness"": 0, ""concretizing"": 0, ""connecting"": 0, ""convergent_thinking"": 0, ""counterfactual_reasoning"": 2, ""creating"": 0, ""distinguishing"": 1, ""divergent_thinking"": 0, ""emotion_characterizing"": 0, ""emotion_facilitation"": 0, ""emotion_management"": 0, ""emotion_organizing"": 0, ""emotion_perception"": 0, ""emotion_receiving"": 0, ""emotion_responding"": 0, ""emotion_understanding"": 0, ""emotion_valuing"": 0, ""emotional_reappraisal"": 3, ""evaluating"": 0, ""hypothesis_generation"": 0, ""meta_awareness"": 0, ""metacognitive_monitoring"": 0, ""metacognitive_regulation"": 0, ""noticing"": 0, ""pattern_recognition"": 0, ""perspective_taking"": 0, ""questioning"": 1, ""reconsidering"": 0, ""reframing"": 0, ""remembering"": 0, ""response_modulation"": 0, ""self_questioning"": 0, ""situation_modification"": 1, ""situation_selection"": 0, ""suspending_judgment"": 0, ""understanding"": 2, ""updating_beliefs"": 1, ""zooming_in"": 0, ""zooming_out"": 0}","{""creating"": 0, ""attentional_deployment"": 0, ""self_questioning"": 0, ""emotion_facilitation"": 0, ""divergent_thinking"": 0, ""emotion_receiving"": 0, ""emotion_valuing"": 0, ""noticing"": 0, ""applying"": 0, ""emotion_understanding"": 0, ""meta_awareness"": 0, ""counterfactual_reasoning"": 0, ""abstracting"": 0, ""analyzing"": 0, ""questioning"": 0, ""situation_selection"": 0, ""understanding"": 0, ""cognition_awareness"": 0, ""perspective_taking"": 0, ""updating_beliefs"": 0, ""situation_modification"": 0, ""emotional_reappraisal"": 0, ""remembering"": 0, ""reconsidering"": 0, ""metacognitive_regulation"": 0, ""hypothesis_generation"": -1, ""suspending_judgment"": 0, ""accepting"": 0, ""concretizing"": 0, ""metacognitive_monitoring"": 0, ""evaluating"": 0, ""distinguishing"": 1, ""response_modulation"": 0, ""emotion_responding"": 0, ""emotion_perception"": 0, ""zooming_in"": 0, ""emotion_characterizing"": 0, ""emotion_management"": 0, ""connecting"": 0, ""reframing"": 0, ""emotion_organizing"": 0, ""convergent_thinking"": 0, ""analogical_thinking"": 0, ""pattern_recognition"": 0, ""zooming_out"": 0}","{""creating"": 0, ""attentional_deployment"": 0, ""self_questioning"": 0, ""emotion_facilitation"": 0, ""divergent_thinking"": 0, ""emotion_receiving"": 0, ""emotion_valuing"": 0, ""noticing"": 0, ""applying"": 0, ""emotion_understanding"": 0, ""meta_awareness"": 0, ""counterfactual_reasoning"": 1, ""abstracting"": 0, ""analyzing"": 0, ""questioning"": 0, ""situation_selection"": 0, ""understanding"": 0, ""cognition_awareness"": 0, ""perspective_taking"": 0, ""updating_beliefs"": 0, ""situation_modification"": 0, ""emotional_reappraisal"": 1, ""remembering"": 0, ""reconsidering"": 0, ""metacognitive_regulation"": 0, ""hypothesis_generation"": 0, ""suspending_judgment"": 0, ""accepting"": 0, ""concretizing"": 0, ""metacognitive_monitoring"": 0, ""evaluating"": 0, ""distinguishing"": 1, ""response_modulation"": 0, ""emotion_responding"": 0, ""emotion_perception"": 0, ""zooming_in"": 0, ""emotion_characterizing"": 0, ""emotion_management"": 0, ""connecting"": 0, ""reframing"": 0, ""emotion_organizing"": 0, ""convergent_thinking"": 0, ""analogical_thinking"": 0, ""pattern_recognition"": 0, ""zooming_out"": 0}",False
"Juan is a young chef in a small Mexican town. He wants to make a delicious salsa for the upcoming town festival. Juan buys fresh tomatoes from the market, which he believes are ripe and perfect for the salsa. He believes that the tomatoes he bought are ripe and of high quality. While Juan is away from his kitchen, a mischievous cat knocks over the bag of tomatoes, crushing them and making them unsuitable for the salsa. Juan notices the crushed tomatoes on the floor.",Does Juan believe the tomatoes are ripe and perfect or crushed and unsuitable?,Juan believes the tomatoes are crushed and unsuitable.,Juan believes the tomatoes are ripe and perfect.,"Juan believes the tomatoes are ripe and perfect. 

The story states he *believed* they were ripe and of high quality before the cat knocked them over. His belief is based on his initial assessment, not on the actual state of the tomatoes after the incident.",False,"{""abstracting"": 0, ""accepting"": 0, ""analogical_thinking"": 0, ""analyzing"": 0, ""applying"": 0, ""attentional_deployment"": 0, ""cognition_awareness"": 0, ""concretizing"": 0, ""connecting"": 0, ""convergent_thinking"": 0, ""counterfactual_reasoning"": 0, ""creating"": 0, ""distinguishing"": 9, ""divergent_thinking"": 0, ""emotion_characterizing"": 0, ""emotion_facilitation"": 0, ""emotion_management"": 0, ""emotion_organizing"": 0, ""emotion_perception"": 0, ""emotion_receiving"": 0, ""emotion_responding"": 0, ""emotion_understanding"": 0, ""emotion_valuing"": 0, ""emotional_reappraisal"": 9, ""evaluating"": 0, ""hypothesis_generation"": 4, ""meta_awareness"": 0, ""metacognitive_monitoring"": 0, ""metacognitive_regulation"": 0, ""noticing"": 0, ""pattern_recognition"": 0, ""perspective_taking"": 0, ""questioning"": 2, ""reconsidering"": 0, ""reframing"": 1, ""remembering"": 0, ""response_modulation"": 0, ""self_questioning"": 0, ""situation_modification"": 1, ""situation_selection"": 0, ""suspending_judgment"": 0, ""understanding"": 0, ""updating_beliefs"": 0, ""zooming_in"": 0, ""zooming_out"": 0}","{""abstracting"": 0, ""accepting"": 0, ""analogical_thinking"": 0, ""analyzing"": 0, ""applying"": 0, ""attentional_deployment"": 0, ""cognition_awareness"": 0, ""concretizing"": 0, ""connecting"": 0, ""convergent_thinking"": 0, ""counterfactual_reasoning"": 0, ""creating"": 0, ""distinguishing"": 3, ""divergent_thinking"": 0, ""emotion_characterizing"": 0, ""emotion_facilitation"": 0, ""emotion_management"": 0, ""emotion_organizing"": 0, ""emotion_perception"": 1, ""emotion_receiving"": 0, ""emotion_responding"": 0, ""emotion_understanding"": 0, ""emotion_valuing"": 0, ""emotional_reappraisal"": 3, ""evaluating"": 0, ""hypothesis_generation"": 0, ""meta_awareness"": 0, ""metacognitive_monitoring"": 0, ""metacognitive_regulation"": 0, ""noticing"": 0, ""pattern_recognition"": 0, ""perspective_taking"": 0, ""questioning"": 3, ""reconsidering"": 0, ""reframing"": 0, ""remembering"": 0, ""response_modulation"": 0, ""self_questioning"": 0, ""situation_modification"": 1, ""situation_selection"": 0, ""suspending_judgment"": 0, ""understanding"": 0, ""updating_beliefs"": 0, ""zooming_in"": 0, ""zooming_out"": 0}","Juan believes the tomatoes are ripe and perfect. 

The story explicitly states his belief before the unfortunate event occurs. The discovery of the crushed tomatoes is a separate, and devastating, event that challenges his initial assessment.",False,"{""abstracting"": 0, ""accepting"": 0, ""analogical_thinking"": 0, ""analyzing"": 0, ""applying"": 0, ""attentional_deployment"": 0, ""cognition_awareness"": 0, ""concretizing"": 0, ""connecting"": 0, ""convergent_thinking"": 0, ""counterfactual_reasoning"": 0, ""creating"": 0, ""distinguishing"": 9, ""divergent_thinking"": 0, ""emotion_characterizing"": 0, ""emotion_facilitation"": 0, ""emotion_management"": 0, ""emotion_organizing"": 0, ""emotion_perception"": 0, ""emotion_receiving"": 0, ""emotion_responding"": 0, ""emotion_understanding"": 0, ""emotion_valuing"": 0, ""emotional_reappraisal"": 9, ""evaluating"": 0, ""hypothesis_generation"": 4, ""meta_awareness"": 0, ""metacognitive_monitoring"": 0, ""metacognitive_regulation"": 0, ""noticing"": 0, ""pattern_recognition"": 0, ""perspective_taking"": 0, ""questioning"": 2, ""reconsidering"": 0, ""reframing"": 1, ""remembering"": 0, ""response_modulation"": 0, ""self_questioning"": 0, ""situation_modification"": 1, ""situation_selection"": 0, ""suspending_judgment"": 0, ""understanding"": 0, ""updating_beliefs"": 0, ""zooming_in"": 0, ""zooming_out"": 0}","{""abstracting"": 0, ""accepting"": 0, ""analogical_thinking"": 0, ""analyzing"": 0, ""applying"": 0, ""attentional_deployment"": 0, ""cognition_awareness"": 0, ""concretizing"": 0, ""connecting"": 0, ""convergent_thinking"": 1, ""counterfactual_reasoning"": 0, ""creating"": 0, ""distinguishing"": 2, ""divergent_thinking"": 0, ""emotion_characterizing"": 0, ""emotion_facilitation"": 0, ""emotion_management"": 0, ""emotion_organizing"": 0, ""emotion_perception"": 0, ""emotion_receiving"": 0, ""emotion_responding"": 0, ""emotion_understanding"": 0, ""emotion_valuing"": 0, ""emotional_reappraisal"": 2, ""evaluating"": 0, ""hypothesis_generation"": 1, ""meta_awareness"": 0, ""metacognitive_monitoring"": 0, ""metacognitive_regulation"": 0, ""noticing"": 0, ""pattern_recognition"": 0, ""perspective_taking"": 0, ""questioning"": 2, ""reconsidering"": 0, ""reframing"": 0, ""remembering"": 0, ""response_modulation"": 0, ""self_questioning"": 0, ""situation_modification"": 0, ""situation_selection"": 0, ""suspending_judgment"": 0, ""understanding"": 1, ""updating_beliefs"": 0, ""zooming_in"": 0, ""zooming_out"": 0}","{""creating"": 0, ""attentional_deployment"": 0, ""self_questioning"": 0, ""emotion_facilitation"": 0, ""divergent_thinking"": 0, ""emotion_receiving"": 0, ""emotion_valuing"": 0, ""noticing"": 0, ""applying"": 0, ""emotion_understanding"": 0, ""meta_awareness"": 0, ""counterfactual_reasoning"": 0, ""abstracting"": 0, ""analyzing"": 0, ""questioning"": 0, ""situation_selection"": 0, ""understanding"": 0, ""cognition_awareness"": 0, ""perspective_taking"": 0, ""updating_beliefs"": 0, ""situation_modification"": 0, ""emotional_reappraisal"": 0, ""remembering"": 0, ""reconsidering"": 0, ""metacognitive_regulation"": 0, ""hypothesis_generation"": 0, ""suspending_judgment"": 0, ""accepting"": 0, ""concretizing"": 0, ""metacognitive_monitoring"": 0, ""evaluating"": 0, ""distinguishing"": 0, ""response_modulation"": 0, ""emotion_responding"": 0, ""emotion_perception"": 0, ""zooming_in"": 0, ""emotion_characterizing"": 0, ""emotion_management"": 0, ""connecting"": 0, ""reframing"": 0, ""emotion_organizing"": 0, ""convergent_thinking"": 0, ""analogical_thinking"": 0, ""pattern_recognition"": 0, ""zooming_out"": 0}","{""creating"": 0, ""attentional_deployment"": 0, ""self_questioning"": 0, ""emotion_facilitation"": 0, ""divergent_thinking"": 0, ""emotion_receiving"": 0, ""emotion_valuing"": 0, ""noticing"": 0, ""applying"": 0, ""emotion_understanding"": 0, ""meta_awareness"": 0, ""counterfactual_reasoning"": 0, ""abstracting"": 0, ""analyzing"": 0, ""questioning"": -1, ""situation_selection"": 0, ""understanding"": 1, ""cognition_awareness"": 0, ""perspective_taking"": 0, ""updating_beliefs"": 0, ""situation_modification"": -1, ""emotional_reappraisal"": -1, ""remembering"": 0, ""reconsidering"": 0, ""metacognitive_regulation"": 0, ""hypothesis_generation"": 1, ""suspending_judgment"": 0, ""accepting"": 0, ""concretizing"": 0, ""metacognitive_monitoring"": 0, ""evaluating"": 0, ""distinguishing"": -1, ""response_modulation"": 0, ""emotion_responding"": 0, ""emotion_perception"": -1, ""zooming_in"": 0, ""emotion_characterizing"": 0, ""emotion_management"": 0, ""connecting"": 0, ""reframing"": 0, ""emotion_organizing"": 0, ""convergent_thinking"": 1, ""analogical_thinking"": 0, ""pattern_recognition"": 0, ""zooming_out"": 0}",False
"Mei is a florist in a small town in Japan. She wants to create a beautiful bouquet using fresh flowers from her garden. Mei notices that her roses are in full bloom, with vibrant colors. She believes that the roses in her garden are in full bloom. Overnight, a sudden frost damages the roses, causing them to wilt and lose their vibrancy. Mei sees the wilted roses in her garden the next morning.",Does Mei believe the roses in her garden are in full bloom or wilted?,Mei believes the roses are wilted.,Mei believes the roses are in full bloom.,"Mei believes the roses in her garden are in full bloom. However, the story states that overnight, they wilted and lost their vibrancy. So, she *believes* one thing, but the reality is the opposite. 

Therefore, the answer is: **Mei believes the roses in her garden are in full bloom, but they are actually wilted.**",False,"{""abstracting"": 0, ""accepting"": 0, ""analogical_thinking"": 0, ""analyzing"": 0, ""applying"": 0, ""attentional_deployment"": 0, ""cognition_awareness"": 0, ""concretizing"": 0, ""connecting"": 0, ""convergent_thinking"": 0, ""counterfactual_reasoning"": 0, ""creating"": 0, ""distinguishing"": 6, ""divergent_thinking"": 0, ""emotion_characterizing"": 0, ""emotion_facilitation"": 0, ""emotion_management"": 0, ""emotion_organizing"": 0, ""emotion_perception"": 0, ""emotion_receiving"": 0, ""emotion_responding"": 0, ""emotion_understanding"": 0, ""emotion_valuing"": 0, ""emotional_reappraisal"": 8, ""evaluating"": 0, ""hypothesis_generation"": 4, ""meta_awareness"": 0, ""metacognitive_monitoring"": 0, ""metacognitive_regulation"": 0, ""noticing"": 0, ""pattern_recognition"": 0, ""perspective_taking"": 0, ""questioning"": 1, ""reconsidering"": 0, ""reframing"": 1, ""remembering"": 0, ""response_modulation"": 0, ""self_questioning"": 0, ""situation_modification"": 1, ""situation_selection"": 0, ""suspending_judgment"": 0, ""understanding"": 0, ""updating_beliefs"": 0, ""zooming_in"": 0, ""zooming_out"": 0}","{""abstracting"": 0, ""accepting"": 0, ""analogical_thinking"": 0, ""analyzing"": 0, ""applying"": 0, ""attentional_deployment"": 0, ""cognition_awareness"": 0, ""concretizing"": 0, ""connecting"": 0, ""convergent_thinking"": 3, ""counterfactual_reasoning"": 0, ""creating"": 0, ""distinguishing"": 6, ""divergent_thinking"": 0, ""emotion_characterizing"": 0, ""emotion_facilitation"": 0, ""emotion_management"": 0, ""emotion_organizing"": 0, ""emotion_perception"": 0, ""emotion_receiving"": 0, ""emotion_responding"": 0, ""emotion_understanding"": 0, ""emotion_valuing"": 0, ""emotional_reappraisal"": 5, ""evaluating"": 0, ""hypothesis_generation"": 0, ""meta_awareness"": 0, ""metacognitive_monitoring"": 0, ""metacognitive_regulation"": 0, ""noticing"": 0, ""pattern_recognition"": 0, ""perspective_taking"": 0, ""questioning"": 2, ""reconsidering"": 0, ""reframing"": 0, ""remembering"": 0, ""response_modulation"": 0, ""self_questioning"": 0, ""situation_modification"": 0, ""situation_selection"": 0, ""suspending_judgment"": 0, ""understanding"": 0, ""updating_beliefs"": 1, ""zooming_in"": 0, ""zooming_out"": 0}","Mei believes the roses in her garden are in full bloom. However, the story reveals that overnight, they have actually wilted and lost their vibrancy due to frost damage. 

So, the answer is: **Initially, Mei believes they are in full bloom, but upon discovering the damage, she realizes they are wilted.**",False,"{""abstracting"": 0, ""accepting"": 0, ""analogical_thinking"": 0, ""analyzing"": 0, ""applying"": 0, ""attentional_deployment"": 0, ""cognition_awareness"": 0, ""concretizing"": 0, ""connecting"": 0, ""convergent_thinking"": 0, ""counterfactual_reasoning"": 0, ""creating"": 0, ""distinguishing"": 6, ""divergent_thinking"": 0, ""emotion_characterizing"": 0, ""emotion_facilitation"": 0, ""emotion_management"": 0, ""emotion_organizing"": 0, ""emotion_perception"": 0, ""emotion_receiving"": 0, ""emotion_responding"": 0, ""emotion_understanding"": 0, ""emotion_valuing"": 0, ""emotional_reappraisal"": 8, ""evaluating"": 0, ""hypothesis_generation"": 5, ""meta_awareness"": 0, ""metacognitive_monitoring"": 0, ""metacognitive_regulation"": 0, ""noticing"": 0, ""pattern_recognition"": 0, ""perspective_taking"": 0, ""questioning"": 1, ""reconsidering"": 0, ""reframing"": 1, ""remembering"": 0, ""response_modulation"": 0, ""self_questioning"": 0, ""situation_modification"": 1, ""situation_selection"": 0, ""suspending_judgment"": 0, ""understanding"": 0, ""updating_beliefs"": 0, ""zooming_in"": 0, ""zooming_out"": 0}","{""abstracting"": 0, ""accepting"": 0, ""analogical_thinking"": 0, ""analyzing"": 0, ""applying"": 0, ""attentional_deployment"": 0, ""cognition_awareness"": 0, ""concretizing"": 0, ""connecting"": 0, ""convergent_thinking"": 3, ""counterfactual_reasoning"": 0, ""creating"": 0, ""distinguishing"": 7, ""divergent_thinking"": 0, ""emotion_characterizing"": 0, ""emotion_facilitation"": 0, ""emotion_management"": 0, ""emotion_organizing"": 0, ""emotion_perception"": 0, ""emotion_receiving"": 0, ""emotion_responding"": 0, ""emotion_understanding"": 0, ""emotion_valuing"": 0, ""emotional_reappraisal"": 8, ""evaluating"": 0, ""hypothesis_generation"": 0, ""meta_awareness"": 0, ""metacognitive_monitoring"": 0, ""metacognitive_regulation"": 0, ""noticing"": 0, ""pattern_recognition"": 0, ""perspective_taking"": 0, ""questioning"": 1, ""reconsidering"": 0, ""reframing"": 0, ""remembering"": 0, ""response_modulation"": 0, ""self_questioning"": 0, ""situation_modification"": 0, ""situation_selection"": 0, ""suspending_judgment"": 0, ""understanding"": 0, ""updating_beliefs"": 0, ""zooming_in"": 0, ""zooming_out"": 0}","{""creating"": 0, ""attentional_deployment"": 0, ""self_questioning"": 0, ""emotion_facilitation"": 0, ""divergent_thinking"": 0, ""emotion_receiving"": 0, ""emotion_valuing"": 0, ""noticing"": 0, ""applying"": 0, ""emotion_understanding"": 0, ""meta_awareness"": 0, ""counterfactual_reasoning"": 0, ""abstracting"": 0, ""analyzing"": 0, ""questioning"": 0, ""situation_selection"": 0, ""understanding"": 0, ""cognition_awareness"": 0, ""perspective_taking"": 0, ""updating_beliefs"": 0, ""situation_modification"": 0, ""emotional_reappraisal"": 0, ""remembering"": 0, ""reconsidering"": 0, ""metacognitive_regulation"": 0, ""hypothesis_generation"": 1, ""suspending_judgment"": 0, ""accepting"": 0, ""concretizing"": 0, ""metacognitive_monitoring"": 0, ""evaluating"": 0, ""distinguishing"": 0, ""response_modulation"": 0, ""emotion_responding"": 0, ""emotion_perception"": 0, ""zooming_in"": 0, ""emotion_characterizing"": 0, ""emotion_management"": 0, ""connecting"": 0, ""reframing"": 0, ""emotion_organizing"": 0, ""convergent_thinking"": 0, ""analogical_thinking"": 0, ""pattern_recognition"": 0, ""zooming_out"": 0}","{""creating"": 0, ""attentional_deployment"": 0, ""self_questioning"": 0, ""emotion_facilitation"": 0, ""divergent_thinking"": 0, ""emotion_receiving"": 0, ""emotion_valuing"": 0, ""noticing"": 0, ""applying"": 0, ""emotion_understanding"": 0, ""meta_awareness"": 0, ""counterfactual_reasoning"": 0, ""abstracting"": 0, ""analyzing"": 0, ""questioning"": -1, ""situation_selection"": 0, ""understanding"": 0, ""cognition_awareness"": 0, ""perspective_taking"": 0, ""updating_beliefs"": -1, ""situation_modification"": 0, ""emotional_reappraisal"": 3, ""remembering"": 0, ""reconsidering"": 0, ""metacognitive_regulation"": 0, ""hypothesis_generation"": 0, ""suspending_judgment"": 0, ""accepting"": 0, ""concretizing"": 0, ""metacognitive_monitoring"": 0, ""evaluating"": 0, ""distinguishing"": 1, ""response_modulation"": 0, ""emotion_responding"": 0, ""emotion_perception"": 0, ""zooming_in"": 0, ""emotion_characterizing"": 0, ""emotion_management"": 0, ""connecting"": 0, ""reframing"": 0, ""emotion_organizing"": 0, ""convergent_thinking"": 0, ""analogical_thinking"": 0, ""pattern_recognition"": 0, ""zooming_out"": 0}",False
"Mei is a talented cook who decides to participate in a local cooking competition. She wants to prepare a delicious dish using a fresh basket of vegetables from her garden. Mei sees that the vegetables are freshly picked and vibrant. She believes that the vegetables are of the best quality and fresh. Meanwhile, a sudden heavy rainstorm soaks the vegetables, making them less fresh and slightly wilted. Mei notices the rainstorm and the wet vegetables.",Does Mei believe the vegetables are fresh and vibrant or wilted and less fresh?,Mei believes the vegetables are wilted and less fresh.,Mei believes the vegetables are fresh and vibrant.,"Wilted and less fresh. 

The story explicitly states that the rainstorm made the vegetables “less fresh and slightly wilted.” Despite her initial belief in their quality, the event changed their condition.",True,"{""abstracting"": 0, ""accepting"": 0, ""analogical_thinking"": 0, ""analyzing"": 0, ""applying"": 0, ""attentional_deployment"": 0, ""cognition_awareness"": 0, ""concretizing"": 0, ""connecting"": 0, ""convergent_thinking"": 0, ""counterfactual_reasoning"": 0, ""creating"": 0, ""distinguishing"": 8, ""divergent_thinking"": 0, ""emotion_characterizing"": 0, ""emotion_facilitation"": 0, ""emotion_management"": 0, ""emotion_organizing"": 1, ""emotion_perception"": 1, ""emotion_receiving"": 0, ""emotion_responding"": 0, ""emotion_understanding"": 0, ""emotion_valuing"": 0, ""emotional_reappraisal"": 9, ""evaluating"": 0, ""hypothesis_generation"": 4, ""meta_awareness"": 0, ""metacognitive_monitoring"": 0, ""metacognitive_regulation"": 0, ""noticing"": 0, ""pattern_recognition"": 0, ""perspective_taking"": 0, ""questioning"": 1, ""reconsidering"": 0, ""reframing"": 1, ""remembering"": 0, ""response_modulation"": 0, ""self_questioning"": 0, ""situation_modification"": 1, ""situation_selection"": 0, ""suspending_judgment"": 0, ""understanding"": 0, ""updating_beliefs"": 0, ""zooming_in"": 0, ""zooming_out"": 0}","{""abstracting"": 0, ""accepting"": 0, ""analogical_thinking"": 0, ""analyzing"": 0, ""applying"": 0, ""attentional_deployment"": 0, ""cognition_awareness"": 0, ""concretizing"": 0, ""connecting"": 0, ""convergent_thinking"": 0, ""counterfactual_reasoning"": 0, ""creating"": 0, ""distinguishing"": 4, ""divergent_thinking"": 0, ""emotion_characterizing"": 0, ""emotion_facilitation"": 0, ""emotion_management"": 0, ""emotion_organizing"": 0, ""emotion_perception"": 0, ""emotion_receiving"": 0, ""emotion_responding"": 0, ""emotion_understanding"": 0, ""emotion_valuing"": 0, ""emotional_reappraisal"": 2, ""evaluating"": 0, ""hypothesis_generation"": 0, ""meta_awareness"": 0, ""metacognitive_monitoring"": 0, ""metacognitive_regulation"": 0, ""noticing"": 0, ""pattern_recognition"": 0, ""perspective_taking"": 0, ""questioning"": 1, ""reconsidering"": 0, ""reframing"": 0, ""remembering"": 0, ""response_modulation"": 0, ""self_questioning"": 0, ""situation_modification"": 0, ""situation_selection"": 0, ""suspending_judgment"": 0, ""understanding"": 0, ""updating_beliefs"": 1, ""zooming_in"": 0, ""zooming_out"": 0}","Wilted and less fresh.

The story explicitly states that the rainstorm ""soaked the vegetables, making them less fresh and slightly wilted."" Despite her initial belief in their quality, the event changes her perception.",True,"{""abstracting"": 0, ""accepting"": 0, ""analogical_thinking"": 0, ""analyzing"": 0, ""applying"": 0, ""attentional_deployment"": 0, ""cognition_awareness"": 0, ""concretizing"": 0, ""connecting"": 0, ""convergent_thinking"": 0, ""counterfactual_reasoning"": 0, ""creating"": 0, ""distinguishing"": 8, ""divergent_thinking"": 0, ""emotion_characterizing"": 0, ""emotion_facilitation"": 0, ""emotion_management"": 0, ""emotion_organizing"": 1, ""emotion_perception"": 1, ""emotion_receiving"": 0, ""emotion_responding"": 0, ""emotion_understanding"": 0, ""emotion_valuing"": 0, ""emotional_reappraisal"": 9, ""evaluating"": 0, ""hypothesis_generation"": 4, ""meta_awareness"": 0, ""metacognitive_monitoring"": 0, ""metacognitive_regulation"": 0, ""noticing"": 0, ""pattern_recognition"": 0, ""perspective_taking"": 0, ""questioning"": 1, ""reconsidering"": 0, ""reframing"": 1, ""remembering"": 0, ""response_modulation"": 0, ""self_questioning"": 0, ""situation_modification"": 1, ""situation_selection"": 0, ""suspending_judgment"": 0, ""understanding"": 0, ""updating_beliefs"": 0, ""zooming_in"": 0, ""zooming_out"": 0}","{""abstracting"": 0, ""accepting"": 0, ""analogical_thinking"": 0, ""analyzing"": 0, ""applying"": 0, ""attentional_deployment"": 0, ""cognition_awareness"": 0, ""concretizing"": 0, ""connecting"": 0, ""convergent_thinking"": 0, ""counterfactual_reasoning"": 0, ""creating"": 0, ""distinguishing"": 4, ""divergent_thinking"": 0, ""emotion_characterizing"": 0, ""emotion_facilitation"": 0, ""emotion_management"": 0, ""emotion_organizing"": 0, ""emotion_perception"": 0, ""emotion_receiving"": 0, ""emotion_responding"": 0, ""emotion_understanding"": 0, ""emotion_valuing"": 0, ""emotional_reappraisal"": 2, ""evaluating"": 0, ""hypothesis_generation"": 0, ""meta_awareness"": 0, ""metacognitive_monitoring"": 0, ""metacognitive_regulation"": 0, ""noticing"": 0, ""pattern_recognition"": 0, ""perspective_taking"": 0, ""questioning"": 1, ""reconsidering"": 0, ""reframing"": 0, ""remembering"": 0, ""response_modulation"": 0, ""self_questioning"": 0, ""situation_modification"": 0, ""situation_selection"": 0, ""suspending_judgment"": 0, ""understanding"": 1, ""updating_beliefs"": 1, ""zooming_in"": 0, ""zooming_out"": 0}","{""creating"": 0, ""attentional_deployment"": 0, ""self_questioning"": 0, ""emotion_facilitation"": 0, ""divergent_thinking"": 0, ""emotion_receiving"": 0, ""emotion_valuing"": 0, ""noticing"": 0, ""applying"": 0, ""emotion_understanding"": 0, ""meta_awareness"": 0, ""counterfactual_reasoning"": 0, ""abstracting"": 0, ""analyzing"": 0, ""questioning"": 0, ""situation_selection"": 0, ""understanding"": 0, ""cognition_awareness"": 0, ""perspective_taking"": 0, ""updating_beliefs"": 0, ""situation_modification"": 0, ""emotional_reappraisal"": 0, ""remembering"": 0, ""reconsidering"": 0, ""metacognitive_regulation"": 0, ""hypothesis_generation"": 0, ""suspending_judgment"": 0, ""accepting"": 0, ""concretizing"": 0, ""metacognitive_monitoring"": 0, ""evaluating"": 0, ""distinguishing"": 0, ""response_modulation"": 0, ""emotion_responding"": 0, ""emotion_perception"": 0, ""zooming_in"": 0, ""emotion_characterizing"": 0, ""emotion_management"": 0, ""connecting"": 0, ""reframing"": 0, ""emotion_organizing"": 0, ""convergent_thinking"": 0, ""analogical_thinking"": 0, ""pattern_recognition"": 0, ""zooming_out"": 0}","{""creating"": 0, ""attentional_deployment"": 0, ""self_questioning"": 0, ""emotion_facilitation"": 0, ""divergent_thinking"": 0, ""emotion_receiving"": 0, ""emotion_valuing"": 0, ""noticing"": 0, ""applying"": 0, ""emotion_understanding"": 0, ""meta_awareness"": 0, ""counterfactual_reasoning"": 0, ""abstracting"": 0, ""analyzing"": 0, ""questioning"": 0, ""situation_selection"": 0, ""understanding"": 1, ""cognition_awareness"": 0, ""perspective_taking"": 0, ""updating_beliefs"": 0, ""situation_modification"": 0, ""emotional_reappraisal"": 0, ""remembering"": 0, ""reconsidering"": 0, ""metacognitive_regulation"": 0, ""hypothesis_generation"": 0, ""suspending_judgment"": 0, ""accepting"": 0, ""concretizing"": 0, ""metacognitive_monitoring"": 0, ""evaluating"": 0, ""distinguishing"": 0, ""response_modulation"": 0, ""emotion_responding"": 0, ""emotion_perception"": 0, ""zooming_in"": 0, ""emotion_characterizing"": 0, ""emotion_management"": 0, ""connecting"": 0, ""reframing"": 0, ""emotion_organizing"": 0, ""convergent_thinking"": 0, ""analogical_thinking"": 0, ""pattern_recognition"": 0, ""zooming_out"": 0}",False
"Cheng is a teacher in a rural Chinese village. Cheng wants to use a projector to show a documentary about Chinese history to his students. The projector is plugged in and turned on, as Cheng has prepared it beforehand. Cheng believes that the projector is ready to use. As the wind blows outside, the power goes out, causing the projector to turn off. Cheng notices the power outage.",Does Cheng believe the projector is ready to use or turned off?,Cheng believes the projector is turned off.,Cheng believes the projector is ready to use.,Cheng believes the projector is ready to use. The story states he “believes that the projector is ready to use” before the power goes out.,False,"{""abstracting"": 0, ""accepting"": 0, ""analogical_thinking"": 0, ""analyzing"": 0, ""applying"": 0, ""attentional_deployment"": 0, ""cognition_awareness"": 0, ""concretizing"": 0, ""connecting"": 0, ""convergent_thinking"": 0, ""counterfactual_reasoning"": 0, ""creating"": 0, ""distinguishing"": 7, ""divergent_thinking"": 0, ""emotion_characterizing"": 0, ""emotion_facilitation"": 0, ""emotion_management"": 0, ""emotion_organizing"": 0, ""emotion_perception"": 0, ""emotion_receiving"": 0, ""emotion_responding"": 0, ""emotion_understanding"": 0, ""emotion_valuing"": 0, ""emotional_reappraisal"": 9, ""evaluating"": 0, ""hypothesis_generation"": 3, ""meta_awareness"": 0, ""metacognitive_monitoring"": 0, ""metacognitive_regulation"": 0, ""noticing"": 0, ""pattern_recognition"": 0, ""perspective_taking"": 0, ""questioning"": 3, ""reconsidering"": 0, ""reframing"": 0, ""remembering"": 0, ""response_modulation"": 0, ""self_questioning"": 0, ""situation_modification"": 0, ""situation_selection"": 0, ""suspending_judgment"": 0, ""understanding"": 0, ""updating_beliefs"": 0, ""zooming_in"": 0, ""zooming_out"": 0}","{""abstracting"": 0, ""accepting"": 0, ""analogical_thinking"": 0, ""analyzing"": 0, ""applying"": 0, ""attentional_deployment"": 0, ""cognition_awareness"": 0, ""concretizing"": 0, ""connecting"": 0, ""convergent_thinking"": 1, ""counterfactual_reasoning"": 1, ""creating"": 0, ""distinguishing"": 3, ""divergent_thinking"": 0, ""emotion_characterizing"": 0, ""emotion_facilitation"": 0, ""emotion_management"": 0, ""emotion_organizing"": 0, ""emotion_perception"": 2, ""emotion_receiving"": 0, ""emotion_responding"": 0, ""emotion_understanding"": 0, ""emotion_valuing"": 0, ""emotional_reappraisal"": 3, ""evaluating"": 0, ""hypothesis_generation"": 1, ""meta_awareness"": 0, ""metacognitive_monitoring"": 0, ""metacognitive_regulation"": 0, ""noticing"": 0, ""pattern_recognition"": 0, ""perspective_taking"": 0, ""questioning"": 1, ""reconsidering"": 0, ""reframing"": 0, ""remembering"": 0, ""response_modulation"": 0, ""self_questioning"": 0, ""situation_modification"": 0, ""situation_selection"": 0, ""suspending_judgment"": 0, ""understanding"": 2, ""updating_beliefs"": 0, ""zooming_in"": 0, ""zooming_out"": 0}","Cheng believes the projector is ready to use. The story states he “believes that the projector is plugged in and turned on, as he has prepared it beforehand.” The subsequent power outage reveals his belief was premature.",False,"{""abstracting"": 0, ""accepting"": 0, ""analogical_thinking"": 0, ""analyzing"": 0, ""applying"": 0, ""attentional_deployment"": 0, ""cognition_awareness"": 0, ""concretizing"": 0, ""connecting"": 0, ""convergent_thinking"": 0, ""counterfactual_reasoning"": 0, ""creating"": 0, ""distinguishing"": 7, ""divergent_thinking"": 0, ""emotion_characterizing"": 0, ""emotion_facilitation"": 0, ""emotion_management"": 0, ""emotion_organizing"": 0, ""emotion_perception"": 1, ""emotion_receiving"": 0, ""emotion_responding"": 0, ""emotion_understanding"": 0, ""emotion_valuing"": 0, ""emotional_reappraisal"": 9, ""evaluating"": 0, ""hypothesis_generation"": 3, ""meta_awareness"": 0, ""metacognitive_monitoring"": 0, ""metacognitive_regulation"": 0, ""noticing"": 0, ""pattern_recognition"": 0, ""perspective_taking"": 0, ""questioning"": 3, ""reconsidering"": 0, ""reframing"": 0, ""remembering"": 0, ""response_modulation"": 0, ""self_questioning"": 0, ""situation_modification"": 0, ""situation_selection"": 0, ""suspending_judgment"": 0, ""understanding"": 0, ""updating_beliefs"": 0, ""zooming_in"": 0, ""zooming_out"": 0}","{""abstracting"": 0, ""accepting"": 0, ""analogical_thinking"": 0, ""analyzing"": 0, ""applying"": 0, ""attentional_deployment"": 0, ""cognition_awareness"": 0, ""concretizing"": 0, ""connecting"": 0, ""convergent_thinking"": 0, ""counterfactual_reasoning"": 1, ""creating"": 0, ""distinguishing"": 6, ""divergent_thinking"": 0, ""emotion_characterizing"": 0, ""emotion_facilitation"": 0, ""emotion_management"": 0, ""emotion_organizing"": 0, ""emotion_perception"": 0, ""emotion_receiving"": 0, ""emotion_responding"": 0, ""emotion_understanding"": 0, ""emotion_valuing"": 0, ""emotional_reappraisal"": 3, ""evaluating"": 0, ""hypothesis_generation"": 1, ""meta_awareness"": 0, ""metacognitive_monitoring"": 0, ""metacognitive_regulation"": 0, ""noticing"": 0, ""pattern_recognition"": 0, ""perspective_taking"": 0, ""questioning"": 1, ""reconsidering"": 0, ""reframing"": 0, ""remembering"": 0, ""response_modulation"": 0, ""self_questioning"": 0, ""situation_modification"": 1, ""situation_selection"": 0, ""suspending_judgment"": 0, ""understanding"": 2, ""updating_beliefs"": 0, ""zooming_in"": 0, ""zooming_out"": 0}","{""creating"": 0, ""attentional_deployment"": 0, ""self_questioning"": 0, ""emotion_facilitation"": 0, ""divergent_thinking"": 0, ""emotion_receiving"": 0, ""emotion_valuing"": 0, ""noticing"": 0, ""applying"": 0, ""emotion_understanding"": 0, ""meta_awareness"": 0, ""counterfactual_reasoning"": 0, ""abstracting"": 0, ""analyzing"": 0, ""questioning"": 0, ""situation_selection"": 0, ""understanding"": 0, ""cognition_awareness"": 0, ""perspective_taking"": 0, ""updating_beliefs"": 0, ""situation_modification"": 0, ""emotional_reappraisal"": 0, ""remembering"": 0, ""reconsidering"": 0, ""metacognitive_regulation"": 0, ""hypothesis_generation"": 0, ""suspending_judgment"": 0, ""accepting"": 0, ""concretizing"": 0, ""metacognitive_monitoring"": 0, ""evaluating"": 0, ""distinguishing"": 0, ""response_modulation"": 0, ""emotion_responding"": 0, ""emotion_perception"": 1, ""zooming_in"": 0, ""emotion_characterizing"": 0, ""emotion_management"": 0, ""connecting"": 0, ""reframing"": 0, ""emotion_organizing"": 0, ""convergent_thinking"": 0, ""analogical_thinking"": 0, ""pattern_recognition"": 0, ""zooming_out"": 0}","{""creating"": 0, ""attentional_deployment"": 0, ""self_questioning"": 0, ""emotion_facilitation"": 0, ""divergent_thinking"": 0, ""emotion_receiving"": 0, ""emotion_valuing"": 0, ""noticing"": 0, ""applying"": 0, ""emotion_understanding"": 0, ""meta_awareness"": 0, ""counterfactual_reasoning"": 0, ""abstracting"": 0, ""analyzing"": 0, ""questioning"": 0, ""situation_selection"": 0, ""understanding"": 0, ""cognition_awareness"": 0, ""perspective_taking"": 0, ""updating_beliefs"": 0, ""situation_modification"": 1, ""emotional_reappraisal"": 0, ""remembering"": 0, ""reconsidering"": 0, ""metacognitive_regulation"": 0, ""hypothesis_generation"": 0, ""suspending_judgment"": 0, ""accepting"": 0, ""concretizing"": 0, ""metacognitive_monitoring"": 0, ""evaluating"": 0, ""distinguishing"": 3, ""response_modulation"": 0, ""emotion_responding"": 0, ""emotion_perception"": -2, ""zooming_in"": 0, ""emotion_characterizing"": 0, ""emotion_management"": 0, ""connecting"": 0, ""reframing"": 0, ""emotion_organizing"": 0, ""convergent_thinking"": -1, ""analogical_thinking"": 0, ""pattern_recognition"": 0, ""zooming_out"": 0}",False
"Isabela is a baker in a small Argentinian town known for its delicious pastries. Isabela wants to make a batch of alfajores, a traditional Argentinian dessert, for her bakery's customers. Isabela gets a bag of powdered sugar from her pantry to dust the alfajores. Isabela believes the bag she took from the pantry is filled with powdered sugar. Her assistant, who was organizing the pantry earlier, accidentally placed a bag of flour in the powdered sugar's spot, and Isabela unknowingly grabs the bag of flour instead. Isabela notices the flour and puts it back.",Does Isabela believe the bag she took from the pantry contains powdered sugar or flour?,Isabela believes the bag she took from the pantry contains flour.,Isabela believes the bag she took from the pantry contains powdered sugar.,"Isabela believes the bag she took from the pantry contains powdered sugar. 

The story explicitly states she “believes the bag she took from the pantry is filled with powdered sugar.” Even though it was actually flour, her belief remains unchanged until she notices it.",False,"{""abstracting"": 0, ""accepting"": 0, ""analogical_thinking"": 0, ""analyzing"": 0, ""applying"": 0, ""attentional_deployment"": 0, ""cognition_awareness"": 0, ""concretizing"": 0, ""connecting"": 0, ""convergent_thinking"": 0, ""counterfactual_reasoning"": 0, ""creating"": 0, ""distinguishing"": 6, ""divergent_thinking"": 0, ""emotion_characterizing"": 0, ""emotion_facilitation"": 0, ""emotion_management"": 0, ""emotion_organizing"": 0, ""emotion_perception"": 0, ""emotion_receiving"": 0, ""emotion_responding"": 0, ""emotion_understanding"": 0, ""emotion_valuing"": 0, ""emotional_reappraisal"": 7, ""evaluating"": 0, ""hypothesis_generation"": 5, ""meta_awareness"": 0, ""metacognitive_monitoring"": 0, ""metacognitive_regulation"": 0, ""noticing"": 0, ""pattern_recognition"": 0, ""perspective_taking"": 0, ""questioning"": 1, ""reconsidering"": 0, ""reframing"": 0, ""remembering"": 0, ""response_modulation"": 0, ""self_questioning"": 0, ""situation_modification"": 1, ""situation_selection"": 0, ""suspending_judgment"": 0, ""understanding"": 0, ""updating_beliefs"": 0, ""zooming_in"": 0, ""zooming_out"": 0}","{""abstracting"": 0, ""accepting"": 0, ""analogical_thinking"": 0, ""analyzing"": 0, ""applying"": 0, ""attentional_deployment"": 0, ""cognition_awareness"": 0, ""concretizing"": 0, ""connecting"": 0, ""convergent_thinking"": 0, ""counterfactual_reasoning"": 1, ""creating"": 0, ""distinguishing"": 2, ""divergent_thinking"": 0, ""emotion_characterizing"": 0, ""emotion_facilitation"": 0, ""emotion_management"": 0, ""emotion_organizing"": 0, ""emotion_perception"": 0, ""emotion_receiving"": 0, ""emotion_responding"": 0, ""emotion_understanding"": 0, ""emotion_valuing"": 0, ""emotional_reappraisal"": 2, ""evaluating"": 0, ""hypothesis_generation"": 0, ""meta_awareness"": 0, ""metacognitive_monitoring"": 0, ""metacognitive_regulation"": 0, ""noticing"": 0, ""pattern_recognition"": 0, ""perspective_taking"": 0, ""questioning"": 1, ""reconsidering"": 0, ""reframing"": 0, ""remembering"": 0, ""response_modulation"": 0, ""self_questioning"": 0, ""situation_modification"": 2, ""situation_selection"": 0, ""suspending_judgment"": 0, ""understanding"": 1, ""updating_beliefs"": 0, ""zooming_in"": 0, ""zooming_out"": 0}",Isabela believes the bag she took from the pantry contains powdered sugar. The story explicitly states this is her initial belief.,False,"{""abstracting"": 0, ""accepting"": 0, ""analogical_thinking"": 0, ""analyzing"": 0, ""applying"": 0, ""attentional_deployment"": 0, ""cognition_awareness"": 0, ""concretizing"": 0, ""connecting"": 0, ""convergent_thinking"": 0, ""counterfactual_reasoning"": 0, ""creating"": 0, ""distinguishing"": 7, ""divergent_thinking"": 0, ""emotion_characterizing"": 0, ""emotion_facilitation"": 0, ""emotion_management"": 0, ""emotion_organizing"": 0, ""emotion_perception"": 0, ""emotion_receiving"": 0, ""emotion_responding"": 0, ""emotion_understanding"": 0, ""emotion_valuing"": 0, ""emotional_reappraisal"": 7, ""evaluating"": 0, ""hypothesis_generation"": 5, ""meta_awareness"": 0, ""metacognitive_monitoring"": 0, ""metacognitive_regulation"": 0, ""noticing"": 0, ""pattern_recognition"": 0, ""perspective_taking"": 0, ""questioning"": 1, ""reconsidering"": 0, ""reframing"": 0, ""remembering"": 0, ""response_modulation"": 0, ""self_questioning"": 0, ""situation_modification"": 1, ""situation_selection"": 0, ""suspending_judgment"": 0, ""understanding"": 0, ""updating_beliefs"": 0, ""zooming_in"": 0, ""zooming_out"": 0}","{""abstracting"": 0, ""accepting"": 0, ""analogical_thinking"": 0, ""analyzing"": 0, ""applying"": 0, ""attentional_deployment"": 0, ""cognition_awareness"": 0, ""concretizing"": 0, ""connecting"": 0, ""convergent_thinking"": 1, ""counterfactual_reasoning"": 0, ""creating"": 0, ""distinguishing"": 6, ""divergent_thinking"": 0, ""emotion_characterizing"": 0, ""emotion_facilitation"": 0, ""emotion_management"": 0, ""emotion_organizing"": 0, ""emotion_perception"": 0, ""emotion_receiving"": 0, ""emotion_responding"": 0, ""emotion_understanding"": 0, ""emotion_valuing"": 0, ""emotional_reappraisal"": 6, ""evaluating"": 0, ""hypothesis_generation"": 1, ""meta_awareness"": 0, ""metacognitive_monitoring"": 0, ""metacognitive_regulation"": 0, ""noticing"": 0, ""pattern_recognition"": 0, ""perspective_taking"": 0, ""questioning"": 1, ""reconsidering"": 0, ""reframing"": 0, ""remembering"": 0, ""response_modulation"": 0, ""self_questioning"": 0, ""situation_modification"": 0, ""situation_selection"": 0, ""suspending_judgment"": 0, ""understanding"": 2, ""updating_beliefs"": 1, ""zooming_in"": 0, ""zooming_out"": 0}","{""creating"": 0, ""attentional_deployment"": 0, ""self_questioning"": 0, ""emotion_facilitation"": 0, ""divergent_thinking"": 0, ""emotion_receiving"": 0, ""emotion_valuing"": 0, ""noticing"": 0, ""applying"": 0, ""emotion_understanding"": 0, ""meta_awareness"": 0, ""counterfactual_reasoning"": 0, ""abstracting"": 0, ""analyzing"": 0, ""questioning"": 0, ""situation_selection"": 0, ""understanding"": 0, ""cognition_awareness"": 0, ""perspective_taking"": 0, ""updating_beliefs"": 0, ""situation_modification"": 0, ""emotional_reappraisal"": 0, ""remembering"": 0, ""reconsidering"": 0, ""metacognitive_regulation"": 0, ""hypothesis_generation"": 0, ""suspending_judgment"": 0, ""accepting"": 0, ""concretizing"": 0, ""metacognitive_monitoring"": 0, ""evaluating"": 0, ""distinguishing"": 1, ""response_modulation"": 0, ""emotion_responding"": 0, ""emotion_perception"": 0, ""zooming_in"": 0, ""emotion_characterizing"": 0, ""emotion_management"": 0, ""connecting"": 0, ""reframing"": 0, ""emotion_organizing"": 0, ""convergent_thinking"": 0, ""analogical_thinking"": 0, ""pattern_recognition"": 0, ""zooming_out"": 0}","{""creating"": 0, ""attentional_deployment"": 0, ""self_questioning"": 0, ""emotion_facilitation"": 0, ""divergent_thinking"": 0, ""emotion_receiving"": 0, ""emotion_valuing"": 0, ""noticing"": 0, ""applying"": 0, ""emotion_understanding"": 0, ""meta_awareness"": 0, ""counterfactual_reasoning"": -1, ""abstracting"": 0, ""analyzing"": 0, ""questioning"": 0, ""situation_selection"": 0, ""understanding"": 1, ""cognition_awareness"": 0, ""perspective_taking"": 0, ""updating_beliefs"": 1, ""situation_modification"": -2, ""emotional_reappraisal"": 4, ""remembering"": 0, ""reconsidering"": 0, ""metacognitive_regulation"": 0, ""hypothesis_generation"": 1, ""suspending_judgment"": 0, ""accepting"": 0, ""concretizing"": 0, ""metacognitive_monitoring"": 0, ""evaluating"": 0, ""distinguishing"": 4, ""response_modulation"": 0, ""emotion_responding"": 0, ""emotion_perception"": 0, ""zooming_in"": 0, ""emotion_characterizing"": 0, ""emotion_management"": 0, ""connecting"": 0, ""reframing"": 0, ""emotion_organizing"": 0, ""convergent_thinking"": 1, ""analogical_thinking"": 0, ""pattern_recognition"": 0, ""zooming_out"": 0}",False
"Emeka is a farmer in a small village in Nigeria. Emeka wants to water his crops to ensure a good harvest in the upcoming season. Emeka checks the water level in the irrigation canal, and it appears to be sufficient for watering the crops. Emeka believes that the water level in the irrigation canal is sufficient. Overnight, a heavy rainfall causes flooding in the area, and the water level in the irrigation canal rises significantly, becoming too high for safe irrigation. Emeka notices the flooding and the increased water level in the irrigation canal.",Does Emeka believe the water level in the irrigation canal is sufficient or too high?,Emeka believes the water level in the irrigation canal is too high.,Emeka believes the water level in the irrigation canal is sufficient.,"Too high.

The story states that Emeka *notices the flooding and the increased water level* after the rainfall. This indicates he now recognizes the water level is no longer sufficient for safe irrigation.",True,"{""abstracting"": 0, ""accepting"": 0, ""analogical_thinking"": 0, ""analyzing"": 0, ""applying"": 0, ""attentional_deployment"": 0, ""cognition_awareness"": 0, ""concretizing"": 0, ""connecting"": 0, ""convergent_thinking"": 0, ""counterfactual_reasoning"": 0, ""creating"": 0, ""distinguishing"": 8, ""divergent_thinking"": 0, ""emotion_characterizing"": 0, ""emotion_facilitation"": 0, ""emotion_management"": 0, ""emotion_organizing"": 0, ""emotion_perception"": 0, ""emotion_receiving"": 0, ""emotion_responding"": 1, ""emotion_understanding"": 0, ""emotion_valuing"": 0, ""emotional_reappraisal"": 9, ""evaluating"": 0, ""hypothesis_generation"": 4, ""meta_awareness"": 0, ""metacognitive_monitoring"": 0, ""metacognitive_regulation"": 0, ""noticing"": 0, ""pattern_recognition"": 0, ""perspective_taking"": 0, ""questioning"": 3, ""reconsidering"": 0, ""reframing"": 1, ""remembering"": 0, ""response_modulation"": 0, ""self_questioning"": 0, ""situation_modification"": 0, ""situation_selection"": 0, ""suspending_judgment"": 0, ""understanding"": 0, ""updating_beliefs"": 1, ""zooming_in"": 0, ""zooming_out"": 0}","{""abstracting"": 0, ""accepting"": 0, ""analogical_thinking"": 0, ""analyzing"": 0, ""applying"": 0, ""attentional_deployment"": 0, ""cognition_awareness"": 0, ""concretizing"": 0, ""connecting"": 0, ""convergent_thinking"": 0, ""counterfactual_reasoning"": 0, ""creating"": 0, ""distinguishing"": 6, ""divergent_thinking"": 0, ""emotion_characterizing"": 0, ""emotion_facilitation"": 0, ""emotion_management"": 0, ""emotion_organizing"": 0, ""emotion_perception"": 1, ""emotion_receiving"": 0, ""emotion_responding"": 0, ""emotion_understanding"": 0, ""emotion_valuing"": 0, ""emotional_reappraisal"": 4, ""evaluating"": 0, ""hypothesis_generation"": 0, ""meta_awareness"": 0, ""metacognitive_monitoring"": 0, ""metacognitive_regulation"": 0, ""noticing"": 0, ""pattern_recognition"": 0, ""perspective_taking"": 0, ""questioning"": 3, ""reconsidering"": 0, ""reframing"": 0, ""remembering"": 0, ""response_modulation"": 0, ""self_questioning"": 0, ""situation_modification"": 0, ""situation_selection"": 0, ""suspending_judgment"": 0, ""understanding"": 3, ""updating_beliefs"": 1, ""zooming_in"": 0, ""zooming_out"": 0}","Emeka initially believed the water level was sufficient, but after the flooding, he now believes it is **too high**.",False,"{""abstracting"": 0, ""accepting"": 0, ""analogical_thinking"": 0, ""analyzing"": 0, ""applying"": 0, ""attentional_deployment"": 0, ""cognition_awareness"": 0, ""concretizing"": 0, ""connecting"": 0, ""convergent_thinking"": 0, ""counterfactual_reasoning"": 0, ""creating"": 0, ""distinguishing"": 8, ""divergent_thinking"": 0, ""emotion_characterizing"": 0, ""emotion_facilitation"": 0, ""emotion_management"": 0, ""emotion_organizing"": 0, ""emotion_perception"": 0, ""emotion_receiving"": 0, ""emotion_responding"": 1, ""emotion_understanding"": 0, ""emotion_valuing"": 0, ""emotional_reappraisal"": 9, ""evaluating"": 0, ""hypothesis_generation"": 4, ""meta_awareness"": 0, ""metacognitive_monitoring"": 0, ""metacognitive_regulation"": 0, ""noticing"": 0, ""pattern_recognition"": 0, ""perspective_taking"": 0, ""questioning"": 3, ""reconsidering"": 0, ""reframing"": 1, ""remembering"": 0, ""response_modulation"": 0, ""self_questioning"": 0, ""situation_modification"": 0, ""situation_selection"": 0, ""suspending_judgment"": 0, ""understanding"": 0, ""updating_beliefs"": 1, ""zooming_in"": 0, ""zooming_out"": 0}","{""abstracting"": 0, ""accepting"": 0, ""analogical_thinking"": 0, ""analyzing"": 0, ""applying"": 0, ""attentional_deployment"": 0, ""cognition_awareness"": 0, ""concretizing"": 0, ""connecting"": 0, ""convergent_thinking"": 0, ""counterfactual_reasoning"": 0, ""creating"": 0, ""distinguishing"": 9, ""divergent_thinking"": 0, ""emotion_characterizing"": 0, ""emotion_facilitation"": 0, ""emotion_management"": 0, ""emotion_organizing"": 0, ""emotion_perception"": 0, ""emotion_receiving"": 0, ""emotion_responding"": 0, ""emotion_understanding"": 0, ""emotion_valuing"": 0, ""emotional_reappraisal"": 7, ""evaluating"": 0, ""hypothesis_generation"": 0, ""meta_awareness"": 0, ""metacognitive_monitoring"": 0, ""metacognitive_regulation"": 0, ""noticing"": 0, ""pattern_recognition"": 0, ""perspective_taking"": 0, ""questioning"": 2, ""reconsidering"": 0, ""reframing"": 0, ""remembering"": 0, ""response_modulation"": 0, ""self_questioning"": 0, ""situation_modification"": 0, ""situation_selection"": 0, ""suspending_judgment"": 0, ""understanding"": 1, ""updating_beliefs"": 2, ""zooming_in"": 0, ""zooming_out"": 0}","{""creating"": 0, ""attentional_deployment"": 0, ""self_questioning"": 0, ""emotion_facilitation"": 0, ""divergent_thinking"": 0, ""emotion_receiving"": 0, ""emotion_valuing"": 0, ""noticing"": 0, ""applying"": 0, ""emotion_understanding"": 0, ""meta_awareness"": 0, ""counterfactual_reasoning"": 0, ""abstracting"": 0, ""analyzing"": 0, ""questioning"": 0, ""situation_selection"": 0, ""understanding"": 0, ""cognition_awareness"": 0, ""perspective_taking"": 0, ""updating_beliefs"": 0, ""situation_modification"": 0, ""emotional_reappraisal"": 0, ""remembering"": 0, ""reconsidering"": 0, ""metacognitive_regulation"": 0, ""hypothesis_generation"": 0, ""suspending_judgment"": 0, ""accepting"": 0, ""concretizing"": 0, ""metacognitive_monitoring"": 0, ""evaluating"": 0, ""distinguishing"": 0, ""response_modulation"": 0, ""emotion_responding"": 0, ""emotion_perception"": 0, ""zooming_in"": 0, ""emotion_characterizing"": 0, ""emotion_management"": 0, ""connecting"": 0, ""reframing"": 0, ""emotion_organizing"": 0, ""convergent_thinking"": 0, ""analogical_thinking"": 0, ""pattern_recognition"": 0, ""zooming_out"": 0}","{""creating"": 0, ""attentional_deployment"": 0, ""self_questioning"": 0, ""emotion_facilitation"": 0, ""divergent_thinking"": 0, ""emotion_receiving"": 0, ""emotion_valuing"": 0, ""noticing"": 0, ""applying"": 0, ""emotion_understanding"": 0, ""meta_awareness"": 0, ""counterfactual_reasoning"": 0, ""abstracting"": 0, ""analyzing"": 0, ""questioning"": -1, ""situation_selection"": 0, ""understanding"": -2, ""cognition_awareness"": 0, ""perspective_taking"": 0, ""updating_beliefs"": 1, ""situation_modification"": 0, ""emotional_reappraisal"": 3, ""remembering"": 0, ""reconsidering"": 0, ""metacognitive_regulation"": 0, ""hypothesis_generation"": 0, ""suspending_judgment"": 0, ""accepting"": 0, ""concretizing"": 0, ""metacognitive_monitoring"": 0, ""evaluating"": 0, ""distinguishing"": 3, ""response_modulation"": 0, ""emotion_responding"": 0, ""emotion_perception"": -1, ""zooming_in"": 0, ""emotion_characterizing"": 0, ""emotion_management"": 0, ""connecting"": 0, ""reframing"": 0, ""emotion_organizing"": 0, ""convergent_thinking"": 0, ""analogical_thinking"": 0, ""pattern_recognition"": 0, ""zooming_out"": 0}",False
"Luka is a gardener working in a beautiful park in the middle of the city. Luka wants to water the plants in the park to ensure they stay healthy and vibrant. The sky is cloudy, and Luka assumes that it might rain soon. Luka believes that it will rain soon. However, the wind picks up and blows the clouds away, revealing a bright and sunny sky. Luka notices the clouds clearing and the sun shining.","Does Luka believe that it will rain soon, or does he think the weather has become sunny?",Luka believes the weather has become sunny.,Luka believes that it will rain soon.,"Luka believes that it will rain soon. He initially assumed rain based on the cloudy sky, and his belief persisted even as the clouds cleared.",False,"{""abstracting"": 0, ""accepting"": 0, ""analogical_thinking"": 0, ""analyzing"": 0, ""applying"": 0, ""attentional_deployment"": 0, ""cognition_awareness"": 0, ""concretizing"": 0, ""connecting"": 0, ""convergent_thinking"": 0, ""counterfactual_reasoning"": 0, ""creating"": 0, ""distinguishing"": 6, ""divergent_thinking"": 0, ""emotion_characterizing"": 0, ""emotion_facilitation"": 0, ""emotion_management"": 0, ""emotion_organizing"": 0, ""emotion_perception"": 1, ""emotion_receiving"": 0, ""emotion_responding"": 1, ""emotion_understanding"": 0, ""emotion_valuing"": 0, ""emotional_reappraisal"": 9, ""evaluating"": 0, ""hypothesis_generation"": 7, ""meta_awareness"": 0, ""metacognitive_monitoring"": 0, ""metacognitive_regulation"": 0, ""noticing"": 0, ""pattern_recognition"": 0, ""perspective_taking"": 0, ""questioning"": 1, ""reconsidering"": 0, ""reframing"": 0, ""remembering"": 0, ""response_modulation"": 0, ""self_questioning"": 0, ""situation_modification"": 0, ""situation_selection"": 0, ""suspending_judgment"": 0, ""understanding"": 0, ""updating_beliefs"": 0, ""zooming_in"": 0, ""zooming_out"": 0}","{""abstracting"": 0, ""accepting"": 0, ""analogical_thinking"": 0, ""analyzing"": 0, ""applying"": 0, ""attentional_deployment"": 0, ""cognition_awareness"": 0, ""concretizing"": 0, ""connecting"": 0, ""convergent_thinking"": 0, ""counterfactual_reasoning"": 0, ""creating"": 0, ""distinguishing"": 5, ""divergent_thinking"": 0, ""emotion_characterizing"": 0, ""emotion_facilitation"": 0, ""emotion_management"": 0, ""emotion_organizing"": 0, ""emotion_perception"": 0, ""emotion_receiving"": 0, ""emotion_responding"": 0, ""emotion_understanding"": 0, ""emotion_valuing"": 0, ""emotional_reappraisal"": 3, ""evaluating"": 0, ""hypothesis_generation"": 1, ""meta_awareness"": 0, ""metacognitive_monitoring"": 0, ""metacognitive_regulation"": 0, ""noticing"": 0, ""pattern_recognition"": 0, ""perspective_taking"": 0, ""questioning"": 2, ""reconsidering"": 0, ""reframing"": 0, ""remembering"": 0, ""response_modulation"": 0, ""self_questioning"": 0, ""situation_modification"": 0, ""situation_selection"": 0, ""suspending_judgment"": 0, ""understanding"": 1, ""updating_beliefs"": 0, ""zooming_in"": 0, ""zooming_out"": 0}","Luka initially believes that it will rain soon. However, as he observes the clouds clearing and the sun shining, his belief shifts to the weather becoming sunny. 

Therefore, the most accurate answer is: **Luka initially believes it will rain soon, but he realizes the weather has become sunny.**",False,"{""abstracting"": 0, ""accepting"": 0, ""analogical_thinking"": 0, ""analyzing"": 0, ""applying"": 0, ""attentional_deployment"": 0, ""cognition_awareness"": 0, ""concretizing"": 0, ""connecting"": 0, ""convergent_thinking"": 0, ""counterfactual_reasoning"": 0, ""creating"": 0, ""distinguishing"": 6, ""divergent_thinking"": 0, ""emotion_characterizing"": 0, ""emotion_facilitation"": 0, ""emotion_management"": 0, ""emotion_organizing"": 0, ""emotion_perception"": 1, ""emotion_receiving"": 0, ""emotion_responding"": 1, ""emotion_understanding"": 0, ""emotion_valuing"": 0, ""emotional_reappraisal"": 9, ""evaluating"": 0, ""hypothesis_generation"": 6, ""meta_awareness"": 0, ""metacognitive_monitoring"": 0, ""metacognitive_regulation"": 0, ""noticing"": 0, ""pattern_recognition"": 0, ""perspective_taking"": 0, ""questioning"": 1, ""reconsidering"": 0, ""reframing"": 0, ""remembering"": 0, ""response_modulation"": 0, ""self_questioning"": 0, ""situation_modification"": 0, ""situation_selection"": 0, ""suspending_judgment"": 0, ""understanding"": 0, ""updating_beliefs"": 0, ""zooming_in"": 0, ""zooming_out"": 0}","{""abstracting"": 0, ""accepting"": 0, ""analogical_thinking"": 0, ""analyzing"": 0, ""applying"": 0, ""attentional_deployment"": 0, ""cognition_awareness"": 0, ""concretizing"": 0, ""connecting"": 0, ""convergent_thinking"": 4, ""counterfactual_reasoning"": 0, ""creating"": 0, ""distinguishing"": 8, ""divergent_thinking"": 0, ""emotion_characterizing"": 0, ""emotion_facilitation"": 0, ""emotion_management"": 0, ""emotion_organizing"": 1, ""emotion_perception"": 0, ""emotion_receiving"": 0, ""emotion_responding"": 0, ""emotion_understanding"": 0, ""emotion_valuing"": 0, ""emotional_reappraisal"": 7, ""evaluating"": 0, ""hypothesis_generation"": 1, ""meta_awareness"": 0, ""metacognitive_monitoring"": 0, ""metacognitive_regulation"": 0, ""noticing"": 0, ""pattern_recognition"": 0, ""perspective_taking"": 0, ""questioning"": 1, ""reconsidering"": 0, ""reframing"": 0, ""remembering"": 0, ""response_modulation"": 0, ""self_questioning"": 0, ""situation_modification"": 0, ""situation_selection"": 0, ""suspending_judgment"": 0, ""understanding"": 0, ""updating_beliefs"": 5, ""zooming_in"": 0, ""zooming_out"": 0}","{""creating"": 0, ""attentional_deployment"": 0, ""self_questioning"": 0, ""emotion_facilitation"": 0, ""divergent_thinking"": 0, ""emotion_receiving"": 0, ""emotion_valuing"": 0, ""noticing"": 0, ""applying"": 0, ""emotion_understanding"": 0, ""meta_awareness"": 0, ""counterfactual_reasoning"": 0, ""abstracting"": 0, ""analyzing"": 0, ""questioning"": 0, ""situation_selection"": 0, ""understanding"": 0, ""cognition_awareness"": 0, ""perspective_taking"": 0, ""updating_beliefs"": 0, ""situation_modification"": 0, ""emotional_reappraisal"": 0, ""remembering"": 0, ""reconsidering"": 0, ""metacognitive_regulation"": 0, ""hypothesis_generation"": -1, ""suspending_judgment"": 0, ""accepting"": 0, ""concretizing"": 0, ""metacognitive_monitoring"": 0, ""evaluating"": 0, ""distinguishing"": 0, ""response_modulation"": 0, ""emotion_responding"": 0, ""emotion_perception"": 0, ""zooming_in"": 0, ""emotion_characterizing"": 0, ""emotion_management"": 0, ""connecting"": 0, ""reframing"": 0, ""emotion_organizing"": 0, ""convergent_thinking"": 0, ""analogical_thinking"": 0, ""pattern_recognition"": 0, ""zooming_out"": 0}","{""creating"": 0, ""attentional_deployment"": 0, ""self_questioning"": 0, ""emotion_facilitation"": 0, ""divergent_thinking"": 0, ""emotion_receiving"": 0, ""emotion_valuing"": 0, ""noticing"": 0, ""applying"": 0, ""emotion_understanding"": 0, ""meta_awareness"": 0, ""counterfactual_reasoning"": 0, ""abstracting"": 0, ""analyzing"": 0, ""questioning"": -1, ""situation_selection"": 0, ""understanding"": -1, ""cognition_awareness"": 0, ""perspective_taking"": 0, ""updating_beliefs"": 5, ""situation_modification"": 0, ""emotional_reappraisal"": 4, ""remembering"": 0, ""reconsidering"": 0, ""metacognitive_regulation"": 0, ""hypothesis_generation"": 0, ""suspending_judgment"": 0, ""accepting"": 0, ""concretizing"": 0, ""metacognitive_monitoring"": 0, ""evaluating"": 0, ""distinguishing"": 3, ""response_modulation"": 0, ""emotion_responding"": 0, ""emotion_perception"": 0, ""zooming_in"": 0, ""emotion_characterizing"": 0, ""emotion_management"": 0, ""connecting"": 0, ""reframing"": 0, ""emotion_organizing"": 1, ""convergent_thinking"": 4, ""analogical_thinking"": 0, ""pattern_recognition"": 0, ""zooming_out"": 0}",False
"Amaury is a baker in a small village in France. Amaury wants to make pain aux raisins, a pastry filled with raisins and custard, for the customers visiting his bakery. Amaury takes a jar of raisins from the pantry to add to the pastry dough. Amaury believes that the jar contains raisins. His assistant, while tidying the pantry, accidentally replaces the raisin jar with a jar containing sultanas without realizing the difference. Amaury notices the jar swap.",Does Amaury believe the jar contains raisins or sultanas?,Amaury believes the jar contains sultanas.,Amaury believes the jar contains raisins.,Amaury believes the jar contains raisins. The story states he “believes that the jar contains raisins.”,False,"{""abstracting"": 0, ""accepting"": 0, ""analogical_thinking"": 0, ""analyzing"": 0, ""applying"": 0, ""attentional_deployment"": 0, ""cognition_awareness"": 0, ""concretizing"": 0, ""connecting"": 0, ""convergent_thinking"": 0, ""counterfactual_reasoning"": 0, ""creating"": 0, ""distinguishing"": 5, ""divergent_thinking"": 0, ""emotion_characterizing"": 0, ""emotion_facilitation"": 0, ""emotion_management"": 0, ""emotion_organizing"": 0, ""emotion_perception"": 0, ""emotion_receiving"": 0, ""emotion_responding"": 0, ""emotion_understanding"": 0, ""emotion_valuing"": 0, ""emotional_reappraisal"": 9, ""evaluating"": 0, ""hypothesis_generation"": 6, ""meta_awareness"": 0, ""metacognitive_monitoring"": 0, ""metacognitive_regulation"": 0, ""noticing"": 0, ""pattern_recognition"": 1, ""perspective_taking"": 0, ""questioning"": 1, ""reconsidering"": 0, ""reframing"": 1, ""remembering"": 0, ""response_modulation"": 0, ""self_questioning"": 0, ""situation_modification"": 1, ""situation_selection"": 0, ""suspending_judgment"": 0, ""understanding"": 0, ""updating_beliefs"": 0, ""zooming_in"": 0, ""zooming_out"": 0}","{""abstracting"": 0, ""accepting"": 0, ""analogical_thinking"": 0, ""analyzing"": 0, ""applying"": 0, ""attentional_deployment"": 0, ""cognition_awareness"": 0, ""concretizing"": 0, ""connecting"": 0, ""convergent_thinking"": 1, ""counterfactual_reasoning"": 0, ""creating"": 0, ""distinguishing"": 6, ""divergent_thinking"": 0, ""emotion_characterizing"": 0, ""emotion_facilitation"": 0, ""emotion_management"": 0, ""emotion_organizing"": 0, ""emotion_perception"": 0, ""emotion_receiving"": 0, ""emotion_responding"": 0, ""emotion_understanding"": 0, ""emotion_valuing"": 0, ""emotional_reappraisal"": 3, ""evaluating"": 0, ""hypothesis_generation"": 3, ""meta_awareness"": 0, ""metacognitive_monitoring"": 0, ""metacognitive_regulation"": 0, ""noticing"": 0, ""pattern_recognition"": 0, ""perspective_taking"": 0, ""questioning"": 1, ""reconsidering"": 0, ""reframing"": 0, ""remembering"": 0, ""response_modulation"": 0, ""self_questioning"": 0, ""situation_modification"": 1, ""situation_selection"": 0, ""suspending_judgment"": 0, ""understanding"": 2, ""updating_beliefs"": 0, ""zooming_in"": 0, ""zooming_out"": 0}","Amaury believes the jar contains raisins. The story explicitly states that he *believes* the jar contains raisins, even though it’s been swapped with a jar of sultanas.",False,"{""abstracting"": 0, ""accepting"": 0, ""analogical_thinking"": 0, ""analyzing"": 0, ""applying"": 0, ""attentional_deployment"": 0, ""cognition_awareness"": 0, ""concretizing"": 0, ""connecting"": 0, ""convergent_thinking"": 0, ""counterfactual_reasoning"": 0, ""creating"": 0, ""distinguishing"": 6, ""divergent_thinking"": 0, ""emotion_characterizing"": 0, ""emotion_facilitation"": 0, ""emotion_management"": 0, ""emotion_organizing"": 0, ""emotion_perception"": 0, ""emotion_receiving"": 0, ""emotion_responding"": 0, ""emotion_understanding"": 0, ""emotion_valuing"": 0, ""emotional_reappraisal"": 9, ""evaluating"": 0, ""hypothesis_generation"": 6, ""meta_awareness"": 0, ""metacognitive_monitoring"": 0, ""metacognitive_regulation"": 0, ""noticing"": 0, ""pattern_recognition"": 1, ""perspective_taking"": 0, ""questioning"": 1, ""reconsidering"": 0, ""reframing"": 1, ""remembering"": 0, ""response_modulation"": 0, ""self_questioning"": 0, ""situation_modification"": 1, ""situation_selection"": 0, ""suspending_judgment"": 0, ""understanding"": 0, ""updating_beliefs"": 0, ""zooming_in"": 0, ""zooming_out"": 0}","{""abstracting"": 0, ""accepting"": 0, ""analogical_thinking"": 0, ""analyzing"": 0, ""applying"": 0, ""attentional_deployment"": 0, ""cognition_awareness"": 0, ""concretizing"": 0, ""connecting"": 0, ""convergent_thinking"": 1, ""counterfactual_reasoning"": 0, ""creating"": 0, ""distinguishing"": 5, ""divergent_thinking"": 0, ""emotion_characterizing"": 0, ""emotion_facilitation"": 0, ""emotion_management"": 0, ""emotion_organizing"": 0, ""emotion_perception"": 0, ""emotion_receiving"": 0, ""emotion_responding"": 0, ""emotion_understanding"": 0, ""emotion_valuing"": 0, ""emotional_reappraisal"": 7, ""evaluating"": 0, ""hypothesis_generation"": 0, ""meta_awareness"": 0, ""metacognitive_monitoring"": 0, ""metacognitive_regulation"": 0, ""noticing"": 0, ""pattern_recognition"": 0, ""perspective_taking"": 0, ""questioning"": 1, ""reconsidering"": 0, ""reframing"": 0, ""remembering"": 0, ""response_modulation"": 0, ""self_questioning"": 0, ""situation_modification"": 0, ""situation_selection"": 0, ""suspending_judgment"": 0, ""understanding"": 1, ""updating_beliefs"": 0, ""zooming_in"": 0, ""zooming_out"": 0}","{""creating"": 0, ""attentional_deployment"": 0, ""self_questioning"": 0, ""emotion_facilitation"": 0, ""divergent_thinking"": 0, ""emotion_receiving"": 0, ""emotion_valuing"": 0, ""noticing"": 0, ""applying"": 0, ""emotion_understanding"": 0, ""meta_awareness"": 0, ""counterfactual_reasoning"": 0, ""abstracting"": 0, ""analyzing"": 0, ""questioning"": 0, ""situation_selection"": 0, ""understanding"": 0, ""cognition_awareness"": 0, ""perspective_taking"": 0, ""updating_beliefs"": 0, ""situation_modification"": 0, ""emotional_reappraisal"": 0, ""remembering"": 0, ""reconsidering"": 0, ""metacognitive_regulation"": 0, ""hypothesis_generation"": 0, ""suspending_judgment"": 0, ""accepting"": 0, ""concretizing"": 0, ""metacognitive_monitoring"": 0, ""evaluating"": 0, ""distinguishing"": 1, ""response_modulation"": 0, ""emotion_responding"": 0, ""emotion_perception"": 0, ""zooming_in"": 0, ""emotion_characterizing"": 0, ""emotion_management"": 0, ""connecting"": 0, ""reframing"": 0, ""emotion_organizing"": 0, ""convergent_thinking"": 0, ""analogical_thinking"": 0, ""pattern_recognition"": 0, ""zooming_out"": 0}","{""creating"": 0, ""attentional_deployment"": 0, ""self_questioning"": 0, ""emotion_facilitation"": 0, ""divergent_thinking"": 0, ""emotion_receiving"": 0, ""emotion_valuing"": 0, ""noticing"": 0, ""applying"": 0, ""emotion_understanding"": 0, ""meta_awareness"": 0, ""counterfactual_reasoning"": 0, ""abstracting"": 0, ""analyzing"": 0, ""questioning"": 0, ""situation_selection"": 0, ""understanding"": -1, ""cognition_awareness"": 0, ""perspective_taking"": 0, ""updating_beliefs"": 0, ""situation_modification"": -1, ""emotional_reappraisal"": 4, ""remembering"": 0, ""reconsidering"": 0, ""metacognitive_regulation"": 0, ""hypothesis_generation"": -3, ""suspending_judgment"": 0, ""accepting"": 0, ""concretizing"": 0, ""metacognitive_monitoring"": 0, ""evaluating"": 0, ""distinguishing"": -1, ""response_modulation"": 0, ""emotion_responding"": 0, ""emotion_perception"": 0, ""zooming_in"": 0, ""emotion_characterizing"": 0, ""emotion_management"": 0, ""connecting"": 0, ""reframing"": 0, ""emotion_organizing"": 0, ""convergent_thinking"": 0, ""analogical_thinking"": 0, ""pattern_recognition"": 0, ""zooming_out"": 0}",False
